district,state,season_year,variety_key,variety_type,target_yield_loss_pct,target_actual_yield_kg_ha,target_damage_class,target_claim_recommendation,feat_bio_resilience_score,feat_soil_pH,feat_soil_al_sat_pct,feat_soil_al_hazard,feat_soil_acidity_stress,feat_soil_cec,feat_soil_soc,feat_soil_bulk_density,feat_soil_clay_pct,feat_composite_edaphic_stress,feat_GDD_P1_Emergence,feat_Rain_P1_Emergence,feat_GDD_P2_Vegetative,feat_Rain_P2_Vegetative,feat_GDD_P3_Flowering,feat_Rain_P3_Flowering,feat_GDD_P4_GrainFilling,feat_Rain_P4_GrainFilling,feat_EDD30_Flowering,feat_TerminalHeatDays_P4,feat_ConsecutiveDryDays_Reproductive,feat_TotalSeasonRain_mm,feat_CDAI_compound,feat_esm2_dim_00,feat_esm2_dim_01,feat_esm2_dim_02,feat_esm2_dim_03,feat_esm2_dim_04,feat_esm2_dim_05,feat_esm2_dim_06,feat_esm2_dim_07,feat_esm2_dim_08,feat_esm2_dim_09,feat_esm2_dim_10,feat_esm2_dim_11,feat_esm2_dim_12,feat_esm2_dim_13,feat_esm2_dim_14,feat_esm2_dim_15
Ranchi,Jharkhand,2008,ALMT1_Tolerant,Aluminium_Toxicity,10.989828155569398,2136.2441242663344,0,No Payout,0.88,4.8,58.0,0.6122222222222222,0.4666666666666668,11.2,5.4,1.48,28.0,0.5946666666666667,454.38170983692476,14.967630407751066,617.9662677632219,40.17800263569028,500.1036412650362,19.327178282989344,835.9516198642397,25.319803370915714,5.652799116610076,22,18,99.7926146973464,0.6704000000000001,-0.4537000060081482,-0.571183443069458,0.2712506353855133,0.5567675828933716,-0.11112017929553986,-0.12277822941541672,0.14524847269058228,0.11068610101938248,-0.07873772084712982,0.1910332292318344,0.48777616024017334,0.18675024807453156,0.05086051672697067,-0.2221333533525467,0.16239656507968903,0.13685879111289978
Ranchi,Jharkhand,2008,ALMT1_Sensitive,Aluminium_Toxicity,23.607016131193152,1833.4316128513644,1,Partial Claim (50%),0.32,4.8,58.0,0.6122222222222222,0.4666666666666668,11.2,5.4,1.48,28.0,0.5946666666666667,454.38170983692476,14.967630407751066,617.9662677632219,40.17800263569028,500.1036412650362,19.327178282989344,835.9516198642397,25.319803370915714,5.652799116610076,22,18,99.7926146973464,0.6704000000000001,-0.4094317853450775,-0.5999096632003784,0.296453058719635,0.5143894553184509,-0.11339632421731949,-0.11340825259685516,0.11905470490455627,0.011642052792012691,-0.14638188481330872,0.19061347842216492,0.42442217469215393,0.17834866046905518,0.07455034554004669,-0.14225496351718903,0.08594279736280441,0.12387453019618988
Ranchi,Jharkhand,2008,HSP70_Thermotolerant,Heat_Shock,14.352079531064522,2055.5500912544517,0,No Payout,0.85,4.8,58.0,0.6122222222222222,0.4666666666666668,11.2,5.4,1.48,28.0,0.5946666666666667,454.38170983692476,14.967630407751066,617.9662677632219,40.17800263569028,500.1036412650362,19.327178282989344,835.9516198642397,25.319803370915714,5.652799116610076,22,18,99.7926146973464,0.6704000000000001,-0.1781480759382248,-0.03567666932940483,0.004815968684852123,0.28925102949142456,0.2118031084537506,-0.06275853514671326,0.20612309873104095,-0.11461903154850006,-0.22532889246940613,-0.06398181617259979,0.082065150141716,0.05212364345788956,-0.17094039916992188,0.14735427498817444,0.1699899435043335,-0.22095514833927155
Ranchi,Jharkhand,2008,HSP70_Sensitive,Heat_Shock,20.711060618219612,1902.9345451627294,1,Partial Claim (50%),0.38,4.8,58.0,0.6122222222222222,0.4666666666666668,11.2,5.4,1.48,28.0,0.5946666666666667,454.38170983692476,14.967630407751066,617.9662677632219,40.17800263569028,500.1036412650362,19.327178282989344,835.9516198642397,25.319803370915714,5.652799116610076,22,18,99.7926146973464,0.6704000000000001,-0.20718370378017426,0.01853133924305439,0.09380441159009933,0.3055195212364197,0.16862349212169647,-0.09158311039209366,0.08950691670179367,-0.2243649810552597,-0.151502788066864,-0.10456757992506027,0.05769587308168411,-0.04112328216433525,-0.08085259795188904,0.1446770280599594,0.12276722490787506,-0.17694050073623657
Ranchi,Jharkhand,2009,ALMT1_Tolerant,Aluminium_Toxicity,6.247414098826594,2250.0620616281617,0,No Payout,0.88,4.8,58.0,0.6122222222222222,0.4666666666666668,11.2,5.4,1.48,28.0,0.5946666666666667,436.92330842203074,1.051414352591617,600.438453208756,16.66671499795616,494.6456007658811,17.104795165493282,836.2304739595722,3.7849797038302935,10.195078383345233,24,22,38.60790421987135,0.8193777777777779,-0.4537000060081482,-0.571183443069458,0.2712506353855133,0.5567675828933716,-0.11112017929553986,-0.12277822941541672,0.14524847269058228,0.11068610101938248,-0.07873772084712982,0.1910332292318344,0.48777616024017334,0.18675024807453156,0.05086051672697067,-0.2221333533525467,0.16239656507968903,0.13685879111289978
Ranchi,Jharkhand,2009,ALMT1_Sensitive,Aluminium_Toxicity,25.76079560918569,1781.7409053795434,1,Partial Claim (50%),0.32,4.8,58.0,0.6122222222222222,0.4666666666666668,11.2,5.4,1.48,28.0,0.5946666666666667,436.92330842203074,1.051414352591617,600.438453208756,16.66671499795616,494.6456007658811,17.104795165493282,836.2304739595722,3.7849797038302935,10.195078383345233,24,22,38.60790421987135,0.8193777777777779,-0.4094317853450775,-0.5999096632003784,0.296453058719635,0.5143894553184509,-0.11339632421731949,-0.11340825259685516,0.11905470490455627,0.011642052792012691,-0.14638188481330872,0.19061347842216492,0.42442217469215393,0.17834866046905518,0.07455034554004669,-0.14225496351718903,0.08594279736280441,0.12387453019618988
Ranchi,Jharkhand,2009,HSP70_Thermotolerant,Heat_Shock,10.902426522955782,2138.341763449061,0,No Payout,0.85,4.8,58.0,0.6122222222222222,0.4666666666666668,11.2,5.4,1.48,28.0,0.5946666666666667,436.92330842203074,1.051414352591617,600.438453208756,16.66671499795616,494.6456007658811,17.104795165493282,836.2304739595722,3.7849797038302935,10.195078383345233,24,22,38.60790421987135,0.8193777777777779,-0.1781480759382248,-0.03567666932940483,0.004815968684852123,0.28925102949142456,0.2118031084537506,-0.06275853514671326,0.20612309873104095,-0.11461903154850006,-0.22532889246940613,-0.06398181617259979,0.082065150141716,0.05212364345788956,-0.17094039916992188,0.14735427498817444,0.1699899435043335,-0.22095514833927155
Ranchi,Jharkhand,2009,HSP70_Sensitive,Heat_Shock,28.495687106304995,1716.1035094486801,1,Partial Claim (50%),0.38,4.8,58.0,0.6122222222222222,0.4666666666666668,11.2,5.4,1.48,28.0,0.5946666666666667,436.92330842203074,1.051414352591617,600.438453208756,16.66671499795616,494.6456007658811,17.104795165493282,836.2304739595722,3.7849797038302935,10.195078383345233,24,22,38.60790421987135,0.8193777777777779,-0.20718370378017426,0.01853133924305439,0.09380441159009933,0.3055195212364197,0.16862349212169647,-0.09158311039209366,0.08950691670179367,-0.2243649810552597,-0.151502788066864,-0.10456757992506027,0.05769587308168411,-0.04112328216433525,-0.08085259795188904,0.1446770280599594,0.12276722490787506,-0.17694050073623657
Ranchi,Jharkhand,2010,ALMT1_Tolerant,Aluminium_Toxicity,19.302503736814618,1936.7399103164494,1,Partial Claim (50%),0.88,4.8,58.0,0.6122222222222222,0.4666666666666668,11.2,5.4,1.48,28.0,0.5946666666666667,455.626554233521,59.77113346897082,610.0831782130073,95.77138663192247,520.5663203283523,83.11719072056118,908.772060657999,1.9477111179893307,28.95836199841384,34,19,240.6074219394438,0.7076444444444444,-0.4537000060081482,-0.571183443069458,0.2712506353855133,0.5567675828933716,-0.11112017929553986,-0.12277822941541672,0.14524847269058228,0.11068610101938248,-0.07873772084712982,0.1910332292318344,0.48777616024017334,0.18675024807453156,0.05086051672697067,-0.2221333533525467,0.16239656507968903,0.13685879111289978
Ranchi,Jharkhand,2010,ALMT1_Sensitive,Aluminium_Toxicity,31.981873509939714,1632.4350357614471,2,Full Claim (100%),0.32,4.8,58.0,0.6122222222222222,0.4666666666666668,11.2,5.4,1.48,28.0,0.5946666666666667,455.626554233521,59.77113346897082,610.0831782130073,95.77138663192247,520.5663203283523,83.11719072056118,908.772060657999,1.9477111179893307,28.95836199841384,34,19,240.6074219394438,0.7076444444444444,-0.4094317853450775,-0.5999096632003784,0.296453058719635,0.5143894553184509,-0.11339632421731949,-0.11340825259685516,0.11905470490455627,0.011642052792012691,-0.14638188481330872,0.19061347842216492,0.42442217469215393,0.17834866046905518,0.07455034554004669,-0.14225496351718903,0.08594279736280441,0.12387453019618988
Ranchi,Jharkhand,2010,HSP70_Thermotolerant,Heat_Shock,14.988508111257634,2040.2758053298166,0,No Payout,0.85,4.8,58.0,0.6122222222222222,0.4666666666666668,11.2,5.4,1.48,28.0,0.5946666666666667,455.626554233521,59.77113346897082,610.0831782130073,95.77138663192247,520.5663203283523,83.11719072056118,908.772060657999,1.9477111179893307,28.95836199841384,34,19,240.6074219394438,0.7076444444444444,-0.1781480759382248,-0.03567666932940483,0.004815968684852123,0.28925102949142456,0.2118031084537506,-0.06275853514671326,0.20612309873104095,-0.11461903154850006,-0.22532889246940613,-0.06398181617259979,0.082065150141716,0.05212364345788956,-0.17094039916992188,0.14735427498817444,0.1699899435043335,-0.22095514833927155
Ranchi,Jharkhand,2010,HSP70_Sensitive,Heat_Shock,30.761839753161457,1661.715845924125,2,Full Claim (100%),0.38,4.8,58.0,0.6122222222222222,0.4666666666666668,11.2,5.4,1.48,28.0,0.5946666666666667,455.626554233521,59.77113346897082,610.0831782130073,95.77138663192247,520.5663203283523,83.11719072056118,908.772060657999,1.9477111179893307,28.95836199841384,34,19,240.6074219394438,0.7076444444444444,-0.20718370378017426,0.01853133924305439,0.09380441159009933,0.3055195212364197,0.16862349212169647,-0.09158311039209366,0.08950691670179367,-0.2243649810552597,-0.151502788066864,-0.10456757992506027,0.05769587308168411,-0.04112328216433525,-0.08085259795188904,0.1446770280599594,0.12276722490787506,-0.17694050073623657
Ranchi,Jharkhand,2011,ALMT1_Tolerant,Aluminium_Toxicity,17.371980495739372,1983.072468102255,1,Partial Claim (50%),0.88,4.8,58.0,0.6122222222222222,0.4666666666666668,11.2,5.4,1.48,28.0,0.5946666666666667,435.74155151411594,0.0,611.7355809037603,27.00668541319132,501.1341173290375,6.911692772407146,837.1714055305797,64.4479646798755,12.619395822085483,23,20,98.36634286547397,0.7448888888888889,-0.4537000060081482,-0.571183443069458,0.2712506353855133,0.5567675828933716,-0.11112017929553986,-0.12277822941541672,0.14524847269058228,0.11068610101938248,-0.07873772084712982,0.1910332292318344,0.48777616024017334,0.18675024807453156,0.05086051672697067,-0.2221333533525467,0.16239656507968903,0.13685879111289978
Ranchi,Jharkhand,2011,ALMT1_Sensitive,Aluminium_Toxicity,28.13310261563239,1724.8055372248227,1,Partial Claim (50%),0.32,4.8,58.0,0.6122222222222222,0.4666666666666668,11.2,5.4,1.48,28.0,0.5946666666666667,435.74155151411594,0.0,611.7355809037603,27.00668541319132,501.1341173290375,6.911692772407146,837.1714055305797,64.4479646798755,12.619395822085483,23,20,98.36634286547397,0.7448888888888889,-0.4094317853450775,-0.5999096632003784,0.296453058719635,0.5143894553184509,-0.11339632421731949,-0.11340825259685516,0.11905470490455627,0.011642052792012691,-0.14638188481330872,0.19061347842216492,0.42442217469215393,0.17834866046905518,0.07455034554004669,-0.14225496351718903,0.08594279736280441,0.12387453019618988
Ranchi,Jharkhand,2011,HSP70_Thermotolerant,Heat_Shock,16.282663838574706,2009.216067874207,1,Partial Claim (50%),0.85,4.8,58.0,0.6122222222222222,0.4666666666666668,11.2,5.4,1.48,28.0,0.5946666666666667,435.74155151411594,0.0,611.7355809037603,27.00668541319132,501.1341173290375,6.911692772407146,837.1714055305797,64.4479646798755,12.619395822085483,23,20,98.36634286547397,0.7448888888888889,-0.1781480759382248,-0.03567666932940483,0.004815968684852123,0.28925102949142456,0.2118031084537506,-0.06275853514671326,0.20612309873104095,-0.11461903154850006,-0.22532889246940613,-0.06398181617259979,0.082065150141716,0.05212364345788956,-0.17094039916992188,0.14735427498817444,0.1699899435043335,-0.22095514833927155
Ranchi,Jharkhand,2011,HSP70_Sensitive,Heat_Shock,22.47470480579375,1860.6070846609502,1,Partial Claim (50%),0.38,4.8,58.0,0.6122222222222222,0.4666666666666668,11.2,5.4,1.48,28.0,0.5946666666666667,435.74155151411594,0.0,611.7355809037603,27.00668541319132,501.1341173290375,6.911692772407146,837.1714055305797,64.4479646798755,12.619395822085483,23,20,98.36634286547397,0.7448888888888889,-0.20718370378017426,0.01853133924305439,0.09380441159009933,0.3055195212364197,0.16862349212169647,-0.09158311039209366,0.08950691670179367,-0.2243649810552597,-0.151502788066864,-0.10456757992506027,0.05769587308168411,-0.04112328216433525,-0.08085259795188904,0.1446770280599594,0.12276722490787506,-0.17694050073623657
Ranchi,Jharkhand,2012,ALMT1_Tolerant,Aluminium_Toxicity,15.117269206838257,2037.185539035882,1,Partial Claim (50%),0.88,4.8,58.0,0.6122222222222222,0.4666666666666668,11.2,5.4,1.48,28.0,0.5946666666666667,452.9336082365861,53.27829663697558,609.248513599262,97.15174802925522,485.4267883094439,11.71890688657129,848.8784416634086,92.10664624936402,2.681509040166123,22,32,254.2555978021661,1.1918222222222223,-0.4537000060081482,-0.571183443069458,0.2712506353855133,0.5567675828933716,-0.11112017929553986,-0.12277822941541672,0.14524847269058228,0.11068610101938248,-0.07873772084712982,0.1910332292318344,0.48777616024017334,0.18675024807453156,0.05086051672697067,-0.2221333533525467,0.16239656507968903,0.13685879111289978
Ranchi,Jharkhand,2012,ALMT1_Sensitive,Aluminium_Toxicity,23.817701744375825,1828.37515813498,1,Partial Claim (50%),0.32,4.8,58.0,0.6122222222222222,0.4666666666666668,11.2,5.4,1.48,28.0,0.5946666666666667,452.9336082365861,53.27829663697558,609.248513599262,97.15174802925522,485.4267883094439,11.71890688657129,848.8784416634086,92.10664624936402,2.681509040166123,22,32,254.2555978021661,1.1918222222222223,-0.4094317853450775,-0.5999096632003784,0.296453058719635,0.5143894553184509,-0.11339632421731949,-0.11340825259685516,0.11905470490455627,0.011642052792012691,-0.14638188481330872,0.19061347842216492,0.42442217469215393,0.17834866046905518,0.07455034554004669,-0.14225496351718903,0.08594279736280441,0.12387453019618988
Ranchi,Jharkhand,2012,HSP70_Thermotolerant,Heat_Shock,12.750776866732345,2093.981355198424,0,No Payout,0.85,4.8,58.0,0.6122222222222222,0.4666666666666668,11.2,5.4,1.48,28.0,0.5946666666666667,452.9336082365861,53.27829663697558,609.248513599262,97.15174802925522,485.4267883094439,11.71890688657129,848.8784416634086,92.10664624936402,2.681509040166123,22,32,254.2555978021661,1.1918222222222223,-0.1781480759382248,-0.03567666932940483,0.004815968684852123,0.28925102949142456,0.2118031084537506,-0.06275853514671326,0.20612309873104095,-0.11461903154850006,-0.22532889246940613,-0.06398181617259979,0.082065150141716,0.05212364345788956,-0.17094039916992188,0.14735427498817444,0.1699899435043335,-0.22095514833927155
Ranchi,Jharkhand,2012,HSP70_Sensitive,Heat_Shock,21.66031248592022,1880.1525003379147,1,Partial Claim (50%),0.38,4.8,58.0,0.6122222222222222,0.4666666666666668,11.2,5.4,1.48,28.0,0.5946666666666667,452.9336082365861,53.27829663697558,609.248513599262,97.15174802925522,485.4267883094439,11.71890688657129,848.8784416634086,92.10664624936402,2.681509040166123,22,32,254.2555978021661,1.1918222222222223,-0.20718370378017426,0.01853133924305439,0.09380441159009933,0.3055195212364197,0.16862349212169647,-0.09158311039209366,0.08950691670179367,-0.2243649810552597,-0.151502788066864,-0.10456757992506027,0.05769587308168411,-0.04112328216433525,-0.08085259795188904,0.1446770280599594,0.12276722490787506,-0.17694050073623657
Ranchi,Jharkhand,2013,ALMT1_Tolerant,Aluminium_Toxicity,7.3353427511961335,2223.951773971293,0,No Payout,0.88,4.8,58.0,0.6122222222222222,0.4666666666666668,11.2,5.4,1.48,28.0,0.5946666666666667,451.6659593019661,8.949696761737332,599.5252191701142,6.923917936119975,502.05789562035915,23.891748834646833,843.5791178592365,52.48824758174743,8.586682945843052,24,23,92.25361111425156,0.8566222222222222,-0.4537000060081482,-0.571183443069458,0.2712506353855133,0.5567675828933716,-0.11112017929553986,-0.12277822941541672,0.14524847269058228,0.11068610101938248,-0.07873772084712982,0.1910332292318344,0.48777616024017334,0.18675024807453156,0.05086051672697067,-0.2221333533525467,0.16239656507968903,0.13685879111289978
Ranchi,Jharkhand,2013,ALMT1_Sensitive,Aluminium_Toxicity,22.25764509130213,1865.816517808749,1,Partial Claim (50%),0.32,4.8,58.0,0.6122222222222222,0.4666666666666668,11.2,5.4,1.48,28.0,0.5946666666666667,451.6659593019661,8.949696761737332,599.5252191701142,6.923917936119975,502.05789562035915,23.891748834646833,843.5791178592365,52.48824758174743,8.586682945843052,24,23,92.25361111425156,0.8566222222222222,-0.4094317853450775,-0.5999096632003784,0.296453058719635,0.5143894553184509,-0.11339632421731949,-0.11340825259685516,0.11905470490455627,0.011642052792012691,-0.14638188481330872,0.19061347842216492,0.42442217469215393,0.17834866046905518,0.07455034554004669,-0.14225496351718903,0.08594279736280441,0.12387453019618988
Ranchi,Jharkhand,2013,HSP70_Thermotolerant,Heat_Shock,11.70839913879634,2118.998420668888,0,No Payout,0.85,4.8,58.0,0.6122222222222222,0.4666666666666668,11.2,5.4,1.48,28.0,0.5946666666666667,451.6659593019661,8.949696761737332,599.5252191701142,6.923917936119975,502.05789562035915,23.891748834646833,843.5791178592365,52.48824758174743,8.586682945843052,24,23,92.25361111425156,0.8566222222222222,-0.1781480759382248,-0.03567666932940483,0.004815968684852123,0.28925102949142456,0.2118031084537506,-0.06275853514671326,0.20612309873104095,-0.11461903154850006,-0.22532889246940613,-0.06398181617259979,0.082065150141716,0.05212364345788956,-0.17094039916992188,0.14735427498817444,0.1699899435043335,-0.22095514833927155
Ranchi,Jharkhand,2013,HSP70_Sensitive,Heat_Shock,20.55618705446014,1906.6515106929567,1,Partial Claim (50%),0.38,4.8,58.0,0.6122222222222222,0.4666666666666668,11.2,5.4,1.48,28.0,0.5946666666666667,451.6659593019661,8.949696761737332,599.5252191701142,6.923917936119975,502.05789562035915,23.891748834646833,843.5791178592365,52.48824758174743,8.586682945843052,24,23,92.25361111425156,0.8566222222222222,-0.20718370378017426,0.01853133924305439,0.09380441159009933,0.3055195212364197,0.16862349212169647,-0.09158311039209366,0.08950691670179367,-0.2243649810552597,-0.151502788066864,-0.10456757992506027,0.05769587308168411,-0.04112328216433525,-0.08085259795188904,0.1446770280599594,0.12276722490787506,-0.17694050073623657
Ranchi,Jharkhand,2014,ALMT1_Tolerant,Aluminium_Toxicity,12.30655345214247,2104.6427171485807,0,No Payout,0.88,4.8,58.0,0.6122222222222222,0.4666666666666668,11.2,5.4,1.48,28.0,0.5946666666666667,450.2904462671959,25.940889813495275,615.6036562857513,48.44194046756098,501.675106871602,13.784214659722995,843.93734383271,22.524948377695495,11.006979025477204,23,21,110.69199331847474,0.7821333333333335,-0.4537000060081482,-0.571183443069458,0.2712506353855133,0.5567675828933716,-0.11112017929553986,-0.12277822941541672,0.14524847269058228,0.11068610101938248,-0.07873772084712982,0.1910332292318344,0.48777616024017334,0.18675024807453156,0.05086051672697067,-0.2221333533525467,0.16239656507968903,0.13685879111289978
Ranchi,Jharkhand,2014,ALMT1_Sensitive,Aluminium_Toxicity,21.22239186197355,1890.662595312635,1,Partial Claim (50%),0.32,4.8,58.0,0.6122222222222222,0.4666666666666668,11.2,5.4,1.48,28.0,0.5946666666666667,450.2904462671959,25.940889813495275,615.6036562857513,48.44194046756098,501.675106871602,13.784214659722995,843.93734383271,22.524948377695495,11.006979025477204,23,21,110.69199331847474,0.7821333333333335,-0.4094317853450775,-0.5999096632003784,0.296453058719635,0.5143894553184509,-0.11339632421731949,-0.11340825259685516,0.11905470490455627,0.011642052792012691,-0.14638188481330872,0.19061347842216492,0.42442217469215393,0.17834866046905518,0.07455034554004669,-0.14225496351718903,0.08594279736280441,0.12387453019618988
Ranchi,Jharkhand,2014,HSP70_Thermotolerant,Heat_Shock,18.77347022102232,1949.4367146954644,1,Partial Claim (50%),0.85,4.8,58.0,0.6122222222222222,0.4666666666666668,11.2,5.4,1.48,28.0,0.5946666666666667,450.2904462671959,25.940889813495275,615.6036562857513,48.44194046756098,501.675106871602,13.784214659722995,843.93734383271,22.524948377695495,11.006979025477204,23,21,110.69199331847474,0.7821333333333335,-0.1781480759382248,-0.03567666932940483,0.004815968684852123,0.28925102949142456,0.2118031084537506,-0.06275853514671326,0.20612309873104095,-0.11461903154850006,-0.22532889246940613,-0.06398181617259979,0.082065150141716,0.05212364345788956,-0.17094039916992188,0.14735427498817444,0.1699899435043335,-0.22095514833927155
Ranchi,Jharkhand,2014,HSP70_Sensitive,Heat_Shock,26.039339645212817,1775.0558485148924,1,Partial Claim (50%),0.38,4.8,58.0,0.6122222222222222,0.4666666666666668,11.2,5.4,1.48,28.0,0.5946666666666667,450.2904462671959,25.940889813495275,615.6036562857513,48.44194046756098,501.675106871602,13.784214659722995,843.93734383271,22.524948377695495,11.006979025477204,23,21,110.69199331847474,0.7821333333333335,-0.20718370378017426,0.01853133924305439,0.09380441159009933,0.3055195212364197,0.16862349212169647,-0.09158311039209366,0.08950691670179367,-0.2243649810552597,-0.151502788066864,-0.10456757992506027,0.05769587308168411,-0.04112328216433525,-0.08085259795188904,0.1446770280599594,0.12276722490787506,-0.17694050073623657
Ranchi,Jharkhand,2015,ALMT1_Tolerant,Aluminium_Toxicity,11.78979513738591,2117.044916702738,0,No Payout,0.88,4.8,58.0,0.6122222222222222,0.4666666666666668,11.2,5.4,1.48,28.0,0.5946666666666667,449.7807504327453,54.6772165782462,599.1799233757998,92.71627823021676,506.17669205352735,28.614221809053465,823.2626884712655,24.604745266325814,11.64350389464563,18,23,200.61246188384226,0.8566222222222222,-0.4537000060081482,-0.571183443069458,0.2712506353855133,0.5567675828933716,-0.11112017929553986,-0.12277822941541672,0.14524847269058228,0.11068610101938248,-0.07873772084712982,0.1910332292318344,0.48777616024017334,0.18675024807453156,0.05086051672697067,-0.2221333533525467,0.16239656507968903,0.13685879111289978
Ranchi,Jharkhand,2015,ALMT1_Sensitive,Aluminium_Toxicity,23.892269979499975,1826.5855204920006,1,Partial Claim (50%),0.32,4.8,58.0,0.6122222222222222,0.4666666666666668,11.2,5.4,1.48,28.0,0.5946666666666667,449.7807504327453,54.6772165782462,599.1799233757998,92.71627823021676,506.17669205352735,28.614221809053465,823.2626884712655,24.604745266325814,11.64350389464563,18,23,200.61246188384226,0.8566222222222222,-0.4094317853450775,-0.5999096632003784,0.296453058719635,0.5143894553184509,-0.11339632421731949,-0.11340825259685516,0.11905470490455627,0.011642052792012691,-0.14638188481330872,0.19061347842216492,0.42442217469215393,0.17834866046905518,0.07455034554004669,-0.14225496351718903,0.08594279736280441,0.12387453019618988
Ranchi,Jharkhand,2015,HSP70_Thermotolerant,Heat_Shock,12.812900402708504,2092.490390334996,0,No Payout,0.85,4.8,58.0,0.6122222222222222,0.4666666666666668,11.2,5.4,1.48,28.0,0.5946666666666667,449.7807504327453,54.6772165782462,599.1799233757998,92.71627823021676,506.17669205352735,28.614221809053465,823.2626884712655,24.604745266325814,11.64350389464563,18,23,200.61246188384226,0.8566222222222222,-0.1781480759382248,-0.03567666932940483,0.004815968684852123,0.28925102949142456,0.2118031084537506,-0.06275853514671326,0.20612309873104095,-0.11461903154850006,-0.22532889246940613,-0.06398181617259979,0.082065150141716,0.05212364345788956,-0.17094039916992188,0.14735427498817444,0.1699899435043335,-0.22095514833927155
Ranchi,Jharkhand,2015,HSP70_Sensitive,Heat_Shock,25.35390410746589,1791.5063014208185,1,Partial Claim (50%),0.38,4.8,58.0,0.6122222222222222,0.4666666666666668,11.2,5.4,1.48,28.0,0.5946666666666667,449.7807504327453,54.6772165782462,599.1799233757998,92.71627823021676,506.17669205352735,28.614221809053465,823.2626884712655,24.604745266325814,11.64350389464563,18,23,200.61246188384226,0.8566222222222222,-0.20718370378017426,0.01853133924305439,0.09380441159009933,0.3055195212364197,0.16862349212169647,-0.09158311039209366,0.08950691670179367,-0.2243649810552597,-0.151502788066864,-0.10456757992506027,0.05769587308168411,-0.04112328216433525,-0.08085259795188904,0.1446770280599594,0.12276722490787506,-0.17694050073623657
Ranchi,Jharkhand,2016,ALMT1_Tolerant,Aluminium_Toxicity,15.391777250371716,2030.5973459910788,1,Partial Claim (50%),0.88,4.8,58.0,0.6122222222222222,0.4666666666666668,11.2,5.4,1.48,28.0,0.5946666666666667,447.159109179165,19.76972734921391,603.7573203453851,60.389237921259124,517.7452491956301,4.729975449835777,896.3985984142554,59.50321662014451,23.80144066011018,32,21,144.3921573404533,0.7821333333333335,-0.4537000060081482,-0.571183443069458,0.2712506353855133,0.5567675828933716,-0.11112017929553986,-0.12277822941541672,0.14524847269058228,0.11068610101938248,-0.07873772084712982,0.1910332292318344,0.48777616024017334,0.18675024807453156,0.05086051672697067,-0.2221333533525467,0.16239656507968903,0.13685879111289978
Ranchi,Jharkhand,2016,ALMT1_Sensitive,Aluminium_Toxicity,31.67340748626287,1639.838220329691,2,Full Claim (100%),0.32,4.8,58.0,0.6122222222222222,0.4666666666666668,11.2,5.4,1.48,28.0,0.5946666666666667,447.159109179165,19.76972734921391,603.7573203453851,60.389237921259124,517.7452491956301,4.729975449835777,896.3985984142554,59.50321662014451,23.80144066011018,32,21,144.3921573404533,0.7821333333333335,-0.4094317853450775,-0.5999096632003784,0.296453058719635,0.5143894553184509,-0.11339632421731949,-0.11340825259685516,0.11905470490455627,0.011642052792012691,-0.14638188481330872,0.19061347842216492,0.42442217469215393,0.17834866046905518,0.07455034554004669,-0.14225496351718903,0.08594279736280441,0.12387453019618988
Ranchi,Jharkhand,2016,HSP70_Thermotolerant,Heat_Shock,14.695811979145185,2047.3005125005157,0,No Payout,0.85,4.8,58.0,0.6122222222222222,0.4666666666666668,11.2,5.4,1.48,28.0,0.5946666666666667,447.159109179165,19.76972734921391,603.7573203453851,60.389237921259124,517.7452491956301,4.729975449835777,896.3985984142554,59.50321662014451,23.80144066011018,32,21,144.3921573404533,0.7821333333333335,-0.1781480759382248,-0.03567666932940483,0.004815968684852123,0.28925102949142456,0.2118031084537506,-0.06275853514671326,0.20612309873104095,-0.11461903154850006,-0.22532889246940613,-0.06398181617259979,0.082065150141716,0.05212364345788956,-0.17094039916992188,0.14735427498817444,0.1699899435043335,-0.22095514833927155
Ranchi,Jharkhand,2016,HSP70_Sensitive,Heat_Shock,28.093778584958496,1725.749313960996,1,Partial Claim (50%),0.38,4.8,58.0,0.6122222222222222,0.4666666666666668,11.2,5.4,1.48,28.0,0.5946666666666667,447.159109179165,19.76972734921391,603.7573203453851,60.389237921259124,517.7452491956301,4.729975449835777,896.3985984142554,59.50321662014451,23.80144066011018,32,21,144.3921573404533,0.7821333333333335,-0.20718370378017426,0.01853133924305439,0.09380441159009933,0.3055195212364197,0.16862349212169647,-0.09158311039209366,0.08950691670179367,-0.2243649810552597,-0.151502788066864,-0.10456757992506027,0.05769587308168411,-0.04112328216433525,-0.08085259795188904,0.1446770280599594,0.12276722490787506,-0.17694050073623657
Ranchi,Jharkhand,2017,ALMT1_Tolerant,Aluminium_Toxicity,6.897698928893147,2234.4552257065643,0,No Payout,0.88,4.8,58.0,0.6122222222222222,0.4666666666666668,11.2,5.4,1.48,28.0,0.5946666666666667,442.91797648749167,35.54984487539201,600.7251402165707,39.63459366100875,510.44052917861916,1.3105859507739828,844.831929635545,34.703569932384916,7.513624923849761,24,27,111.19859441955967,1.0056,-0.4537000060081482,-0.571183443069458,0.2712506353855133,0.5567675828933716,-0.11112017929553986,-0.12277822941541672,0.14524847269058228,0.11068610101938248,-0.07873772084712982,0.1910332292318344,0.48777616024017334,0.18675024807453156,0.05086051672697067,-0.2221333533525467,0.16239656507968903,0.13685879111289978
Ranchi,Jharkhand,2017,ALMT1_Sensitive,Aluminium_Toxicity,28.347747476788925,1719.6540605570658,1,Partial Claim (50%),0.32,4.8,58.0,0.6122222222222222,0.4666666666666668,11.2,5.4,1.48,28.0,0.5946666666666667,442.91797648749167,35.54984487539201,600.7251402165707,39.63459366100875,510.44052917861916,1.3105859507739828,844.831929635545,34.703569932384916,7.513624923849761,24,27,111.19859441955967,1.0056,-0.4094317853450775,-0.5999096632003784,0.296453058719635,0.5143894553184509,-0.11339632421731949,-0.11340825259685516,0.11905470490455627,0.011642052792012691,-0.14638188481330872,0.19061347842216492,0.42442217469215393,0.17834866046905518,0.07455034554004669,-0.14225496351718903,0.08594279736280441,0.12387453019618988
Ranchi,Jharkhand,2017,HSP70_Thermotolerant,Heat_Shock,12.205740266528812,2107.0622336033084,0,No Payout,0.85,4.8,58.0,0.6122222222222222,0.4666666666666668,11.2,5.4,1.48,28.0,0.5946666666666667,442.91797648749167,35.54984487539201,600.7251402165707,39.63459366100875,510.44052917861916,1.3105859507739828,844.831929635545,34.703569932384916,7.513624923849761,24,27,111.19859441955967,1.0056,-0.1781480759382248,-0.03567666932940483,0.004815968684852123,0.28925102949142456,0.2118031084537506,-0.06275853514671326,0.20612309873104095,-0.11461903154850006,-0.22532889246940613,-0.06398181617259979,0.082065150141716,0.05212364345788956,-0.17094039916992188,0.14735427498817444,0.1699899435043335,-0.22095514833927155
Ranchi,Jharkhand,2017,HSP70_Sensitive,Heat_Shock,25.668451537548837,1783.9571630988278,1,Partial Claim (50%),0.38,4.8,58.0,0.6122222222222222,0.4666666666666668,11.2,5.4,1.48,28.0,0.5946666666666667,442.91797648749167,35.54984487539201,600.7251402165707,39.63459366100875,510.44052917861916,1.3105859507739828,844.831929635545,34.703569932384916,7.513624923849761,24,27,111.19859441955967,1.0056,-0.20718370378017426,0.01853133924305439,0.09380441159009933,0.3055195212364197,0.16862349212169647,-0.09158311039209366,0.08950691670179367,-0.2243649810552597,-0.151502788066864,-0.10456757992506027,0.05769587308168411,-0.04112328216433525,-0.08085259795188904,0.1446770280599594,0.12276722490787506,-0.17694050073623657
Ranchi,Jharkhand,2018,ALMT1_Tolerant,Aluminium_Toxicity,18.537183567515036,1955.107594379639,1,Partial Claim (50%),0.88,4.8,58.0,0.6122222222222222,0.4666666666666668,11.2,5.4,1.48,28.0,0.5946666666666667,445.7649536622212,32.02088605309425,618.3194777699657,0.3351802161734432,503.4640091226163,2.099930666923573,832.6591125095646,53.10343094615736,7.195053217133015,24,36,87.55942788234861,1.3408000000000002,-0.4537000060081482,-0.571183443069458,0.2712506353855133,0.5567675828933716,-0.11112017929553986,-0.12277822941541672,0.14524847269058228,0.11068610101938248,-0.07873772084712982,0.1910332292318344,0.48777616024017334,0.18675024807453156,0.05086051672697067,-0.2221333533525467,0.16239656507968903,0.13685879111289978
Ranchi,Jharkhand,2018,ALMT1_Sensitive,Aluminium_Toxicity,31.486902094177292,1644.314349739745,2,Full Claim (100%),0.32,4.8,58.0,0.6122222222222222,0.4666666666666668,11.2,5.4,1.48,28.0,0.5946666666666667,445.7649536622212,32.02088605309425,618.3194777699657,0.3351802161734432,503.4640091226163,2.099930666923573,832.6591125095646,53.10343094615736,7.195053217133015,24,36,87.55942788234861,1.3408000000000002,-0.4094317853450775,-0.5999096632003784,0.296453058719635,0.5143894553184509,-0.11339632421731949,-0.11340825259685516,0.11905470490455627,0.011642052792012691,-0.14638188481330872,0.19061347842216492,0.42442217469215393,0.17834866046905518,0.07455034554004669,-0.14225496351718903,0.08594279736280441,0.12387453019618988
Ranchi,Jharkhand,2018,HSP70_Thermotolerant,Heat_Shock,15.587784517713485,2025.8931715748763,1,Partial Claim (50%),0.85,4.8,58.0,0.6122222222222222,0.4666666666666668,11.2,5.4,1.48,28.0,0.5946666666666667,445.7649536622212,32.02088605309425,618.3194777699657,0.3351802161734432,503.4640091226163,2.099930666923573,832.6591125095646,53.10343094615736,7.195053217133015,24,36,87.55942788234861,1.3408000000000002,-0.1781480759382248,-0.03567666932940483,0.004815968684852123,0.28925102949142456,0.2118031084537506,-0.06275853514671326,0.20612309873104095,-0.11461903154850006,-0.22532889246940613,-0.06398181617259979,0.082065150141716,0.05212364345788956,-0.17094039916992188,0.14735427498817444,0.1699899435043335,-0.22095514833927155
Ranchi,Jharkhand,2018,HSP70_Sensitive,Heat_Shock,23.257109947202967,1841.8293612671287,1,Partial Claim (50%),0.38,4.8,58.0,0.6122222222222222,0.4666666666666668,11.2,5.4,1.48,28.0,0.5946666666666667,445.7649536622212,32.02088605309425,618.3194777699657,0.3351802161734432,503.4640091226163,2.099930666923573,832.6591125095646,53.10343094615736,7.195053217133015,24,36,87.55942788234861,1.3408000000000002,-0.20718370378017426,0.01853133924305439,0.09380441159009933,0.3055195212364197,0.16862349212169647,-0.09158311039209366,0.08950691670179367,-0.2243649810552597,-0.151502788066864,-0.10456757992506027,0.05769587308168411,-0.04112328216433525,-0.08085259795188904,0.1446770280599594,0.12276722490787506,-0.17694050073623657
Ranchi,Jharkhand,2019,ALMT1_Tolerant,Aluminium_Toxicity,9.314185323360281,2176.4595522393533,0,No Payout,0.88,4.8,58.0,0.6122222222222222,0.4666666666666668,11.2,5.4,1.48,28.0,0.5946666666666667,448.87611866931064,1.6156543794225302,605.8951178429502,26.998839303421605,507.5777306395563,64.57225560141161,831.8419841061341,25.12755965363235,5.912393708048285,22,16,118.31430893788809,0.5959111111111112,-0.4537000060081482,-0.571183443069458,0.2712506353855133,0.5567675828933716,-0.11112017929553986,-0.12277822941541672,0.14524847269058228,0.11068610101938248,-0.07873772084712982,0.1910332292318344,0.48777616024017334,0.18675024807453156,0.05086051672697067,-0.2221333533525467,0.16239656507968903,0.13685879111289978
Ranchi,Jharkhand,2019,ALMT1_Sensitive,Aluminium_Toxicity,22.532558523785813,1859.2185954291404,1,Partial Claim (50%),0.32,4.8,58.0,0.6122222222222222,0.4666666666666668,11.2,5.4,1.48,28.0,0.5946666666666667,448.87611866931064,1.6156543794225302,605.8951178429502,26.998839303421605,507.5777306395563,64.57225560141161,831.8419841061341,25.12755965363235,5.912393708048285,22,16,118.31430893788809,0.5959111111111112,-0.4094317853450775,-0.5999096632003784,0.296453058719635,0.5143894553184509,-0.11339632421731949,-0.11340825259685516,0.11905470490455627,0.011642052792012691,-0.14638188481330872,0.19061347842216492,0.42442217469215393,0.17834866046905518,0.07455034554004669,-0.14225496351718903,0.08594279736280441,0.12387453019618988
Ranchi,Jharkhand,2019,HSP70_Thermotolerant,Heat_Shock,9.430208858189443,2173.6749874034535,0,No Payout,0.85,4.8,58.0,0.6122222222222222,0.4666666666666668,11.2,5.4,1.48,28.0,0.5946666666666667,448.87611866931064,1.6156543794225302,605.8951178429502,26.998839303421605,507.5777306395563,64.57225560141161,831.8419841061341,25.12755965363235,5.912393708048285,22,16,118.31430893788809,0.5959111111111112,-0.1781480759382248,-0.03567666932940483,0.004815968684852123,0.28925102949142456,0.2118031084537506,-0.06275853514671326,0.20612309873104095,-0.11461903154850006,-0.22532889246940613,-0.06398181617259979,0.082065150141716,0.05212364345788956,-0.17094039916992188,0.14735427498817444,0.1699899435043335,-0.22095514833927155
Ranchi,Jharkhand,2019,HSP70_Sensitive,Heat_Shock,24.509760921204215,1811.7657378910988,1,Partial Claim (50%),0.38,4.8,58.0,0.6122222222222222,0.4666666666666668,11.2,5.4,1.48,28.0,0.5946666666666667,448.87611866931064,1.6156543794225302,605.8951178429502,26.998839303421605,507.5777306395563,64.57225560141161,831.8419841061341,25.12755965363235,5.912393708048285,22,16,118.31430893788809,0.5959111111111112,-0.20718370378017426,0.01853133924305439,0.09380441159009933,0.3055195212364197,0.16862349212169647,-0.09158311039209366,0.08950691670179367,-0.2243649810552597,-0.151502788066864,-0.10456757992506027,0.05769587308168411,-0.04112328216433525,-0.08085259795188904,0.1446770280599594,0.12276722490787506,-0.17694050073623657
Ranchi,Jharkhand,2020,ALMT1_Tolerant,Aluminium_Toxicity,10.04320896632889,2158.9629848081067,0,No Payout,0.88,4.8,58.0,0.6122222222222222,0.4666666666666668,11.2,5.4,1.48,28.0,0.5946666666666667,436.7514105686772,0.0,605.8106073148125,117.49135274554497,505.6029558685534,37.03588002063394,835.9017390959336,19.419252431964946,10.20677281123141,22,20,173.94648519814385,0.7448888888888889,-0.4537000060081482,-0.571183443069458,0.2712506353855133,0.5567675828933716,-0.11112017929553986,-0.12277822941541672,0.14524847269058228,0.11068610101938248,-0.07873772084712982,0.1910332292318344,0.48777616024017334,0.18675024807453156,0.05086051672697067,-0.2221333533525467,0.16239656507968903,0.13685879111289978
Ranchi,Jharkhand,2020,ALMT1_Sensitive,Aluminium_Toxicity,25.844829056962475,1779.7241026329004,1,Partial Claim (50%),0.32,4.8,58.0,0.6122222222222222,0.4666666666666668,11.2,5.4,1.48,28.0,0.5946666666666667,436.7514105686772,0.0,605.8106073148125,117.49135274554497,505.6029558685534,37.03588002063394,835.9017390959336,19.419252431964946,10.20677281123141,22,20,173.94648519814385,0.7448888888888889,-0.4094317853450775,-0.5999096632003784,0.296453058719635,0.5143894553184509,-0.11339632421731949,-0.11340825259685516,0.11905470490455627,0.011642052792012691,-0.14638188481330872,0.19061347842216492,0.42442217469215393,0.17834866046905518,0.07455034554004669,-0.14225496351718903,0.08594279736280441,0.12387453019618988
Ranchi,Jharkhand,2020,HSP70_Thermotolerant,Heat_Shock,13.611550330876982,2073.3227920589525,0,No Payout,0.85,4.8,58.0,0.6122222222222222,0.4666666666666668,11.2,5.4,1.48,28.0,0.5946666666666667,436.7514105686772,0.0,605.8106073148125,117.49135274554497,505.6029558685534,37.03588002063394,835.9017390959336,19.419252431964946,10.20677281123141,22,20,173.94648519814385,0.7448888888888889,-0.1781480759382248,-0.03567666932940483,0.004815968684852123,0.28925102949142456,0.2118031084537506,-0.06275853514671326,0.20612309873104095,-0.11461903154850006,-0.22532889246940613,-0.06398181617259979,0.082065150141716,0.05212364345788956,-0.17094039916992188,0.14735427498817444,0.1699899435043335,-0.22095514833927155
Ranchi,Jharkhand,2020,HSP70_Sensitive,Heat_Shock,21.017758445857048,1895.573797299431,1,Partial Claim (50%),0.38,4.8,58.0,0.6122222222222222,0.4666666666666668,11.2,5.4,1.48,28.0,0.5946666666666667,436.7514105686772,0.0,605.8106073148125,117.49135274554497,505.6029558685534,37.03588002063394,835.9017390959336,19.419252431964946,10.20677281123141,22,20,173.94648519814385,0.7448888888888889,-0.20718370378017426,0.01853133924305439,0.09380441159009933,0.3055195212364197,0.16862349212169647,-0.09158311039209366,0.08950691670179367,-0.2243649810552597,-0.151502788066864,-0.10456757992506027,0.05769587308168411,-0.04112328216433525,-0.08085259795188904,0.1446770280599594,0.12276722490787506,-0.17694050073623657
Ranchi,Jharkhand,2021,ALMT1_Tolerant,Aluminium_Toxicity,17.81963655172208,1972.32872275867,1,Partial Claim (50%),0.88,4.8,58.0,0.6122222222222222,0.4666666666666668,11.2,5.4,1.48,28.0,0.5946666666666667,449.6072537456557,81.84193190348661,596.0017448171864,26.066977817033713,522.851965130545,44.9570936909356,893.9941807870077,17.332445756514456,35.19846491828542,34,25,170.19844916797038,0.9311111111111112,-0.4537000060081482,-0.571183443069458,0.2712506353855133,0.5567675828933716,-0.11112017929553986,-0.12277822941541672,0.14524847269058228,0.11068610101938248,-0.07873772084712982,0.1910332292318344,0.48777616024017334,0.18675024807453156,0.05086051672697067,-0.2221333533525467,0.16239656507968903,0.13685879111289978
Ranchi,Jharkhand,2021,ALMT1_Sensitive,Aluminium_Toxicity,34.33534916460765,1575.9516200494163,2,Full Claim (100%),0.32,4.8,58.0,0.6122222222222222,0.4666666666666668,11.2,5.4,1.48,28.0,0.5946666666666667,449.6072537456557,81.84193190348661,596.0017448171864,26.066977817033713,522.851965130545,44.9570936909356,893.9941807870077,17.332445756514456,35.19846491828542,34,25,170.19844916797038,0.9311111111111112,-0.4094317853450775,-0.5999096632003784,0.296453058719635,0.5143894553184509,-0.11339632421731949,-0.11340825259685516,0.11905470490455627,0.011642052792012691,-0.14638188481330872,0.19061347842216492,0.42442217469215393,0.17834866046905518,0.07455034554004669,-0.14225496351718903,0.08594279736280441,0.12387453019618988
Ranchi,Jharkhand,2021,HSP70_Thermotolerant,Heat_Shock,16.213105121273323,2010.8854770894404,1,Partial Claim (50%),0.85,4.8,58.0,0.6122222222222222,0.4666666666666668,11.2,5.4,1.48,28.0,0.5946666666666667,449.6072537456557,81.84193190348661,596.0017448171864,26.066977817033713,522.851965130545,44.9570936909356,893.9941807870077,17.332445756514456,35.19846491828542,34,25,170.19844916797038,0.9311111111111112,-0.1781480759382248,-0.03567666932940483,0.004815968684852123,0.28925102949142456,0.2118031084537506,-0.06275853514671326,0.20612309873104095,-0.11461903154850006,-0.22532889246940613,-0.06398181617259979,0.082065150141716,0.05212364345788956,-0.17094039916992188,0.14735427498817444,0.1699899435043335,-0.22095514833927155
Ranchi,Jharkhand,2021,HSP70_Sensitive,Heat_Shock,29.89317102267121,1682.5638954558908,1,Partial Claim (50%),0.38,4.8,58.0,0.6122222222222222,0.4666666666666668,11.2,5.4,1.48,28.0,0.5946666666666667,449.6072537456557,81.84193190348661,596.0017448171864,26.066977817033713,522.851965130545,44.9570936909356,893.9941807870077,17.332445756514456,35.19846491828542,34,25,170.19844916797038,0.9311111111111112,-0.20718370378017426,0.01853133924305439,0.09380441159009933,0.3055195212364197,0.16862349212169647,-0.09158311039209366,0.08950691670179367,-0.2243649810552597,-0.151502788066864,-0.10456757992506027,0.05769587308168411,-0.04112328216433525,-0.08085259795188904,0.1446770280599594,0.12276722490787506,-0.17694050073623657
Ranchi,Jharkhand,2022,ALMT1_Tolerant,Aluminium_Toxicity,14.341585917674857,2055.8019379758034,0,No Payout,0.88,4.8,58.0,0.6122222222222222,0.4666666666666668,11.2,5.4,1.48,28.0,0.5946666666666667,447.0585875588339,63.13143499914183,601.7898158621313,30.28811347918413,507.4108043561638,11.006084587432674,904.411795980453,20.208227868221314,31.03397329035496,35,18,124.63386093397996,0.6704000000000001,-0.4537000060081482,-0.571183443069458,0.2712506353855133,0.5567675828933716,-0.11112017929553986,-0.12277822941541672,0.14524847269058228,0.11068610101938248,-0.07873772084712982,0.1910332292318344,0.48777616024017334,0.18675024807453156,0.05086051672697067,-0.2221333533525467,0.16239656507968903,0.13685879111289978
Ranchi,Jharkhand,2022,ALMT1_Sensitive,Aluminium_Toxicity,34.234965819017624,1578.360820343577,2,Full Claim (100%),0.32,4.8,58.0,0.6122222222222222,0.4666666666666668,11.2,5.4,1.48,28.0,0.5946666666666667,447.0585875588339,63.13143499914183,601.7898158621313,30.28811347918413,507.4108043561638,11.006084587432674,904.411795980453,20.208227868221314,31.03397329035496,35,18,124.63386093397996,0.6704000000000001,-0.4094317853450775,-0.5999096632003784,0.296453058719635,0.5143894553184509,-0.11339632421731949,-0.11340825259685516,0.11905470490455627,0.011642052792012691,-0.14638188481330872,0.19061347842216492,0.42442217469215393,0.17834866046905518,0.07455034554004669,-0.14225496351718903,0.08594279736280441,0.12387453019618988
Ranchi,Jharkhand,2022,HSP70_Thermotolerant,Heat_Shock,18.839099733592555,1947.8616063937786,1,Partial Claim (50%),0.85,4.8,58.0,0.6122222222222222,0.4666666666666668,11.2,5.4,1.48,28.0,0.5946666666666667,447.0585875588339,63.13143499914183,601.7898158621313,30.28811347918413,507.4108043561638,11.006084587432674,904.411795980453,20.208227868221314,31.03397329035496,35,18,124.63386093397996,0.6704000000000001,-0.1781480759382248,-0.03567666932940483,0.004815968684852123,0.28925102949142456,0.2118031084537506,-0.06275853514671326,0.20612309873104095,-0.11461903154850006,-0.22532889246940613,-0.06398181617259979,0.082065150141716,0.05212364345788956,-0.17094039916992188,0.14735427498817444,0.1699899435043335,-0.22095514833927155
Ranchi,Jharkhand,2022,HSP70_Sensitive,Heat_Shock,34.77515320262262,1565.3963231370574,2,Full Claim (100%),0.38,4.8,58.0,0.6122222222222222,0.4666666666666668,11.2,5.4,1.48,28.0,0.5946666666666667,447.0585875588339,63.13143499914183,601.7898158621313,30.28811347918413,507.4108043561638,11.006084587432674,904.411795980453,20.208227868221314,31.03397329035496,35,18,124.63386093397996,0.6704000000000001,-0.20718370378017426,0.01853133924305439,0.09380441159009933,0.3055195212364197,0.16862349212169647,-0.09158311039209366,0.08950691670179367,-0.2243649810552597,-0.151502788066864,-0.10456757992506027,0.05769587308168411,-0.04112328216433525,-0.08085259795188904,0.1446770280599594,0.12276722490787506,-0.17694050073623657
Ranchi,Jharkhand,2023,ALMT1_Tolerant,Aluminium_Toxicity,10.004329085948568,2159.896101937234,0,No Payout,0.88,4.8,58.0,0.6122222222222222,0.4666666666666668,11.2,5.4,1.48,28.0,0.5946666666666667,452.66883274534473,13.74095662237307,611.7139800134648,100.6383016256635,498.26483039743107,2.889513628273002,852.6638413854527,0.8522882316411411,8.875081164045916,24,33,118.12106010795073,1.2290666666666668,-0.4537000060081482,-0.571183443069458,0.2712506353855133,0.5567675828933716,-0.11112017929553986,-0.12277822941541672,0.14524847269058228,0.11068610101938248,-0.07873772084712982,0.1910332292318344,0.48777616024017334,0.18675024807453156,0.05086051672697067,-0.2221333533525467,0.16239656507968903,0.13685879111289978
Ranchi,Jharkhand,2023,ALMT1_Sensitive,Aluminium_Toxicity,26.379027902212123,1766.9033303469091,1,Partial Claim (50%),0.32,4.8,58.0,0.6122222222222222,0.4666666666666668,11.2,5.4,1.48,28.0,0.5946666666666667,452.66883274534473,13.74095662237307,611.7139800134648,100.6383016256635,498.26483039743107,2.889513628273002,852.6638413854527,0.8522882316411411,8.875081164045916,24,33,118.12106010795073,1.2290666666666668,-0.4094317853450775,-0.5999096632003784,0.296453058719635,0.5143894553184509,-0.11339632421731949,-0.11340825259685516,0.11905470490455627,0.011642052792012691,-0.14638188481330872,0.19061347842216492,0.42442217469215393,0.17834866046905518,0.07455034554004669,-0.14225496351718903,0.08594279736280441,0.12387453019618988
Ranchi,Jharkhand,2023,HSP70_Thermotolerant,Heat_Shock,13.270907014717565,2081.4982316467785,0,No Payout,0.85,4.8,58.0,0.6122222222222222,0.4666666666666668,11.2,5.4,1.48,28.0,0.5946666666666667,452.66883274534473,13.74095662237307,611.7139800134648,100.6383016256635,498.26483039743107,2.889513628273002,852.6638413854527,0.8522882316411411,8.875081164045916,24,33,118.12106010795073,1.2290666666666668,-0.1781480759382248,-0.03567666932940483,0.004815968684852123,0.28925102949142456,0.2118031084537506,-0.06275853514671326,0.20612309873104095,-0.11461903154850006,-0.22532889246940613,-0.06398181617259979,0.082065150141716,0.05212364345788956,-0.17094039916992188,0.14735427498817444,0.1699899435043335,-0.22095514833927155
Ranchi,Jharkhand,2023,HSP70_Sensitive,Heat_Shock,21.737926348241228,1878.2897676422103,1,Partial Claim (50%),0.38,4.8,58.0,0.6122222222222222,0.4666666666666668,11.2,5.4,1.48,28.0,0.5946666666666667,452.66883274534473,13.74095662237307,611.7139800134648,100.6383016256635,498.26483039743107,2.889513628273002,852.6638413854527,0.8522882316411411,8.875081164045916,24,33,118.12106010795073,1.2290666666666668,-0.20718370378017426,0.01853133924305439,0.09380441159009933,0.3055195212364197,0.16862349212169647,-0.09158311039209366,0.08950691670179367,-0.2243649810552597,-0.151502788066864,-0.10456757992506027,0.05769587308168411,-0.04112328216433525,-0.08085259795188904,0.1446770280599594,0.12276722490787506,-0.17694050073623657
Hazaribagh,Jharkhand,2008,ALMT1_Tolerant,Aluminium_Toxicity,8.077619057133141,2206.1371426288047,0,No Payout,0.88,5.0,52.0,0.4444444444444444,0.3333333333333333,12.5,6.1,1.45,25.0,0.46558333333333335,454.38170983692476,14.967630407751066,617.9662677632219,40.17800263569028,500.1036412650362,19.327178282989344,835.9516198642397,25.319803370915714,5.652799116610076,22,18,99.7926146973464,0.6100000000000001,-0.4537000060081482,-0.571183443069458,0.2712506353855133,0.5567675828933716,-0.11112017929553986,-0.12277822941541672,0.14524847269058228,0.11068610101938248,-0.07873772084712982,0.1910332292318344,0.48777616024017334,0.18675024807453156,0.05086051672697067,-0.2221333533525467,0.16239656507968903,0.13685879111289978
Hazaribagh,Jharkhand,2008,ALMT1_Sensitive,Aluminium_Toxicity,15.504866211242451,2027.8832109301811,1,Partial Claim (50%),0.32,5.0,52.0,0.4444444444444444,0.3333333333333333,12.5,6.1,1.45,25.0,0.46558333333333335,454.38170983692476,14.967630407751066,617.9662677632219,40.17800263569028,500.1036412650362,19.327178282989344,835.9516198642397,25.319803370915714,5.652799116610076,22,18,99.7926146973464,0.6100000000000001,-0.4094317853450775,-0.5999096632003784,0.296453058719635,0.5143894553184509,-0.11339632421731949,-0.11340825259685516,0.11905470490455627,0.011642052792012691,-0.14638188481330872,0.19061347842216492,0.42442217469215393,0.17834866046905518,0.07455034554004669,-0.14225496351718903,0.08594279736280441,0.12387453019618988
Hazaribagh,Jharkhand,2008,HSP70_Thermotolerant,Heat_Shock,14.251238509757345,2057.9702757658238,0,No Payout,0.85,5.0,52.0,0.4444444444444444,0.3333333333333333,12.5,6.1,1.45,25.0,0.46558333333333335,454.38170983692476,14.967630407751066,617.9662677632219,40.17800263569028,500.1036412650362,19.327178282989344,835.9516198642397,25.319803370915714,5.652799116610076,22,18,99.7926146973464,0.6100000000000001,-0.1781480759382248,-0.03567666932940483,0.004815968684852123,0.28925102949142456,0.2118031084537506,-0.06275853514671326,0.20612309873104095,-0.11461903154850006,-0.22532889246940613,-0.06398181617259979,0.082065150141716,0.05212364345788956,-0.17094039916992188,0.14735427498817444,0.1699899435043335,-0.22095514833927155
Hazaribagh,Jharkhand,2008,HSP70_Sensitive,Heat_Shock,15.128267413622895,2036.9215820730506,1,Partial Claim (50%),0.38,5.0,52.0,0.4444444444444444,0.3333333333333333,12.5,6.1,1.45,25.0,0.46558333333333335,454.38170983692476,14.967630407751066,617.9662677632219,40.17800263569028,500.1036412650362,19.327178282989344,835.9516198642397,25.319803370915714,5.652799116610076,22,18,99.7926146973464,0.6100000000000001,-0.20718370378017426,0.01853133924305439,0.09380441159009933,0.3055195212364197,0.16862349212169647,-0.09158311039209366,0.08950691670179367,-0.2243649810552597,-0.151502788066864,-0.10456757992506027,0.05769587308168411,-0.04112328216433525,-0.08085259795188904,0.1446770280599594,0.12276722490787506,-0.17694050073623657
Hazaribagh,Jharkhand,2009,ALMT1_Tolerant,Aluminium_Toxicity,8.510103027835106,2195.7575273319576,0,No Payout,0.88,5.0,52.0,0.4444444444444444,0.3333333333333333,12.5,6.1,1.45,25.0,0.46558333333333335,436.92330842203074,1.051414352591617,600.438453208756,16.66671499795616,494.6456007658811,17.104795165493282,836.2304739595722,3.7849797038302935,10.195078383345233,24,22,38.60790421987135,0.7455555555555556,-0.4537000060081482,-0.571183443069458,0.2712506353855133,0.5567675828933716,-0.11112017929553986,-0.12277822941541672,0.14524847269058228,0.11068610101938248,-0.07873772084712982,0.1910332292318344,0.48777616024017334,0.18675024807453156,0.05086051672697067,-0.2221333533525467,0.16239656507968903,0.13685879111289978
Hazaribagh,Jharkhand,2009,ALMT1_Sensitive,Aluminium_Toxicity,18.90172613215243,1946.3585728283417,1,Partial Claim (50%),0.32,5.0,52.0,0.4444444444444444,0.3333333333333333,12.5,6.1,1.45,25.0,0.46558333333333335,436.92330842203074,1.051414352591617,600.438453208756,16.66671499795616,494.6456007658811,17.104795165493282,836.2304739595722,3.7849797038302935,10.195078383345233,24,22,38.60790421987135,0.7455555555555556,-0.4094317853450775,-0.5999096632003784,0.296453058719635,0.5143894553184509,-0.11339632421731949,-0.11340825259685516,0.11905470490455627,0.011642052792012691,-0.14638188481330872,0.19061347842216492,0.42442217469215393,0.17834866046905518,0.07455034554004669,-0.14225496351718903,0.08594279736280441,0.12387453019618988
Hazaribagh,Jharkhand,2009,HSP70_Thermotolerant,Heat_Shock,13.632061917700323,2072.8305139751924,0,No Payout,0.85,5.0,52.0,0.4444444444444444,0.3333333333333333,12.5,6.1,1.45,25.0,0.46558333333333335,436.92330842203074,1.051414352591617,600.438453208756,16.66671499795616,494.6456007658811,17.104795165493282,836.2304739595722,3.7849797038302935,10.195078383345233,24,22,38.60790421987135,0.7455555555555556,-0.1781480759382248,-0.03567666932940483,0.004815968684852123,0.28925102949142456,0.2118031084537506,-0.06275853514671326,0.20612309873104095,-0.11461903154850006,-0.22532889246940613,-0.06398181617259979,0.082065150141716,0.05212364345788956,-0.17094039916992188,0.14735427498817444,0.1699899435043335,-0.22095514833927155
Hazaribagh,Jharkhand,2009,HSP70_Sensitive,Heat_Shock,18.336191633606873,1959.9314007934352,1,Partial Claim (50%),0.38,5.0,52.0,0.4444444444444444,0.3333333333333333,12.5,6.1,1.45,25.0,0.46558333333333335,436.92330842203074,1.051414352591617,600.438453208756,16.66671499795616,494.6456007658811,17.104795165493282,836.2304739595722,3.7849797038302935,10.195078383345233,24,22,38.60790421987135,0.7455555555555556,-0.20718370378017426,0.01853133924305439,0.09380441159009933,0.3055195212364197,0.16862349212169647,-0.09158311039209366,0.08950691670179367,-0.2243649810552597,-0.151502788066864,-0.10456757992506027,0.05769587308168411,-0.04112328216433525,-0.08085259795188904,0.1446770280599594,0.12276722490787506,-0.17694050073623657
Hazaribagh,Jharkhand,2010,ALMT1_Tolerant,Aluminium_Toxicity,14.077072327685933,2062.1502641355373,0,No Payout,0.88,5.0,52.0,0.4444444444444444,0.3333333333333333,12.5,6.1,1.45,25.0,0.46558333333333335,455.626554233521,59.77113346897082,610.0831782130073,95.77138663192247,520.5663203283523,83.11719072056118,908.772060657999,1.9477111179893307,28.95836199841384,34,19,240.6074219394438,0.6438888888888888,-0.4537000060081482,-0.571183443069458,0.2712506353855133,0.5567675828933716,-0.11112017929553986,-0.12277822941541672,0.14524847269058228,0.11068610101938248,-0.07873772084712982,0.1910332292318344,0.48777616024017334,0.18675024807453156,0.05086051672697067,-0.2221333533525467,0.16239656507968903,0.13685879111289978
Hazaribagh,Jharkhand,2010,ALMT1_Sensitive,Aluminium_Toxicity,24.385733316641563,1814.7424004006025,1,Partial Claim (50%),0.32,5.0,52.0,0.4444444444444444,0.3333333333333333,12.5,6.1,1.45,25.0,0.46558333333333335,455.626554233521,59.77113346897082,610.0831782130073,95.77138663192247,520.5663203283523,83.11719072056118,908.772060657999,1.9477111179893307,28.95836199841384,34,19,240.6074219394438,0.6438888888888888,-0.4094317853450775,-0.5999096632003784,0.296453058719635,0.5143894553184509,-0.11339632421731949,-0.11340825259685516,0.11905470490455627,0.011642052792012691,-0.14638188481330872,0.19061347842216492,0.42442217469215393,0.17834866046905518,0.07455034554004669,-0.14225496351718903,0.08594279736280441,0.12387453019618988
Hazaribagh,Jharkhand,2010,HSP70_Thermotolerant,Heat_Shock,18.140328700838953,1964.6321111798652,1,Partial Claim (50%),0.85,5.0,52.0,0.4444444444444444,0.3333333333333333,12.5,6.1,1.45,25.0,0.46558333333333335,455.626554233521,59.77113346897082,610.0831782130073,95.77138663192247,520.5663203283523,83.11719072056118,908.772060657999,1.9477111179893307,28.95836199841384,34,19,240.6074219394438,0.6438888888888888,-0.1781480759382248,-0.03567666932940483,0.004815968684852123,0.28925102949142456,0.2118031084537506,-0.06275853514671326,0.20612309873104095,-0.11461903154850006,-0.22532889246940613,-0.06398181617259979,0.082065150141716,0.05212364345788956,-0.17094039916992188,0.14735427498817444,0.1699899435043335,-0.22095514833927155
Hazaribagh,Jharkhand,2010,HSP70_Sensitive,Heat_Shock,31.608573100532304,1641.3942455872245,2,Full Claim (100%),0.38,5.0,52.0,0.4444444444444444,0.3333333333333333,12.5,6.1,1.45,25.0,0.46558333333333335,455.626554233521,59.77113346897082,610.0831782130073,95.77138663192247,520.5663203283523,83.11719072056118,908.772060657999,1.9477111179893307,28.95836199841384,34,19,240.6074219394438,0.6438888888888888,-0.20718370378017426,0.01853133924305439,0.09380441159009933,0.3055195212364197,0.16862349212169647,-0.09158311039209366,0.08950691670179367,-0.2243649810552597,-0.151502788066864,-0.10456757992506027,0.05769587308168411,-0.04112328216433525,-0.08085259795188904,0.1446770280599594,0.12276722490787506,-0.17694050073623657
Hazaribagh,Jharkhand,2011,ALMT1_Tolerant,Aluminium_Toxicity,12.15207595608104,2108.350177054055,0,No Payout,0.88,5.0,52.0,0.4444444444444444,0.3333333333333333,12.5,6.1,1.45,25.0,0.46558333333333335,435.74155151411594,0.0,611.7355809037603,27.00668541319132,501.1341173290375,6.911692772407146,837.1714055305797,64.4479646798755,12.619395822085483,23,20,98.36634286547397,0.6777777777777778,-0.4537000060081482,-0.571183443069458,0.2712506353855133,0.5567675828933716,-0.11112017929553986,-0.12277822941541672,0.14524847269058228,0.11068610101938248,-0.07873772084712982,0.1910332292318344,0.48777616024017334,0.18675024807453156,0.05086051672697067,-0.2221333533525467,0.16239656507968903,0.13685879111289978
Hazaribagh,Jharkhand,2011,ALMT1_Sensitive,Aluminium_Toxicity,20.06995931830867,1918.3209763605919,1,Partial Claim (50%),0.32,5.0,52.0,0.4444444444444444,0.3333333333333333,12.5,6.1,1.45,25.0,0.46558333333333335,435.74155151411594,0.0,611.7355809037603,27.00668541319132,501.1341173290375,6.911692772407146,837.1714055305797,64.4479646798755,12.619395822085483,23,20,98.36634286547397,0.6777777777777778,-0.4094317853450775,-0.5999096632003784,0.296453058719635,0.5143894553184509,-0.11339632421731949,-0.11340825259685516,0.11905470490455627,0.011642052792012691,-0.14638188481330872,0.19061347842216492,0.42442217469215393,0.17834866046905518,0.07455034554004669,-0.14225496351718903,0.08594279736280441,0.12387453019618988
Hazaribagh,Jharkhand,2011,HSP70_Thermotolerant,Heat_Shock,8.621658717434928,2193.0801907815617,0,No Payout,0.85,5.0,52.0,0.4444444444444444,0.3333333333333333,12.5,6.1,1.45,25.0,0.46558333333333335,435.74155151411594,0.0,611.7355809037603,27.00668541319132,501.1341173290375,6.911692772407146,837.1714055305797,64.4479646798755,12.619395822085483,23,20,98.36634286547397,0.6777777777777778,-0.1781480759382248,-0.03567666932940483,0.004815968684852123,0.28925102949142456,0.2118031084537506,-0.06275853514671326,0.20612309873104095,-0.11461903154850006,-0.22532889246940613,-0.06398181617259979,0.082065150141716,0.05212364345788956,-0.17094039916992188,0.14735427498817444,0.1699899435043335,-0.22095514833927155
Hazaribagh,Jharkhand,2011,HSP70_Sensitive,Heat_Shock,19.144656285940332,1940.528249137432,1,Partial Claim (50%),0.38,5.0,52.0,0.4444444444444444,0.3333333333333333,12.5,6.1,1.45,25.0,0.46558333333333335,435.74155151411594,0.0,611.7355809037603,27.00668541319132,501.1341173290375,6.911692772407146,837.1714055305797,64.4479646798755,12.619395822085483,23,20,98.36634286547397,0.6777777777777778,-0.20718370378017426,0.01853133924305439,0.09380441159009933,0.3055195212364197,0.16862349212169647,-0.09158311039209366,0.08950691670179367,-0.2243649810552597,-0.151502788066864,-0.10456757992506027,0.05769587308168411,-0.04112328216433525,-0.08085259795188904,0.1446770280599594,0.12276722490787506,-0.17694050073623657
Hazaribagh,Jharkhand,2012,ALMT1_Tolerant,Aluminium_Toxicity,10.653005141784204,2144.327876597179,0,No Payout,0.88,5.0,52.0,0.4444444444444444,0.3333333333333333,12.5,6.1,1.45,25.0,0.46558333333333335,452.9336082365861,53.27829663697558,609.248513599262,97.15174802925522,485.4267883094439,11.71890688657129,848.8784416634086,92.10664624936402,2.681509040166123,22,32,254.2555978021661,1.0844444444444445,-0.4537000060081482,-0.571183443069458,0.2712506353855133,0.5567675828933716,-0.11112017929553986,-0.12277822941541672,0.14524847269058228,0.11068610101938248,-0.07873772084712982,0.1910332292318344,0.48777616024017334,0.18675024807453156,0.05086051672697067,-0.2221333533525467,0.16239656507968903,0.13685879111289978
Hazaribagh,Jharkhand,2012,ALMT1_Sensitive,Aluminium_Toxicity,21.73119403804942,1878.451343086814,1,Partial Claim (50%),0.32,5.0,52.0,0.4444444444444444,0.3333333333333333,12.5,6.1,1.45,25.0,0.46558333333333335,452.9336082365861,53.27829663697558,609.248513599262,97.15174802925522,485.4267883094439,11.71890688657129,848.8784416634086,92.10664624936402,2.681509040166123,22,32,254.2555978021661,1.0844444444444445,-0.4094317853450775,-0.5999096632003784,0.296453058719635,0.5143894553184509,-0.11339632421731949,-0.11340825259685516,0.11905470490455627,0.011642052792012691,-0.14638188481330872,0.19061347842216492,0.42442217469215393,0.17834866046905518,0.07455034554004669,-0.14225496351718903,0.08594279736280441,0.12387453019618988
Hazaribagh,Jharkhand,2012,HSP70_Thermotolerant,Heat_Shock,10.21332595209407,2154.880177149742,0,No Payout,0.85,5.0,52.0,0.4444444444444444,0.3333333333333333,12.5,6.1,1.45,25.0,0.46558333333333335,452.9336082365861,53.27829663697558,609.248513599262,97.15174802925522,485.4267883094439,11.71890688657129,848.8784416634086,92.10664624936402,2.681509040166123,22,32,254.2555978021661,1.0844444444444445,-0.1781480759382248,-0.03567666932940483,0.004815968684852123,0.28925102949142456,0.2118031084537506,-0.06275853514671326,0.20612309873104095,-0.11461903154850006,-0.22532889246940613,-0.06398181617259979,0.082065150141716,0.05212364345788956,-0.17094039916992188,0.14735427498817444,0.1699899435043335,-0.22095514833927155
Hazaribagh,Jharkhand,2012,HSP70_Sensitive,Heat_Shock,16.415803949841706,2006.0207052037993,1,Partial Claim (50%),0.38,5.0,52.0,0.4444444444444444,0.3333333333333333,12.5,6.1,1.45,25.0,0.46558333333333335,452.9336082365861,53.27829663697558,609.248513599262,97.15174802925522,485.4267883094439,11.71890688657129,848.8784416634086,92.10664624936402,2.681509040166123,22,32,254.2555978021661,1.0844444444444445,-0.20718370378017426,0.01853133924305439,0.09380441159009933,0.3055195212364197,0.16862349212169647,-0.09158311039209366,0.08950691670179367,-0.2243649810552597,-0.151502788066864,-0.10456757992506027,0.05769587308168411,-0.04112328216433525,-0.08085259795188904,0.1446770280599594,0.12276722490787506,-0.17694050073623657
Hazaribagh,Jharkhand,2013,ALMT1_Tolerant,Aluminium_Toxicity,8.296737796790566,2200.8782928770265,0,No Payout,0.88,5.0,52.0,0.4444444444444444,0.3333333333333333,12.5,6.1,1.45,25.0,0.46558333333333335,451.6659593019661,8.949696761737332,599.5252191701142,6.923917936119975,502.05789562035915,23.891748834646833,843.5791178592365,52.48824758174743,8.586682945843052,24,23,92.25361111425156,0.7794444444444444,-0.4537000060081482,-0.571183443069458,0.2712506353855133,0.5567675828933716,-0.11112017929553986,-0.12277822941541672,0.14524847269058228,0.11068610101938248,-0.07873772084712982,0.1910332292318344,0.48777616024017334,0.18675024807453156,0.05086051672697067,-0.2221333533525467,0.16239656507968903,0.13685879111289978
Hazaribagh,Jharkhand,2013,ALMT1_Sensitive,Aluminium_Toxicity,26.899351051331223,1754.4155747680506,1,Partial Claim (50%),0.32,5.0,52.0,0.4444444444444444,0.3333333333333333,12.5,6.1,1.45,25.0,0.46558333333333335,451.6659593019661,8.949696761737332,599.5252191701142,6.923917936119975,502.05789562035915,23.891748834646833,843.5791178592365,52.48824758174743,8.586682945843052,24,23,92.25361111425156,0.7794444444444444,-0.4094317853450775,-0.5999096632003784,0.296453058719635,0.5143894553184509,-0.11339632421731949,-0.11340825259685516,0.11905470490455627,0.011642052792012691,-0.14638188481330872,0.19061347842216492,0.42442217469215393,0.17834866046905518,0.07455034554004669,-0.14225496351718903,0.08594279736280441,0.12387453019618988
Hazaribagh,Jharkhand,2013,HSP70_Thermotolerant,Heat_Shock,13.048942448462983,2086.8253812368885,0,No Payout,0.85,5.0,52.0,0.4444444444444444,0.3333333333333333,12.5,6.1,1.45,25.0,0.46558333333333335,451.6659593019661,8.949696761737332,599.5252191701142,6.923917936119975,502.05789562035915,23.891748834646833,843.5791178592365,52.48824758174743,8.586682945843052,24,23,92.25361111425156,0.7794444444444444,-0.1781480759382248,-0.03567666932940483,0.004815968684852123,0.28925102949142456,0.2118031084537506,-0.06275853514671326,0.20612309873104095,-0.11461903154850006,-0.22532889246940613,-0.06398181617259979,0.082065150141716,0.05212364345788956,-0.17094039916992188,0.14735427498817444,0.1699899435043335,-0.22095514833927155
Hazaribagh,Jharkhand,2013,HSP70_Sensitive,Heat_Shock,15.881061436172663,2018.854525531856,1,Partial Claim (50%),0.38,5.0,52.0,0.4444444444444444,0.3333333333333333,12.5,6.1,1.45,25.0,0.46558333333333335,451.6659593019661,8.949696761737332,599.5252191701142,6.923917936119975,502.05789562035915,23.891748834646833,843.5791178592365,52.48824758174743,8.586682945843052,24,23,92.25361111425156,0.7794444444444444,-0.20718370378017426,0.01853133924305439,0.09380441159009933,0.3055195212364197,0.16862349212169647,-0.09158311039209366,0.08950691670179367,-0.2243649810552597,-0.151502788066864,-0.10456757992506027,0.05769587308168411,-0.04112328216433525,-0.08085259795188904,0.1446770280599594,0.12276722490787506,-0.17694050073623657
Hazaribagh,Jharkhand,2014,ALMT1_Tolerant,Aluminium_Toxicity,15.811135352338773,2020.5327515438694,1,Partial Claim (50%),0.88,5.0,52.0,0.4444444444444444,0.3333333333333333,12.5,6.1,1.45,25.0,0.46558333333333335,450.2904462671959,25.940889813495275,615.6036562857513,48.44194046756098,501.675106871602,13.784214659722995,843.93734383271,22.524948377695495,11.006979025477204,23,21,110.69199331847474,0.7116666666666668,-0.4537000060081482,-0.571183443069458,0.2712506353855133,0.5567675828933716,-0.11112017929553986,-0.12277822941541672,0.14524847269058228,0.11068610101938248,-0.07873772084712982,0.1910332292318344,0.48777616024017334,0.18675024807453156,0.05086051672697067,-0.2221333533525467,0.16239656507968903,0.13685879111289978
Hazaribagh,Jharkhand,2014,ALMT1_Sensitive,Aluminium_Toxicity,28.08239505999358,1726.0225185601541,1,Partial Claim (50%),0.32,5.0,52.0,0.4444444444444444,0.3333333333333333,12.5,6.1,1.45,25.0,0.46558333333333335,450.2904462671959,25.940889813495275,615.6036562857513,48.44194046756098,501.675106871602,13.784214659722995,843.93734383271,22.524948377695495,11.006979025477204,23,21,110.69199331847474,0.7116666666666668,-0.4094317853450775,-0.5999096632003784,0.296453058719635,0.5143894553184509,-0.11339632421731949,-0.11340825259685516,0.11905470490455627,0.011642052792012691,-0.14638188481330872,0.19061347842216492,0.42442217469215393,0.17834866046905518,0.07455034554004669,-0.14225496351718903,0.08594279736280441,0.12387453019618988
Hazaribagh,Jharkhand,2014,HSP70_Thermotolerant,Heat_Shock,12.427943115486183,2101.7293652283315,0,No Payout,0.85,5.0,52.0,0.4444444444444444,0.3333333333333333,12.5,6.1,1.45,25.0,0.46558333333333335,450.2904462671959,25.940889813495275,615.6036562857513,48.44194046756098,501.675106871602,13.784214659722995,843.93734383271,22.524948377695495,11.006979025477204,23,21,110.69199331847474,0.7116666666666668,-0.1781480759382248,-0.03567666932940483,0.004815968684852123,0.28925102949142456,0.2118031084537506,-0.06275853514671326,0.20612309873104095,-0.11461903154850006,-0.22532889246940613,-0.06398181617259979,0.082065150141716,0.05212364345788956,-0.17094039916992188,0.14735427498817444,0.1699899435043335,-0.22095514833927155
Hazaribagh,Jharkhand,2014,HSP70_Sensitive,Heat_Shock,19.180131097277744,1939.6768536653342,1,Partial Claim (50%),0.38,5.0,52.0,0.4444444444444444,0.3333333333333333,12.5,6.1,1.45,25.0,0.46558333333333335,450.2904462671959,25.940889813495275,615.6036562857513,48.44194046756098,501.675106871602,13.784214659722995,843.93734383271,22.524948377695495,11.006979025477204,23,21,110.69199331847474,0.7116666666666668,-0.20718370378017426,0.01853133924305439,0.09380441159009933,0.3055195212364197,0.16862349212169647,-0.09158311039209366,0.08950691670179367,-0.2243649810552597,-0.151502788066864,-0.10456757992506027,0.05769587308168411,-0.04112328216433525,-0.08085259795188904,0.1446770280599594,0.12276722490787506,-0.17694050073623657
Hazaribagh,Jharkhand,2015,ALMT1_Tolerant,Aluminium_Toxicity,7.341073567619344,2223.8142343771356,0,No Payout,0.88,5.0,52.0,0.4444444444444444,0.3333333333333333,12.5,6.1,1.45,25.0,0.46558333333333335,449.7807504327453,54.6772165782462,599.1799233757998,92.71627823021676,506.17669205352735,28.614221809053465,823.2626884712655,24.604745266325814,11.64350389464563,18,23,200.61246188384226,0.7794444444444444,-0.4537000060081482,-0.571183443069458,0.2712506353855133,0.5567675828933716,-0.11112017929553986,-0.12277822941541672,0.14524847269058228,0.11068610101938248,-0.07873772084712982,0.1910332292318344,0.48777616024017334,0.18675024807453156,0.05086051672697067,-0.2221333533525467,0.16239656507968903,0.13685879111289978
Hazaribagh,Jharkhand,2015,ALMT1_Sensitive,Aluminium_Toxicity,20.194981793040636,1915.3204369670248,1,Partial Claim (50%),0.32,5.0,52.0,0.4444444444444444,0.3333333333333333,12.5,6.1,1.45,25.0,0.46558333333333335,449.7807504327453,54.6772165782462,599.1799233757998,92.71627823021676,506.17669205352735,28.614221809053465,823.2626884712655,24.604745266325814,11.64350389464563,18,23,200.61246188384226,0.7794444444444444,-0.4094317853450775,-0.5999096632003784,0.296453058719635,0.5143894553184509,-0.11339632421731949,-0.11340825259685516,0.11905470490455627,0.011642052792012691,-0.14638188481330872,0.19061347842216492,0.42442217469215393,0.17834866046905518,0.07455034554004669,-0.14225496351718903,0.08594279736280441,0.12387453019618988
Hazaribagh,Jharkhand,2015,HSP70_Thermotolerant,Heat_Shock,12.021395417494146,2111.4865099801405,0,No Payout,0.85,5.0,52.0,0.4444444444444444,0.3333333333333333,12.5,6.1,1.45,25.0,0.46558333333333335,449.7807504327453,54.6772165782462,599.1799233757998,92.71627823021676,506.17669205352735,28.614221809053465,823.2626884712655,24.604745266325814,11.64350389464563,18,23,200.61246188384226,0.7794444444444444,-0.1781480759382248,-0.03567666932940483,0.004815968684852123,0.28925102949142456,0.2118031084537506,-0.06275853514671326,0.20612309873104095,-0.11461903154850006,-0.22532889246940613,-0.06398181617259979,0.082065150141716,0.05212364345788956,-0.17094039916992188,0.14735427498817444,0.1699899435043335,-0.22095514833927155
Hazaribagh,Jharkhand,2015,HSP70_Sensitive,Heat_Shock,14.666156890888182,2048.0122346186836,0,No Payout,0.38,5.0,52.0,0.4444444444444444,0.3333333333333333,12.5,6.1,1.45,25.0,0.46558333333333335,449.7807504327453,54.6772165782462,599.1799233757998,92.71627823021676,506.17669205352735,28.614221809053465,823.2626884712655,24.604745266325814,11.64350389464563,18,23,200.61246188384226,0.7794444444444444,-0.20718370378017426,0.01853133924305439,0.09380441159009933,0.3055195212364197,0.16862349212169647,-0.09158311039209366,0.08950691670179367,-0.2243649810552597,-0.151502788066864,-0.10456757992506027,0.05769587308168411,-0.04112328216433525,-0.08085259795188904,0.1446770280599594,0.12276722490787506,-0.17694050073623657
Hazaribagh,Jharkhand,2016,ALMT1_Tolerant,Aluminium_Toxicity,6.917414514307674,2233.982051656616,0,No Payout,0.88,5.0,52.0,0.4444444444444444,0.3333333333333333,12.5,6.1,1.45,25.0,0.46558333333333335,447.159109179165,19.76972734921391,603.7573203453851,60.389237921259124,517.7452491956301,4.729975449835777,896.3985984142554,59.50321662014451,23.80144066011018,32,21,144.3921573404533,0.7116666666666668,-0.4537000060081482,-0.571183443069458,0.2712506353855133,0.5567675828933716,-0.11112017929553986,-0.12277822941541672,0.14524847269058228,0.11068610101938248,-0.07873772084712982,0.1910332292318344,0.48777616024017334,0.18675024807453156,0.05086051672697067,-0.2221333533525467,0.16239656507968903,0.13685879111289978
Hazaribagh,Jharkhand,2016,ALMT1_Sensitive,Aluminium_Toxicity,27.408654080113664,1742.1923020772722,1,Partial Claim (50%),0.32,5.0,52.0,0.4444444444444444,0.3333333333333333,12.5,6.1,1.45,25.0,0.46558333333333335,447.159109179165,19.76972734921391,603.7573203453851,60.389237921259124,517.7452491956301,4.729975449835777,896.3985984142554,59.50321662014451,23.80144066011018,32,21,144.3921573404533,0.7116666666666668,-0.4094317853450775,-0.5999096632003784,0.296453058719635,0.5143894553184509,-0.11339632421731949,-0.11340825259685516,0.11905470490455627,0.011642052792012691,-0.14638188481330872,0.19061347842216492,0.42442217469215393,0.17834866046905518,0.07455034554004669,-0.14225496351718903,0.08594279736280441,0.12387453019618988
Hazaribagh,Jharkhand,2016,HSP70_Thermotolerant,Heat_Shock,15.643075236536925,2024.566194323114,1,Partial Claim (50%),0.85,5.0,52.0,0.4444444444444444,0.3333333333333333,12.5,6.1,1.45,25.0,0.46558333333333335,447.159109179165,19.76972734921391,603.7573203453851,60.389237921259124,517.7452491956301,4.729975449835777,896.3985984142554,59.50321662014451,23.80144066011018,32,21,144.3921573404533,0.7116666666666668,-0.1781480759382248,-0.03567666932940483,0.004815968684852123,0.28925102949142456,0.2118031084537506,-0.06275853514671326,0.20612309873104095,-0.11461903154850006,-0.22532889246940613,-0.06398181617259979,0.082065150141716,0.05212364345788956,-0.17094039916992188,0.14735427498817444,0.1699899435043335,-0.22095514833927155
Hazaribagh,Jharkhand,2016,HSP70_Sensitive,Heat_Shock,23.8497021687257,1827.6071479505833,1,Partial Claim (50%),0.38,5.0,52.0,0.4444444444444444,0.3333333333333333,12.5,6.1,1.45,25.0,0.46558333333333335,447.159109179165,19.76972734921391,603.7573203453851,60.389237921259124,517.7452491956301,4.729975449835777,896.3985984142554,59.50321662014451,23.80144066011018,32,21,144.3921573404533,0.7116666666666668,-0.20718370378017426,0.01853133924305439,0.09380441159009933,0.3055195212364197,0.16862349212169647,-0.09158311039209366,0.08950691670179367,-0.2243649810552597,-0.151502788066864,-0.10456757992506027,0.05769587308168411,-0.04112328216433525,-0.08085259795188904,0.1446770280599594,0.12276722490787506,-0.17694050073623657
Hazaribagh,Jharkhand,2017,ALMT1_Tolerant,Aluminium_Toxicity,9.236816968351393,2178.3163927595665,0,No Payout,0.88,5.0,52.0,0.4444444444444444,0.3333333333333333,12.5,6.1,1.45,25.0,0.46558333333333335,442.91797648749167,35.54984487539201,600.7251402165707,39.63459366100875,510.44052917861916,1.3105859507739828,844.831929635545,34.703569932384916,7.513624923849761,24,27,111.19859441955967,0.9150000000000001,-0.4537000060081482,-0.571183443069458,0.2712506353855133,0.5567675828933716,-0.11112017929553986,-0.12277822941541672,0.14524847269058228,0.11068610101938248,-0.07873772084712982,0.1910332292318344,0.48777616024017334,0.18675024807453156,0.05086051672697067,-0.2221333533525467,0.16239656507968903,0.13685879111289978
Hazaribagh,Jharkhand,2017,ALMT1_Sensitive,Aluminium_Toxicity,19.581832939664004,1930.036009448064,1,Partial Claim (50%),0.32,5.0,52.0,0.4444444444444444,0.3333333333333333,12.5,6.1,1.45,25.0,0.46558333333333335,442.91797648749167,35.54984487539201,600.7251402165707,39.63459366100875,510.44052917861916,1.3105859507739828,844.831929635545,34.703569932384916,7.513624923849761,24,27,111.19859441955967,0.9150000000000001,-0.4094317853450775,-0.5999096632003784,0.296453058719635,0.5143894553184509,-0.11339632421731949,-0.11340825259685516,0.11905470490455627,0.011642052792012691,-0.14638188481330872,0.19061347842216492,0.42442217469215393,0.17834866046905518,0.07455034554004669,-0.14225496351718903,0.08594279736280441,0.12387453019618988
Hazaribagh,Jharkhand,2017,HSP70_Thermotolerant,Heat_Shock,9.447643791870261,2173.2565489951135,0,No Payout,0.85,5.0,52.0,0.4444444444444444,0.3333333333333333,12.5,6.1,1.45,25.0,0.46558333333333335,442.91797648749167,35.54984487539201,600.7251402165707,39.63459366100875,510.44052917861916,1.3105859507739828,844.831929635545,34.703569932384916,7.513624923849761,24,27,111.19859441955967,0.9150000000000001,-0.1781480759382248,-0.03567666932940483,0.004815968684852123,0.28925102949142456,0.2118031084537506,-0.06275853514671326,0.20612309873104095,-0.11461903154850006,-0.22532889246940613,-0.06398181617259979,0.082065150141716,0.05212364345788956,-0.17094039916992188,0.14735427498817444,0.1699899435043335,-0.22095514833927155
Hazaribagh,Jharkhand,2017,HSP70_Sensitive,Heat_Shock,16.686160168117528,1999.5321559651793,1,Partial Claim (50%),0.38,5.0,52.0,0.4444444444444444,0.3333333333333333,12.5,6.1,1.45,25.0,0.46558333333333335,442.91797648749167,35.54984487539201,600.7251402165707,39.63459366100875,510.44052917861916,1.3105859507739828,844.831929635545,34.703569932384916,7.513624923849761,24,27,111.19859441955967,0.9150000000000001,-0.20718370378017426,0.01853133924305439,0.09380441159009933,0.3055195212364197,0.16862349212169647,-0.09158311039209366,0.08950691670179367,-0.2243649810552597,-0.151502788066864,-0.10456757992506027,0.05769587308168411,-0.04112328216433525,-0.08085259795188904,0.1446770280599594,0.12276722490787506,-0.17694050073623657
Hazaribagh,Jharkhand,2018,ALMT1_Tolerant,Aluminium_Toxicity,10.162700097489054,2156.095197660263,0,No Payout,0.88,5.0,52.0,0.4444444444444444,0.3333333333333333,12.5,6.1,1.45,25.0,0.46558333333333335,445.7649536622212,32.02088605309425,618.3194777699657,0.3351802161734432,503.4640091226163,2.099930666923573,832.6591125095646,53.10343094615736,7.195053217133015,24,36,87.55942788234861,1.2200000000000002,-0.4537000060081482,-0.571183443069458,0.2712506353855133,0.5567675828933716,-0.11112017929553986,-0.12277822941541672,0.14524847269058228,0.11068610101938248,-0.07873772084712982,0.1910332292318344,0.48777616024017334,0.18675024807453156,0.05086051672697067,-0.2221333533525467,0.16239656507968903,0.13685879111289978
Hazaribagh,Jharkhand,2018,ALMT1_Sensitive,Aluminium_Toxicity,23.541422569172365,1835.0058583398632,1,Partial Claim (50%),0.32,5.0,52.0,0.4444444444444444,0.3333333333333333,12.5,6.1,1.45,25.0,0.46558333333333335,445.7649536622212,32.02088605309425,618.3194777699657,0.3351802161734432,503.4640091226163,2.099930666923573,832.6591125095646,53.10343094615736,7.195053217133015,24,36,87.55942788234861,1.2200000000000002,-0.4094317853450775,-0.5999096632003784,0.296453058719635,0.5143894553184509,-0.11339632421731949,-0.11340825259685516,0.11905470490455627,0.011642052792012691,-0.14638188481330872,0.19061347842216492,0.42442217469215393,0.17834866046905518,0.07455034554004669,-0.14225496351718903,0.08594279736280441,0.12387453019618988
Hazaribagh,Jharkhand,2018,HSP70_Thermotolerant,Heat_Shock,12.157793523584457,2108.212955433973,0,No Payout,0.85,5.0,52.0,0.4444444444444444,0.3333333333333333,12.5,6.1,1.45,25.0,0.46558333333333335,445.7649536622212,32.02088605309425,618.3194777699657,0.3351802161734432,503.4640091226163,2.099930666923573,832.6591125095646,53.10343094615736,7.195053217133015,24,36,87.55942788234861,1.2200000000000002,-0.1781480759382248,-0.03567666932940483,0.004815968684852123,0.28925102949142456,0.2118031084537506,-0.06275853514671326,0.20612309873104095,-0.11461903154850006,-0.22532889246940613,-0.06398181617259979,0.082065150141716,0.05212364345788956,-0.17094039916992188,0.14735427498817444,0.1699899435043335,-0.22095514833927155
Hazaribagh,Jharkhand,2018,HSP70_Sensitive,Heat_Shock,18.746831161453485,1950.0760521251163,1,Partial Claim (50%),0.38,5.0,52.0,0.4444444444444444,0.3333333333333333,12.5,6.1,1.45,25.0,0.46558333333333335,445.7649536622212,32.02088605309425,618.3194777699657,0.3351802161734432,503.4640091226163,2.099930666923573,832.6591125095646,53.10343094615736,7.195053217133015,24,36,87.55942788234861,1.2200000000000002,-0.20718370378017426,0.01853133924305439,0.09380441159009933,0.3055195212364197,0.16862349212169647,-0.09158311039209366,0.08950691670179367,-0.2243649810552597,-0.151502788066864,-0.10456757992506027,0.05769587308168411,-0.04112328216433525,-0.08085259795188904,0.1446770280599594,0.12276722490787506,-0.17694050073623657
Hazaribagh,Jharkhand,2019,ALMT1_Tolerant,Aluminium_Toxicity,7.238508354411513,2226.275799494124,0,No Payout,0.88,5.0,52.0,0.4444444444444444,0.3333333333333333,12.5,6.1,1.45,25.0,0.46558333333333335,448.87611866931064,1.6156543794225302,605.8951178429502,26.998839303421605,507.5777306395563,64.57225560141161,831.8419841061341,25.12755965363235,5.912393708048285,22,16,118.31430893788809,0.5422222222222223,-0.4537000060081482,-0.571183443069458,0.2712506353855133,0.5567675828933716,-0.11112017929553986,-0.12277822941541672,0.14524847269058228,0.11068610101938248,-0.07873772084712982,0.1910332292318344,0.48777616024017334,0.18675024807453156,0.05086051672697067,-0.2221333533525467,0.16239656507968903,0.13685879111289978
Hazaribagh,Jharkhand,2019,ALMT1_Sensitive,Aluminium_Toxicity,22.04194815371931,1870.9932443107364,1,Partial Claim (50%),0.32,5.0,52.0,0.4444444444444444,0.3333333333333333,12.5,6.1,1.45,25.0,0.46558333333333335,448.87611866931064,1.6156543794225302,605.8951178429502,26.998839303421605,507.5777306395563,64.57225560141161,831.8419841061341,25.12755965363235,5.912393708048285,22,16,118.31430893788809,0.5422222222222223,-0.4094317853450775,-0.5999096632003784,0.296453058719635,0.5143894553184509,-0.11339632421731949,-0.11340825259685516,0.11905470490455627,0.011642052792012691,-0.14638188481330872,0.19061347842216492,0.42442217469215393,0.17834866046905518,0.07455034554004669,-0.14225496351718903,0.08594279736280441,0.12387453019618988
Hazaribagh,Jharkhand,2019,HSP70_Thermotolerant,Heat_Shock,12.084599139744656,2109.969620646128,0,No Payout,0.85,5.0,52.0,0.4444444444444444,0.3333333333333333,12.5,6.1,1.45,25.0,0.46558333333333335,448.87611866931064,1.6156543794225302,605.8951178429502,26.998839303421605,507.5777306395563,64.57225560141161,831.8419841061341,25.12755965363235,5.912393708048285,22,16,118.31430893788809,0.5422222222222223,-0.1781480759382248,-0.03567666932940483,0.004815968684852123,0.28925102949142456,0.2118031084537506,-0.06275853514671326,0.20612309873104095,-0.11461903154850006,-0.22532889246940613,-0.06398181617259979,0.082065150141716,0.05212364345788956,-0.17094039916992188,0.14735427498817444,0.1699899435043335,-0.22095514833927155
Hazaribagh,Jharkhand,2019,HSP70_Sensitive,Heat_Shock,22.891735670202568,1850.5983439151382,1,Partial Claim (50%),0.38,5.0,52.0,0.4444444444444444,0.3333333333333333,12.5,6.1,1.45,25.0,0.46558333333333335,448.87611866931064,1.6156543794225302,605.8951178429502,26.998839303421605,507.5777306395563,64.57225560141161,831.8419841061341,25.12755965363235,5.912393708048285,22,16,118.31430893788809,0.5422222222222223,-0.20718370378017426,0.01853133924305439,0.09380441159009933,0.3055195212364197,0.16862349212169647,-0.09158311039209366,0.08950691670179367,-0.2243649810552597,-0.151502788066864,-0.10456757992506027,0.05769587308168411,-0.04112328216433525,-0.08085259795188904,0.1446770280599594,0.12276722490787506,-0.17694050073623657
Hazaribagh,Jharkhand,2020,ALMT1_Tolerant,Aluminium_Toxicity,9.462765247143468,2172.893634068557,0,No Payout,0.88,5.0,52.0,0.4444444444444444,0.3333333333333333,12.5,6.1,1.45,25.0,0.46558333333333335,436.7514105686772,0.0,605.8106073148125,117.49135274554497,505.6029558685534,37.03588002063394,835.9017390959336,19.419252431964946,10.20677281123141,22,20,173.94648519814385,0.6777777777777778,-0.4537000060081482,-0.571183443069458,0.2712506353855133,0.5567675828933716,-0.11112017929553986,-0.12277822941541672,0.14524847269058228,0.11068610101938248,-0.07873772084712982,0.1910332292318344,0.48777616024017334,0.18675024807453156,0.05086051672697067,-0.2221333533525467,0.16239656507968903,0.13685879111289978
Hazaribagh,Jharkhand,2020,ALMT1_Sensitive,Aluminium_Toxicity,19.199596772751246,1939.20967745397,1,Partial Claim (50%),0.32,5.0,52.0,0.4444444444444444,0.3333333333333333,12.5,6.1,1.45,25.0,0.46558333333333335,436.7514105686772,0.0,605.8106073148125,117.49135274554497,505.6029558685534,37.03588002063394,835.9017390959336,19.419252431964946,10.20677281123141,22,20,173.94648519814385,0.6777777777777778,-0.4094317853450775,-0.5999096632003784,0.296453058719635,0.5143894553184509,-0.11339632421731949,-0.11340825259685516,0.11905470490455627,0.011642052792012691,-0.14638188481330872,0.19061347842216492,0.42442217469215393,0.17834866046905518,0.07455034554004669,-0.14225496351718903,0.08594279736280441,0.12387453019618988
Hazaribagh,Jharkhand,2020,HSP70_Thermotolerant,Heat_Shock,10.458702539739148,2148.9911390462603,0,No Payout,0.85,5.0,52.0,0.4444444444444444,0.3333333333333333,12.5,6.1,1.45,25.0,0.46558333333333335,436.7514105686772,0.0,605.8106073148125,117.49135274554497,505.6029558685534,37.03588002063394,835.9017390959336,19.419252431964946,10.20677281123141,22,20,173.94648519814385,0.6777777777777778,-0.1781480759382248,-0.03567666932940483,0.004815968684852123,0.28925102949142456,0.2118031084537506,-0.06275853514671326,0.20612309873104095,-0.11461903154850006,-0.22532889246940613,-0.06398181617259979,0.082065150141716,0.05212364345788956,-0.17094039916992188,0.14735427498817444,0.1699899435043335,-0.22095514833927155
Hazaribagh,Jharkhand,2020,HSP70_Sensitive,Heat_Shock,18.492005410140656,1956.1918701566242,1,Partial Claim (50%),0.38,5.0,52.0,0.4444444444444444,0.3333333333333333,12.5,6.1,1.45,25.0,0.46558333333333335,436.7514105686772,0.0,605.8106073148125,117.49135274554497,505.6029558685534,37.03588002063394,835.9017390959336,19.419252431964946,10.20677281123141,22,20,173.94648519814385,0.6777777777777778,-0.20718370378017426,0.01853133924305439,0.09380441159009933,0.3055195212364197,0.16862349212169647,-0.09158311039209366,0.08950691670179367,-0.2243649810552597,-0.151502788066864,-0.10456757992506027,0.05769587308168411,-0.04112328216433525,-0.08085259795188904,0.1446770280599594,0.12276722490787506,-0.17694050073623657
Hazaribagh,Jharkhand,2021,ALMT1_Tolerant,Aluminium_Toxicity,20.713110684348905,1902.8853435756264,1,Partial Claim (50%),0.88,5.0,52.0,0.4444444444444444,0.3333333333333333,12.5,6.1,1.45,25.0,0.46558333333333335,449.6072537456557,81.84193190348661,596.0017448171864,26.066977817033713,522.851965130545,44.9570936909356,893.9941807870077,17.332445756514456,35.19846491828542,34,25,170.19844916797038,0.8472222222222223,-0.4537000060081482,-0.571183443069458,0.2712506353855133,0.5567675828933716,-0.11112017929553986,-0.12277822941541672,0.14524847269058228,0.11068610101938248,-0.07873772084712982,0.1910332292318344,0.48777616024017334,0.18675024807453156,0.05086051672697067,-0.2221333533525467,0.16239656507968903,0.13685879111289978
Hazaribagh,Jharkhand,2021,ALMT1_Sensitive,Aluminium_Toxicity,29.100519101473193,1701.5875415646433,1,Partial Claim (50%),0.32,5.0,52.0,0.4444444444444444,0.3333333333333333,12.5,6.1,1.45,25.0,0.46558333333333335,449.6072537456557,81.84193190348661,596.0017448171864,26.066977817033713,522.851965130545,44.9570936909356,893.9941807870077,17.332445756514456,35.19846491828542,34,25,170.19844916797038,0.8472222222222223,-0.4094317853450775,-0.5999096632003784,0.296453058719635,0.5143894553184509,-0.11339632421731949,-0.11340825259685516,0.11905470490455627,0.011642052792012691,-0.14638188481330872,0.19061347842216492,0.42442217469215393,0.17834866046905518,0.07455034554004669,-0.14225496351718903,0.08594279736280441,0.12387453019618988
Hazaribagh,Jharkhand,2021,HSP70_Thermotolerant,Heat_Shock,14.236748926724891,2058.3180257586027,0,No Payout,0.85,5.0,52.0,0.4444444444444444,0.3333333333333333,12.5,6.1,1.45,25.0,0.46558333333333335,449.6072537456557,81.84193190348661,596.0017448171864,26.066977817033713,522.851965130545,44.9570936909356,893.9941807870077,17.332445756514456,35.19846491828542,34,25,170.19844916797038,0.8472222222222223,-0.1781480759382248,-0.03567666932940483,0.004815968684852123,0.28925102949142456,0.2118031084537506,-0.06275853514671326,0.20612309873104095,-0.11461903154850006,-0.22532889246940613,-0.06398181617259979,0.082065150141716,0.05212364345788956,-0.17094039916992188,0.14735427498817444,0.1699899435043335,-0.22095514833927155
Hazaribagh,Jharkhand,2021,HSP70_Sensitive,Heat_Shock,27.487413865107328,1740.302067237424,1,Partial Claim (50%),0.38,5.0,52.0,0.4444444444444444,0.3333333333333333,12.5,6.1,1.45,25.0,0.46558333333333335,449.6072537456557,81.84193190348661,596.0017448171864,26.066977817033713,522.851965130545,44.9570936909356,893.9941807870077,17.332445756514456,35.19846491828542,34,25,170.19844916797038,0.8472222222222223,-0.20718370378017426,0.01853133924305439,0.09380441159009933,0.3055195212364197,0.16862349212169647,-0.09158311039209366,0.08950691670179367,-0.2243649810552597,-0.151502788066864,-0.10456757992506027,0.05769587308168411,-0.04112328216433525,-0.08085259795188904,0.1446770280599594,0.12276722490787506,-0.17694050073623657
Hazaribagh,Jharkhand,2022,ALMT1_Tolerant,Aluminium_Toxicity,18.483699615859862,1956.3912092193634,1,Partial Claim (50%),0.88,5.0,52.0,0.4444444444444444,0.3333333333333333,12.5,6.1,1.45,25.0,0.46558333333333335,447.0585875588339,63.13143499914183,601.7898158621313,30.28811347918413,507.4108043561638,11.006084587432674,904.411795980453,20.208227868221314,31.03397329035496,35,18,124.63386093397996,0.6100000000000001,-0.4537000060081482,-0.571183443069458,0.2712506353855133,0.5567675828933716,-0.11112017929553986,-0.12277822941541672,0.14524847269058228,0.11068610101938248,-0.07873772084712982,0.1910332292318344,0.48777616024017334,0.18675024807453156,0.05086051672697067,-0.2221333533525467,0.16239656507968903,0.13685879111289978
Hazaribagh,Jharkhand,2022,ALMT1_Sensitive,Aluminium_Toxicity,29.95537949372543,1681.0708921505895,1,Partial Claim (50%),0.32,5.0,52.0,0.4444444444444444,0.3333333333333333,12.5,6.1,1.45,25.0,0.46558333333333335,447.0585875588339,63.13143499914183,601.7898158621313,30.28811347918413,507.4108043561638,11.006084587432674,904.411795980453,20.208227868221314,31.03397329035496,35,18,124.63386093397996,0.6100000000000001,-0.4094317853450775,-0.5999096632003784,0.296453058719635,0.5143894553184509,-0.11339632421731949,-0.11340825259685516,0.11905470490455627,0.011642052792012691,-0.14638188481330872,0.19061347842216492,0.42442217469215393,0.17834866046905518,0.07455034554004669,-0.14225496351718903,0.08594279736280441,0.12387453019618988
Hazaribagh,Jharkhand,2022,HSP70_Thermotolerant,Heat_Shock,20.150414590005855,1916.3900498398593,1,Partial Claim (50%),0.85,5.0,52.0,0.4444444444444444,0.3333333333333333,12.5,6.1,1.45,25.0,0.46558333333333335,447.0585875588339,63.13143499914183,601.7898158621313,30.28811347918413,507.4108043561638,11.006084587432674,904.411795980453,20.208227868221314,31.03397329035496,35,18,124.63386093397996,0.6100000000000001,-0.1781480759382248,-0.03567666932940483,0.004815968684852123,0.28925102949142456,0.2118031084537506,-0.06275853514671326,0.20612309873104095,-0.11461903154850006,-0.22532889246940613,-0.06398181617259979,0.082065150141716,0.05212364345788956,-0.17094039916992188,0.14735427498817444,0.1699899435043335,-0.22095514833927155
Hazaribagh,Jharkhand,2022,HSP70_Sensitive,Heat_Shock,30.20366208620977,1675.1121099309655,2,Full Claim (100%),0.38,5.0,52.0,0.4444444444444444,0.3333333333333333,12.5,6.1,1.45,25.0,0.46558333333333335,447.0585875588339,63.13143499914183,601.7898158621313,30.28811347918413,507.4108043561638,11.006084587432674,904.411795980453,20.208227868221314,31.03397329035496,35,18,124.63386093397996,0.6100000000000001,-0.20718370378017426,0.01853133924305439,0.09380441159009933,0.3055195212364197,0.16862349212169647,-0.09158311039209366,0.08950691670179367,-0.2243649810552597,-0.151502788066864,-0.10456757992506027,0.05769587308168411,-0.04112328216433525,-0.08085259795188904,0.1446770280599594,0.12276722490787506,-0.17694050073623657
Hazaribagh,Jharkhand,2023,ALMT1_Tolerant,Aluminium_Toxicity,12.864478883157659,2091.252506804216,0,No Payout,0.88,5.0,52.0,0.4444444444444444,0.3333333333333333,12.5,6.1,1.45,25.0,0.46558333333333335,452.66883274534473,13.74095662237307,611.7139800134648,100.6383016256635,498.26483039743107,2.889513628273002,852.6638413854527,0.8522882316411411,8.875081164045916,24,33,118.12106010795073,1.1183333333333334,-0.4537000060081482,-0.571183443069458,0.2712506353855133,0.5567675828933716,-0.11112017929553986,-0.12277822941541672,0.14524847269058228,0.11068610101938248,-0.07873772084712982,0.1910332292318344,0.48777616024017334,0.18675024807453156,0.05086051672697067,-0.2221333533525467,0.16239656507968903,0.13685879111289978
Hazaribagh,Jharkhand,2023,ALMT1_Sensitive,Aluminium_Toxicity,22.04795309440555,1870.8491257342669,1,Partial Claim (50%),0.32,5.0,52.0,0.4444444444444444,0.3333333333333333,12.5,6.1,1.45,25.0,0.46558333333333335,452.66883274534473,13.74095662237307,611.7139800134648,100.6383016256635,498.26483039743107,2.889513628273002,852.6638413854527,0.8522882316411411,8.875081164045916,24,33,118.12106010795073,1.1183333333333334,-0.4094317853450775,-0.5999096632003784,0.296453058719635,0.5143894553184509,-0.11339632421731949,-0.11340825259685516,0.11905470490455627,0.011642052792012691,-0.14638188481330872,0.19061347842216492,0.42442217469215393,0.17834866046905518,0.07455034554004669,-0.14225496351718903,0.08594279736280441,0.12387453019618988
Hazaribagh,Jharkhand,2023,HSP70_Thermotolerant,Heat_Shock,17.632838747612332,1976.811870057304,1,Partial Claim (50%),0.85,5.0,52.0,0.4444444444444444,0.3333333333333333,12.5,6.1,1.45,25.0,0.46558333333333335,452.66883274534473,13.74095662237307,611.7139800134648,100.6383016256635,498.26483039743107,2.889513628273002,852.6638413854527,0.8522882316411411,8.875081164045916,24,33,118.12106010795073,1.1183333333333334,-0.1781480759382248,-0.03567666932940483,0.004815968684852123,0.28925102949142456,0.2118031084537506,-0.06275853514671326,0.20612309873104095,-0.11461903154850006,-0.22532889246940613,-0.06398181617259979,0.082065150141716,0.05212364345788956,-0.17094039916992188,0.14735427498817444,0.1699899435043335,-0.22095514833927155
Hazaribagh,Jharkhand,2023,HSP70_Sensitive,Heat_Shock,23.42295956341152,1837.8489704781236,1,Partial Claim (50%),0.38,5.0,52.0,0.4444444444444444,0.3333333333333333,12.5,6.1,1.45,25.0,0.46558333333333335,452.66883274534473,13.74095662237307,611.7139800134648,100.6383016256635,498.26483039743107,2.889513628273002,852.6638413854527,0.8522882316411411,8.875081164045916,24,33,118.12106010795073,1.1183333333333334,-0.20718370378017426,0.01853133924305439,0.09380441159009933,0.3055195212364197,0.16862349212169647,-0.09158311039209366,0.08950691670179367,-0.2243649810552597,-0.151502788066864,-0.10456757992506027,0.05769587308168411,-0.04112328216433525,-0.08085259795188904,0.1446770280599594,0.12276722490787506,-0.17694050073623657
Palamu,Jharkhand,2008,ALMT1_Tolerant,Aluminium_Toxicity,8.980473416841647,2184.4686379958002,0,No Payout,0.88,5.3,42.0,0.23222222222222225,0.13333333333333344,13.8,4.8,1.52,22.0,0.32983333333333337,454.38170983692476,14.967630407751066,617.9662677632219,40.17800263569028,500.1036412650362,19.327178282989344,835.9516198642397,25.319803370915714,5.652799116610076,22,18,99.7926146973464,0.5336000000000001,-0.4537000060081482,-0.571183443069458,0.2712506353855133,0.5567675828933716,-0.11112017929553986,-0.12277822941541672,0.14524847269058228,0.11068610101938248,-0.07873772084712982,0.1910332292318344,0.48777616024017334,0.18675024807453156,0.05086051672697067,-0.2221333533525467,0.16239656507968903,0.13685879111289978
Palamu,Jharkhand,2008,ALMT1_Sensitive,Aluminium_Toxicity,14.437087558719725,2053.5098985907266,0,No Payout,0.32,5.3,42.0,0.23222222222222225,0.13333333333333344,13.8,4.8,1.52,22.0,0.32983333333333337,454.38170983692476,14.967630407751066,617.9662677632219,40.17800263569028,500.1036412650362,19.327178282989344,835.9516198642397,25.319803370915714,5.652799116610076,22,18,99.7926146973464,0.5336000000000001,-0.4094317853450775,-0.5999096632003784,0.296453058719635,0.5143894553184509,-0.11339632421731949,-0.11340825259685516,0.11905470490455627,0.011642052792012691,-0.14638188481330872,0.19061347842216492,0.42442217469215393,0.17834866046905518,0.07455034554004669,-0.14225496351718903,0.08594279736280441,0.12387453019618988
Palamu,Jharkhand,2008,HSP70_Thermotolerant,Heat_Shock,9.676290334969423,2167.769031960734,0,No Payout,0.85,5.3,42.0,0.23222222222222225,0.13333333333333344,13.8,4.8,1.52,22.0,0.32983333333333337,454.38170983692476,14.967630407751066,617.9662677632219,40.17800263569028,500.1036412650362,19.327178282989344,835.9516198642397,25.319803370915714,5.652799116610076,22,18,99.7926146973464,0.5336000000000001,-0.1781480759382248,-0.03567666932940483,0.004815968684852123,0.28925102949142456,0.2118031084537506,-0.06275853514671326,0.20612309873104095,-0.11461903154850006,-0.22532889246940613,-0.06398181617259979,0.082065150141716,0.05212364345788956,-0.17094039916992188,0.14735427498817444,0.1699899435043335,-0.22095514833927155
Palamu,Jharkhand,2008,HSP70_Sensitive,Heat_Shock,11.545836779858993,2122.899917283384,0,No Payout,0.38,5.3,42.0,0.23222222222222225,0.13333333333333344,13.8,4.8,1.52,22.0,0.32983333333333337,454.38170983692476,14.967630407751066,617.9662677632219,40.17800263569028,500.1036412650362,19.327178282989344,835.9516198642397,25.319803370915714,5.652799116610076,22,18,99.7926146973464,0.5336000000000001,-0.20718370378017426,0.01853133924305439,0.09380441159009933,0.3055195212364197,0.16862349212169647,-0.09158311039209366,0.08950691670179367,-0.2243649810552597,-0.151502788066864,-0.10456757992506027,0.05769587308168411,-0.04112328216433525,-0.08085259795188904,0.1446770280599594,0.12276722490787506,-0.17694050073623657
Palamu,Jharkhand,2009,ALMT1_Tolerant,Aluminium_Toxicity,11.397450091201922,2126.461197811154,0,No Payout,0.88,5.3,42.0,0.23222222222222225,0.13333333333333344,13.8,4.8,1.52,22.0,0.32983333333333337,436.92330842203074,1.051414352591617,600.438453208756,16.66671499795616,494.6456007658811,17.104795165493282,836.2304739595722,3.7849797038302935,10.195078383345233,24,22,38.60790421987135,0.6521777777777779,-0.4537000060081482,-0.571183443069458,0.2712506353855133,0.5567675828933716,-0.11112017929553986,-0.12277822941541672,0.14524847269058228,0.11068610101938248,-0.07873772084712982,0.1910332292318344,0.48777616024017334,0.18675024807453156,0.05086051672697067,-0.2221333533525467,0.16239656507968903,0.13685879111289978
Palamu,Jharkhand,2009,ALMT1_Sensitive,Aluminium_Toxicity,12.582579978008587,2098.0180805277937,0,No Payout,0.32,5.3,42.0,0.23222222222222225,0.13333333333333344,13.8,4.8,1.52,22.0,0.32983333333333337,436.92330842203074,1.051414352591617,600.438453208756,16.66671499795616,494.6456007658811,17.104795165493282,836.2304739595722,3.7849797038302935,10.195078383345233,24,22,38.60790421987135,0.6521777777777779,-0.4094317853450775,-0.5999096632003784,0.296453058719635,0.5143894553184509,-0.11339632421731949,-0.11340825259685516,0.11905470490455627,0.011642052792012691,-0.14638188481330872,0.19061347842216492,0.42442217469215393,0.17834866046905518,0.07455034554004669,-0.14225496351718903,0.08594279736280441,0.12387453019618988
Palamu,Jharkhand,2009,HSP70_Thermotolerant,Heat_Shock,11.45392282257741,2125.105852258142,0,No Payout,0.85,5.3,42.0,0.23222222222222225,0.13333333333333344,13.8,4.8,1.52,22.0,0.32983333333333337,436.92330842203074,1.051414352591617,600.438453208756,16.66671499795616,494.6456007658811,17.104795165493282,836.2304739595722,3.7849797038302935,10.195078383345233,24,22,38.60790421987135,0.6521777777777779,-0.1781480759382248,-0.03567666932940483,0.004815968684852123,0.28925102949142456,0.2118031084537506,-0.06275853514671326,0.20612309873104095,-0.11461903154850006,-0.22532889246940613,-0.06398181617259979,0.082065150141716,0.05212364345788956,-0.17094039916992188,0.14735427498817444,0.1699899435043335,-0.22095514833927155
Palamu,Jharkhand,2009,HSP70_Sensitive,Heat_Shock,16.74222682825088,1998.1865561219788,1,Partial Claim (50%),0.38,5.3,42.0,0.23222222222222225,0.13333333333333344,13.8,4.8,1.52,22.0,0.32983333333333337,436.92330842203074,1.051414352591617,600.438453208756,16.66671499795616,494.6456007658811,17.104795165493282,836.2304739595722,3.7849797038302935,10.195078383345233,24,22,38.60790421987135,0.6521777777777779,-0.20718370378017426,0.01853133924305439,0.09380441159009933,0.3055195212364197,0.16862349212169647,-0.09158311039209366,0.08950691670179367,-0.2243649810552597,-0.151502788066864,-0.10456757992506027,0.05769587308168411,-0.04112328216433525,-0.08085259795188904,0.1446770280599594,0.12276722490787506,-0.17694050073623657
Palamu,Jharkhand,2010,ALMT1_Tolerant,Aluminium_Toxicity,10.488771973320393,2148.2694726403106,0,No Payout,0.88,5.3,42.0,0.23222222222222225,0.13333333333333344,13.8,4.8,1.52,22.0,0.32983333333333337,455.626554233521,59.77113346897082,610.0831782130073,95.77138663192247,520.5663203283523,83.11719072056118,908.772060657999,1.9477111179893307,28.95836199841384,34,19,240.6074219394438,0.5632444444444444,-0.4537000060081482,-0.571183443069458,0.2712506353855133,0.5567675828933716,-0.11112017929553986,-0.12277822941541672,0.14524847269058228,0.11068610101938248,-0.07873772084712982,0.1910332292318344,0.48777616024017334,0.18675024807453156,0.05086051672697067,-0.2221333533525467,0.16239656507968903,0.13685879111289978
Palamu,Jharkhand,2010,ALMT1_Sensitive,Aluminium_Toxicity,13.998865653212622,2064.027224322897,0,No Payout,0.32,5.3,42.0,0.23222222222222225,0.13333333333333344,13.8,4.8,1.52,22.0,0.32983333333333337,455.626554233521,59.77113346897082,610.0831782130073,95.77138663192247,520.5663203283523,83.11719072056118,908.772060657999,1.9477111179893307,28.95836199841384,34,19,240.6074219394438,0.5632444444444444,-0.4094317853450775,-0.5999096632003784,0.296453058719635,0.5143894553184509,-0.11339632421731949,-0.11340825259685516,0.11905470490455627,0.011642052792012691,-0.14638188481330872,0.19061347842216492,0.42442217469215393,0.17834866046905518,0.07455034554004669,-0.14225496351718903,0.08594279736280441,0.12387453019618988
Palamu,Jharkhand,2010,HSP70_Thermotolerant,Heat_Shock,17.67626044105579,1975.769749414661,1,Partial Claim (50%),0.85,5.3,42.0,0.23222222222222225,0.13333333333333344,13.8,4.8,1.52,22.0,0.32983333333333337,455.626554233521,59.77113346897082,610.0831782130073,95.77138663192247,520.5663203283523,83.11719072056118,908.772060657999,1.9477111179893307,28.95836199841384,34,19,240.6074219394438,0.5632444444444444,-0.1781480759382248,-0.03567666932940483,0.004815968684852123,0.28925102949142456,0.2118031084537506,-0.06275853514671326,0.20612309873104095,-0.11461903154850006,-0.22532889246940613,-0.06398181617259979,0.082065150141716,0.05212364345788956,-0.17094039916992188,0.14735427498817444,0.1699899435043335,-0.22095514833927155
Palamu,Jharkhand,2010,HSP70_Sensitive,Heat_Shock,11.14672709863699,2132.478549632712,0,No Payout,0.38,5.3,42.0,0.23222222222222225,0.13333333333333344,13.8,4.8,1.52,22.0,0.32983333333333337,455.626554233521,59.77113346897082,610.0831782130073,95.77138663192247,520.5663203283523,83.11719072056118,908.772060657999,1.9477111179893307,28.95836199841384,34,19,240.6074219394438,0.5632444444444444,-0.20718370378017426,0.01853133924305439,0.09380441159009933,0.3055195212364197,0.16862349212169647,-0.09158311039209366,0.08950691670179367,-0.2243649810552597,-0.151502788066864,-0.10456757992506027,0.05769587308168411,-0.04112328216433525,-0.08085259795188904,0.1446770280599594,0.12276722490787506,-0.17694050073623657
Palamu,Jharkhand,2011,ALMT1_Tolerant,Aluminium_Toxicity,8.082418026170044,2206.021967371919,0,No Payout,0.88,5.3,42.0,0.23222222222222225,0.13333333333333344,13.8,4.8,1.52,22.0,0.32983333333333337,435.74155151411594,0.0,611.7355809037603,27.00668541319132,501.1341173290375,6.911692772407146,837.1714055305797,64.4479646798755,12.619395822085483,23,20,98.36634286547397,0.5928888888888889,-0.4537000060081482,-0.571183443069458,0.2712506353855133,0.5567675828933716,-0.11112017929553986,-0.12277822941541672,0.14524847269058228,0.11068610101938248,-0.07873772084712982,0.1910332292318344,0.48777616024017334,0.18675024807453156,0.05086051672697067,-0.2221333533525467,0.16239656507968903,0.13685879111289978
Palamu,Jharkhand,2011,ALMT1_Sensitive,Aluminium_Toxicity,12.912120697326129,2090.109103264173,0,No Payout,0.32,5.3,42.0,0.23222222222222225,0.13333333333333344,13.8,4.8,1.52,22.0,0.32983333333333337,435.74155151411594,0.0,611.7355809037603,27.00668541319132,501.1341173290375,6.911692772407146,837.1714055305797,64.4479646798755,12.619395822085483,23,20,98.36634286547397,0.5928888888888889,-0.4094317853450775,-0.5999096632003784,0.296453058719635,0.5143894553184509,-0.11339632421731949,-0.11340825259685516,0.11905470490455627,0.011642052792012691,-0.14638188481330872,0.19061347842216492,0.42442217469215393,0.17834866046905518,0.07455034554004669,-0.14225496351718903,0.08594279736280441,0.12387453019618988
Palamu,Jharkhand,2011,HSP70_Thermotolerant,Heat_Shock,11.467680913751819,2124.775658069956,0,No Payout,0.85,5.3,42.0,0.23222222222222225,0.13333333333333344,13.8,4.8,1.52,22.0,0.32983333333333337,435.74155151411594,0.0,611.7355809037603,27.00668541319132,501.1341173290375,6.911692772407146,837.1714055305797,64.4479646798755,12.619395822085483,23,20,98.36634286547397,0.5928888888888889,-0.1781480759382248,-0.03567666932940483,0.004815968684852123,0.28925102949142456,0.2118031084537506,-0.06275853514671326,0.20612309873104095,-0.11461903154850006,-0.22532889246940613,-0.06398181617259979,0.082065150141716,0.05212364345788956,-0.17094039916992188,0.14735427498817444,0.1699899435043335,-0.22095514833927155
Palamu,Jharkhand,2011,HSP70_Sensitive,Heat_Shock,11.347386206018257,2127.662731055562,0,No Payout,0.38,5.3,42.0,0.23222222222222225,0.13333333333333344,13.8,4.8,1.52,22.0,0.32983333333333337,435.74155151411594,0.0,611.7355809037603,27.00668541319132,501.1341173290375,6.911692772407146,837.1714055305797,64.4479646798755,12.619395822085483,23,20,98.36634286547397,0.5928888888888889,-0.20718370378017426,0.01853133924305439,0.09380441159009933,0.3055195212364197,0.16862349212169647,-0.09158311039209366,0.08950691670179367,-0.2243649810552597,-0.151502788066864,-0.10456757992506027,0.05769587308168411,-0.04112328216433525,-0.08085259795188904,0.1446770280599594,0.12276722490787506,-0.17694050073623657
Palamu,Jharkhand,2012,ALMT1_Tolerant,Aluminium_Toxicity,10.0004976938176,2159.9880553483777,0,No Payout,0.88,5.3,42.0,0.23222222222222225,0.13333333333333344,13.8,4.8,1.52,22.0,0.32983333333333337,452.9336082365861,53.27829663697558,609.248513599262,97.15174802925522,485.4267883094439,11.71890688657129,848.8784416634086,92.10664624936402,2.681509040166123,22,32,254.2555978021661,0.9486222222222223,-0.4537000060081482,-0.571183443069458,0.2712506353855133,0.5567675828933716,-0.11112017929553986,-0.12277822941541672,0.14524847269058228,0.11068610101938248,-0.07873772084712982,0.1910332292318344,0.48777616024017334,0.18675024807453156,0.05086051672697067,-0.2221333533525467,0.16239656507968903,0.13685879111289978
Palamu,Jharkhand,2012,ALMT1_Sensitive,Aluminium_Toxicity,3.90706945461933,2306.2303330891364,0,No Payout,0.32,5.3,42.0,0.23222222222222225,0.13333333333333344,13.8,4.8,1.52,22.0,0.32983333333333337,452.9336082365861,53.27829663697558,609.248513599262,97.15174802925522,485.4267883094439,11.71890688657129,848.8784416634086,92.10664624936402,2.681509040166123,22,32,254.2555978021661,0.9486222222222223,-0.4094317853450775,-0.5999096632003784,0.296453058719635,0.5143894553184509,-0.11339632421731949,-0.11340825259685516,0.11905470490455627,0.011642052792012691,-0.14638188481330872,0.19061347842216492,0.42442217469215393,0.17834866046905518,0.07455034554004669,-0.14225496351718903,0.08594279736280441,0.12387453019618988
Palamu,Jharkhand,2012,HSP70_Thermotolerant,Heat_Shock,12.93054451613871,2089.666931612671,0,No Payout,0.85,5.3,42.0,0.23222222222222225,0.13333333333333344,13.8,4.8,1.52,22.0,0.32983333333333337,452.9336082365861,53.27829663697558,609.248513599262,97.15174802925522,485.4267883094439,11.71890688657129,848.8784416634086,92.10664624936402,2.681509040166123,22,32,254.2555978021661,0.9486222222222223,-0.1781480759382248,-0.03567666932940483,0.004815968684852123,0.28925102949142456,0.2118031084537506,-0.06275853514671326,0.20612309873104095,-0.11461903154850006,-0.22532889246940613,-0.06398181617259979,0.082065150141716,0.05212364345788956,-0.17094039916992188,0.14735427498817444,0.1699899435043335,-0.22095514833927155
Palamu,Jharkhand,2012,HSP70_Sensitive,Heat_Shock,11.272431574275801,2129.461642217381,0,No Payout,0.38,5.3,42.0,0.23222222222222225,0.13333333333333344,13.8,4.8,1.52,22.0,0.32983333333333337,452.9336082365861,53.27829663697558,609.248513599262,97.15174802925522,485.4267883094439,11.71890688657129,848.8784416634086,92.10664624936402,2.681509040166123,22,32,254.2555978021661,0.9486222222222223,-0.20718370378017426,0.01853133924305439,0.09380441159009933,0.3055195212364197,0.16862349212169647,-0.09158311039209366,0.08950691670179367,-0.2243649810552597,-0.151502788066864,-0.10456757992506027,0.05769587308168411,-0.04112328216433525,-0.08085259795188904,0.1446770280599594,0.12276722490787506,-0.17694050073623657
Palamu,Jharkhand,2013,ALMT1_Tolerant,Aluminium_Toxicity,2.5056613435833124,2339.8641277540005,0,No Payout,0.88,5.3,42.0,0.23222222222222225,0.13333333333333344,13.8,4.8,1.52,22.0,0.32983333333333337,451.6659593019661,8.949696761737332,599.5252191701142,6.923917936119975,502.05789562035915,23.891748834646833,843.5791178592365,52.48824758174743,8.586682945843052,24,23,92.25361111425156,0.6818222222222222,-0.4537000060081482,-0.571183443069458,0.2712506353855133,0.5567675828933716,-0.11112017929553986,-0.12277822941541672,0.14524847269058228,0.11068610101938248,-0.07873772084712982,0.1910332292318344,0.48777616024017334,0.18675024807453156,0.05086051672697067,-0.2221333533525467,0.16239656507968903,0.13685879111289978
Palamu,Jharkhand,2013,ALMT1_Sensitive,Aluminium_Toxicity,10.990386076074977,2136.2307341742007,0,No Payout,0.32,5.3,42.0,0.23222222222222225,0.13333333333333344,13.8,4.8,1.52,22.0,0.32983333333333337,451.6659593019661,8.949696761737332,599.5252191701142,6.923917936119975,502.05789562035915,23.891748834646833,843.5791178592365,52.48824758174743,8.586682945843052,24,23,92.25361111425156,0.6818222222222222,-0.4094317853450775,-0.5999096632003784,0.296453058719635,0.5143894553184509,-0.11339632421731949,-0.11340825259685516,0.11905470490455627,0.011642052792012691,-0.14638188481330872,0.19061347842216492,0.42442217469215393,0.17834866046905518,0.07455034554004669,-0.14225496351718903,0.08594279736280441,0.12387453019618988
Palamu,Jharkhand,2013,HSP70_Thermotolerant,Heat_Shock,12.748333720940746,2094.039990697422,0,No Payout,0.85,5.3,42.0,0.23222222222222225,0.13333333333333344,13.8,4.8,1.52,22.0,0.32983333333333337,451.6659593019661,8.949696761737332,599.5252191701142,6.923917936119975,502.05789562035915,23.891748834646833,843.5791178592365,52.48824758174743,8.586682945843052,24,23,92.25361111425156,0.6818222222222222,-0.1781480759382248,-0.03567666932940483,0.004815968684852123,0.28925102949142456,0.2118031084537506,-0.06275853514671326,0.20612309873104095,-0.11461903154850006,-0.22532889246940613,-0.06398181617259979,0.082065150141716,0.05212364345788956,-0.17094039916992188,0.14735427498817444,0.1699899435043335,-0.22095514833927155
Palamu,Jharkhand,2013,HSP70_Sensitive,Heat_Shock,17.411270137827152,1982.1295166921484,1,Partial Claim (50%),0.38,5.3,42.0,0.23222222222222225,0.13333333333333344,13.8,4.8,1.52,22.0,0.32983333333333337,451.6659593019661,8.949696761737332,599.5252191701142,6.923917936119975,502.05789562035915,23.891748834646833,843.5791178592365,52.48824758174743,8.586682945843052,24,23,92.25361111425156,0.6818222222222222,-0.20718370378017426,0.01853133924305439,0.09380441159009933,0.3055195212364197,0.16862349212169647,-0.09158311039209366,0.08950691670179367,-0.2243649810552597,-0.151502788066864,-0.10456757992506027,0.05769587308168411,-0.04112328216433525,-0.08085259795188904,0.1446770280599594,0.12276722490787506,-0.17694050073623657
Palamu,Jharkhand,2014,ALMT1_Tolerant,Aluminium_Toxicity,10.38856994126589,2150.6743214096186,0,No Payout,0.88,5.3,42.0,0.23222222222222225,0.13333333333333344,13.8,4.8,1.52,22.0,0.32983333333333337,450.2904462671959,25.940889813495275,615.6036562857513,48.44194046756098,501.675106871602,13.784214659722995,843.93734383271,22.524948377695495,11.006979025477204,23,21,110.69199331847474,0.6225333333333334,-0.4537000060081482,-0.571183443069458,0.2712506353855133,0.5567675828933716,-0.11112017929553986,-0.12277822941541672,0.14524847269058228,0.11068610101938248,-0.07873772084712982,0.1910332292318344,0.48777616024017334,0.18675024807453156,0.05086051672697067,-0.2221333533525467,0.16239656507968903,0.13685879111289978
Palamu,Jharkhand,2014,ALMT1_Sensitive,Aluminium_Toxicity,8.693952452966649,2191.3451411288006,0,No Payout,0.32,5.3,42.0,0.23222222222222225,0.13333333333333344,13.8,4.8,1.52,22.0,0.32983333333333337,450.2904462671959,25.940889813495275,615.6036562857513,48.44194046756098,501.675106871602,13.784214659722995,843.93734383271,22.524948377695495,11.006979025477204,23,21,110.69199331847474,0.6225333333333334,-0.4094317853450775,-0.5999096632003784,0.296453058719635,0.5143894553184509,-0.11339632421731949,-0.11340825259685516,0.11905470490455627,0.011642052792012691,-0.14638188481330872,0.19061347842216492,0.42442217469215393,0.17834866046905518,0.07455034554004669,-0.14225496351718903,0.08594279736280441,0.12387453019618988
Palamu,Jharkhand,2014,HSP70_Thermotolerant,Heat_Shock,7.405807133634684,2222.260628792768,0,No Payout,0.85,5.3,42.0,0.23222222222222225,0.13333333333333344,13.8,4.8,1.52,22.0,0.32983333333333337,450.2904462671959,25.940889813495275,615.6036562857513,48.44194046756098,501.675106871602,13.784214659722995,843.93734383271,22.524948377695495,11.006979025477204,23,21,110.69199331847474,0.6225333333333334,-0.1781480759382248,-0.03567666932940483,0.004815968684852123,0.28925102949142456,0.2118031084537506,-0.06275853514671326,0.20612309873104095,-0.11461903154850006,-0.22532889246940613,-0.06398181617259979,0.082065150141716,0.05212364345788956,-0.17094039916992188,0.14735427498817444,0.1699899435043335,-0.22095514833927155
Palamu,Jharkhand,2014,HSP70_Sensitive,Heat_Shock,16.51274475517816,2003.694125875724,1,Partial Claim (50%),0.38,5.3,42.0,0.23222222222222225,0.13333333333333344,13.8,4.8,1.52,22.0,0.32983333333333337,450.2904462671959,25.940889813495275,615.6036562857513,48.44194046756098,501.675106871602,13.784214659722995,843.93734383271,22.524948377695495,11.006979025477204,23,21,110.69199331847474,0.6225333333333334,-0.20718370378017426,0.01853133924305439,0.09380441159009933,0.3055195212364197,0.16862349212169647,-0.09158311039209366,0.08950691670179367,-0.2243649810552597,-0.151502788066864,-0.10456757992506027,0.05769587308168411,-0.04112328216433525,-0.08085259795188904,0.1446770280599594,0.12276722490787506,-0.17694050073623657
Palamu,Jharkhand,2015,ALMT1_Tolerant,Aluminium_Toxicity,9.25945225417262,2177.7731458998574,0,No Payout,0.88,5.3,42.0,0.23222222222222225,0.13333333333333344,13.8,4.8,1.52,22.0,0.32983333333333337,449.7807504327453,54.6772165782462,599.1799233757998,92.71627823021676,506.17669205352735,28.614221809053465,823.2626884712655,24.604745266325814,11.64350389464563,18,23,200.61246188384226,0.6818222222222222,-0.4537000060081482,-0.571183443069458,0.2712506353855133,0.5567675828933716,-0.11112017929553986,-0.12277822941541672,0.14524847269058228,0.11068610101938248,-0.07873772084712982,0.1910332292318344,0.48777616024017334,0.18675024807453156,0.05086051672697067,-0.2221333533525467,0.16239656507968903,0.13685879111289978
Palamu,Jharkhand,2015,ALMT1_Sensitive,Aluminium_Toxicity,7.722845081126447,2214.6517180529654,0,No Payout,0.32,5.3,42.0,0.23222222222222225,0.13333333333333344,13.8,4.8,1.52,22.0,0.32983333333333337,449.7807504327453,54.6772165782462,599.1799233757998,92.71627823021676,506.17669205352735,28.614221809053465,823.2626884712655,24.604745266325814,11.64350389464563,18,23,200.61246188384226,0.6818222222222222,-0.4094317853450775,-0.5999096632003784,0.296453058719635,0.5143894553184509,-0.11339632421731949,-0.11340825259685516,0.11905470490455627,0.011642052792012691,-0.14638188481330872,0.19061347842216492,0.42442217469215393,0.17834866046905518,0.07455034554004669,-0.14225496351718903,0.08594279736280441,0.12387453019618988
Palamu,Jharkhand,2015,HSP70_Thermotolerant,Heat_Shock,14.289218506259246,2057.058755849778,0,No Payout,0.85,5.3,42.0,0.23222222222222225,0.13333333333333344,13.8,4.8,1.52,22.0,0.32983333333333337,449.7807504327453,54.6772165782462,599.1799233757998,92.71627823021676,506.17669205352735,28.614221809053465,823.2626884712655,24.604745266325814,11.64350389464563,18,23,200.61246188384226,0.6818222222222222,-0.1781480759382248,-0.03567666932940483,0.004815968684852123,0.28925102949142456,0.2118031084537506,-0.06275853514671326,0.20612309873104095,-0.11461903154850006,-0.22532889246940613,-0.06398181617259979,0.082065150141716,0.05212364345788956,-0.17094039916992188,0.14735427498817444,0.1699899435043335,-0.22095514833927155
Palamu,Jharkhand,2015,HSP70_Sensitive,Heat_Shock,13.970403650053932,2064.710312398706,0,No Payout,0.38,5.3,42.0,0.23222222222222225,0.13333333333333344,13.8,4.8,1.52,22.0,0.32983333333333337,449.7807504327453,54.6772165782462,599.1799233757998,92.71627823021676,506.17669205352735,28.614221809053465,823.2626884712655,24.604745266325814,11.64350389464563,18,23,200.61246188384226,0.6818222222222222,-0.20718370378017426,0.01853133924305439,0.09380441159009933,0.3055195212364197,0.16862349212169647,-0.09158311039209366,0.08950691670179367,-0.2243649810552597,-0.151502788066864,-0.10456757992506027,0.05769587308168411,-0.04112328216433525,-0.08085259795188904,0.1446770280599594,0.12276722490787506,-0.17694050073623657
Palamu,Jharkhand,2016,ALMT1_Tolerant,Aluminium_Toxicity,12.69791085395074,2095.2501395051822,0,No Payout,0.88,5.3,42.0,0.23222222222222225,0.13333333333333344,13.8,4.8,1.52,22.0,0.32983333333333337,447.159109179165,19.76972734921391,603.7573203453851,60.389237921259124,517.7452491956301,4.729975449835777,896.3985984142554,59.50321662014451,23.80144066011018,32,21,144.3921573404533,0.6225333333333334,-0.4537000060081482,-0.571183443069458,0.2712506353855133,0.5567675828933716,-0.11112017929553986,-0.12277822941541672,0.14524847269058228,0.11068610101938248,-0.07873772084712982,0.1910332292318344,0.48777616024017334,0.18675024807453156,0.05086051672697067,-0.2221333533525467,0.16239656507968903,0.13685879111289978
Palamu,Jharkhand,2016,ALMT1_Sensitive,Aluminium_Toxicity,15.841237969448924,2019.810288733226,1,Partial Claim (50%),0.32,5.3,42.0,0.23222222222222225,0.13333333333333344,13.8,4.8,1.52,22.0,0.32983333333333337,447.159109179165,19.76972734921391,603.7573203453851,60.389237921259124,517.7452491956301,4.729975449835777,896.3985984142554,59.50321662014451,23.80144066011018,32,21,144.3921573404533,0.6225333333333334,-0.4094317853450775,-0.5999096632003784,0.296453058719635,0.5143894553184509,-0.11339632421731949,-0.11340825259685516,0.11905470490455627,0.011642052792012691,-0.14638188481330872,0.19061347842216492,0.42442217469215393,0.17834866046905518,0.07455034554004669,-0.14225496351718903,0.08594279736280441,0.12387453019618988
Palamu,Jharkhand,2016,HSP70_Thermotolerant,Heat_Shock,13.133726591753032,2084.7905617979272,0,No Payout,0.85,5.3,42.0,0.23222222222222225,0.13333333333333344,13.8,4.8,1.52,22.0,0.32983333333333337,447.159109179165,19.76972734921391,603.7573203453851,60.389237921259124,517.7452491956301,4.729975449835777,896.3985984142554,59.50321662014451,23.80144066011018,32,21,144.3921573404533,0.6225333333333334,-0.1781480759382248,-0.03567666932940483,0.004815968684852123,0.28925102949142456,0.2118031084537506,-0.06275853514671326,0.20612309873104095,-0.11461903154850006,-0.22532889246940613,-0.06398181617259979,0.082065150141716,0.05212364345788956,-0.17094039916992188,0.14735427498817444,0.1699899435043335,-0.22095514833927155
Palamu,Jharkhand,2016,HSP70_Sensitive,Heat_Shock,21.184722370072613,1891.566663118257,1,Partial Claim (50%),0.38,5.3,42.0,0.23222222222222225,0.13333333333333344,13.8,4.8,1.52,22.0,0.32983333333333337,447.159109179165,19.76972734921391,603.7573203453851,60.389237921259124,517.7452491956301,4.729975449835777,896.3985984142554,59.50321662014451,23.80144066011018,32,21,144.3921573404533,0.6225333333333334,-0.20718370378017426,0.01853133924305439,0.09380441159009933,0.3055195212364197,0.16862349212169647,-0.09158311039209366,0.08950691670179367,-0.2243649810552597,-0.151502788066864,-0.10456757992506027,0.05769587308168411,-0.04112328216433525,-0.08085259795188904,0.1446770280599594,0.12276722490787506,-0.17694050073623657
Palamu,Jharkhand,2017,ALMT1_Tolerant,Aluminium_Toxicity,9.264565961625614,2177.650416920985,0,No Payout,0.88,5.3,42.0,0.23222222222222225,0.13333333333333344,13.8,4.8,1.52,22.0,0.32983333333333337,442.91797648749167,35.54984487539201,600.7251402165707,39.63459366100875,510.44052917861916,1.3105859507739828,844.831929635545,34.703569932384916,7.513624923849761,24,27,111.19859441955967,0.8004000000000001,-0.4537000060081482,-0.571183443069458,0.2712506353855133,0.5567675828933716,-0.11112017929553986,-0.12277822941541672,0.14524847269058228,0.11068610101938248,-0.07873772084712982,0.1910332292318344,0.48777616024017334,0.18675024807453156,0.05086051672697067,-0.2221333533525467,0.16239656507968903,0.13685879111289978
Palamu,Jharkhand,2017,ALMT1_Sensitive,Aluminium_Toxicity,13.63910719571108,2072.661427302934,0,No Payout,0.32,5.3,42.0,0.23222222222222225,0.13333333333333344,13.8,4.8,1.52,22.0,0.32983333333333337,442.91797648749167,35.54984487539201,600.7251402165707,39.63459366100875,510.44052917861916,1.3105859507739828,844.831929635545,34.703569932384916,7.513624923849761,24,27,111.19859441955967,0.8004000000000001,-0.4094317853450775,-0.5999096632003784,0.296453058719635,0.5143894553184509,-0.11339632421731949,-0.11340825259685516,0.11905470490455627,0.011642052792012691,-0.14638188481330872,0.19061347842216492,0.42442217469215393,0.17834866046905518,0.07455034554004669,-0.14225496351718903,0.08594279736280441,0.12387453019618988
Palamu,Jharkhand,2017,HSP70_Thermotolerant,Heat_Shock,7.730424694039449,2214.469807343053,0,No Payout,0.85,5.3,42.0,0.23222222222222225,0.13333333333333344,13.8,4.8,1.52,22.0,0.32983333333333337,442.91797648749167,35.54984487539201,600.7251402165707,39.63459366100875,510.44052917861916,1.3105859507739828,844.831929635545,34.703569932384916,7.513624923849761,24,27,111.19859441955967,0.8004000000000001,-0.1781480759382248,-0.03567666932940483,0.004815968684852123,0.28925102949142456,0.2118031084537506,-0.06275853514671326,0.20612309873104095,-0.11461903154850006,-0.22532889246940613,-0.06398181617259979,0.082065150141716,0.05212364345788956,-0.17094039916992188,0.14735427498817444,0.1699899435043335,-0.22095514833927155
Palamu,Jharkhand,2017,HSP70_Sensitive,Heat_Shock,12.454136375212626,2101.1007269948973,0,No Payout,0.38,5.3,42.0,0.23222222222222225,0.13333333333333344,13.8,4.8,1.52,22.0,0.32983333333333337,442.91797648749167,35.54984487539201,600.7251402165707,39.63459366100875,510.44052917861916,1.3105859507739828,844.831929635545,34.703569932384916,7.513624923849761,24,27,111.19859441955967,0.8004000000000001,-0.20718370378017426,0.01853133924305439,0.09380441159009933,0.3055195212364197,0.16862349212169647,-0.09158311039209366,0.08950691670179367,-0.2243649810552597,-0.151502788066864,-0.10456757992506027,0.05769587308168411,-0.04112328216433525,-0.08085259795188904,0.1446770280599594,0.12276722490787506,-0.17694050073623657
Palamu,Jharkhand,2018,ALMT1_Tolerant,Aluminium_Toxicity,7.0172361912434384,2231.5863314101575,0,No Payout,0.88,5.3,42.0,0.23222222222222225,0.13333333333333344,13.8,4.8,1.52,22.0,0.32983333333333337,445.7649536622212,32.02088605309425,618.3194777699657,0.3351802161734432,503.4640091226163,2.099930666923573,832.6591125095646,53.10343094615736,7.195053217133015,24,36,87.55942788234861,1.0672000000000001,-0.4537000060081482,-0.571183443069458,0.2712506353855133,0.5567675828933716,-0.11112017929553986,-0.12277822941541672,0.14524847269058228,0.11068610101938248,-0.07873772084712982,0.1910332292318344,0.48777616024017334,0.18675024807453156,0.05086051672697067,-0.2221333533525467,0.16239656507968903,0.13685879111289978
Palamu,Jharkhand,2018,ALMT1_Sensitive,Aluminium_Toxicity,17.657633442331104,1976.2167973840535,1,Partial Claim (50%),0.32,5.3,42.0,0.23222222222222225,0.13333333333333344,13.8,4.8,1.52,22.0,0.32983333333333337,445.7649536622212,32.02088605309425,618.3194777699657,0.3351802161734432,503.4640091226163,2.099930666923573,832.6591125095646,53.10343094615736,7.195053217133015,24,36,87.55942788234861,1.0672000000000001,-0.4094317853450775,-0.5999096632003784,0.296453058719635,0.5143894553184509,-0.11339632421731949,-0.11340825259685516,0.11905470490455627,0.011642052792012691,-0.14638188481330872,0.19061347842216492,0.42442217469215393,0.17834866046905518,0.07455034554004669,-0.14225496351718903,0.08594279736280441,0.12387453019618988
Palamu,Jharkhand,2018,HSP70_Thermotolerant,Heat_Shock,14.060961152498072,2062.5369323400464,0,No Payout,0.85,5.3,42.0,0.23222222222222225,0.13333333333333344,13.8,4.8,1.52,22.0,0.32983333333333337,445.7649536622212,32.02088605309425,618.3194777699657,0.3351802161734432,503.4640091226163,2.099930666923573,832.6591125095646,53.10343094615736,7.195053217133015,24,36,87.55942788234861,1.0672000000000001,-0.1781480759382248,-0.03567666932940483,0.004815968684852123,0.28925102949142456,0.2118031084537506,-0.06275853514671326,0.20612309873104095,-0.11461903154850006,-0.22532889246940613,-0.06398181617259979,0.082065150141716,0.05212364345788956,-0.17094039916992188,0.14735427498817444,0.1699899435043335,-0.22095514833927155
Palamu,Jharkhand,2018,HSP70_Sensitive,Heat_Shock,13.156719464725587,2084.238732846586,0,No Payout,0.38,5.3,42.0,0.23222222222222225,0.13333333333333344,13.8,4.8,1.52,22.0,0.32983333333333337,445.7649536622212,32.02088605309425,618.3194777699657,0.3351802161734432,503.4640091226163,2.099930666923573,832.6591125095646,53.10343094615736,7.195053217133015,24,36,87.55942788234861,1.0672000000000001,-0.20718370378017426,0.01853133924305439,0.09380441159009933,0.3055195212364197,0.16862349212169647,-0.09158311039209366,0.08950691670179367,-0.2243649810552597,-0.151502788066864,-0.10456757992506027,0.05769587308168411,-0.04112328216433525,-0.08085259795188904,0.1446770280599594,0.12276722490787506,-0.17694050073623657
Palamu,Jharkhand,2019,ALMT1_Tolerant,Aluminium_Toxicity,7.072767505431467,2230.253579869645,0,No Payout,0.88,5.3,42.0,0.23222222222222225,0.13333333333333344,13.8,4.8,1.52,22.0,0.32983333333333337,448.87611866931064,1.6156543794225302,605.8951178429502,26.998839303421605,507.5777306395563,64.57225560141161,831.8419841061341,25.12755965363235,5.912393708048285,22,16,118.31430893788809,0.47431111111111113,-0.4537000060081482,-0.571183443069458,0.2712506353855133,0.5567675828933716,-0.11112017929553986,-0.12277822941541672,0.14524847269058228,0.11068610101938248,-0.07873772084712982,0.1910332292318344,0.48777616024017334,0.18675024807453156,0.05086051672697067,-0.2221333533525467,0.16239656507968903,0.13685879111289978
Palamu,Jharkhand,2019,ALMT1_Sensitive,Aluminium_Toxicity,20.32284901343038,1912.251623677671,1,Partial Claim (50%),0.32,5.3,42.0,0.23222222222222225,0.13333333333333344,13.8,4.8,1.52,22.0,0.32983333333333337,448.87611866931064,1.6156543794225302,605.8951178429502,26.998839303421605,507.5777306395563,64.57225560141161,831.8419841061341,25.12755965363235,5.912393708048285,22,16,118.31430893788809,0.47431111111111113,-0.4094317853450775,-0.5999096632003784,0.296453058719635,0.5143894553184509,-0.11339632421731949,-0.11340825259685516,0.11905470490455627,0.011642052792012691,-0.14638188481330872,0.19061347842216492,0.42442217469215393,0.17834866046905518,0.07455034554004669,-0.14225496351718903,0.08594279736280441,0.12387453019618988
Palamu,Jharkhand,2019,HSP70_Thermotolerant,Heat_Shock,6.9559915603768605,2233.0562025509553,0,No Payout,0.85,5.3,42.0,0.23222222222222225,0.13333333333333344,13.8,4.8,1.52,22.0,0.32983333333333337,448.87611866931064,1.6156543794225302,605.8951178429502,26.998839303421605,507.5777306395563,64.57225560141161,831.8419841061341,25.12755965363235,5.912393708048285,22,16,118.31430893788809,0.47431111111111113,-0.1781480759382248,-0.03567666932940483,0.004815968684852123,0.28925102949142456,0.2118031084537506,-0.06275853514671326,0.20612309873104095,-0.11461903154850006,-0.22532889246940613,-0.06398181617259979,0.082065150141716,0.05212364345788956,-0.17094039916992188,0.14735427498817444,0.1699899435043335,-0.22095514833927155
Palamu,Jharkhand,2019,HSP70_Sensitive,Heat_Shock,5.847751932819061,2259.653953612343,0,No Payout,0.38,5.3,42.0,0.23222222222222225,0.13333333333333344,13.8,4.8,1.52,22.0,0.32983333333333337,448.87611866931064,1.6156543794225302,605.8951178429502,26.998839303421605,507.5777306395563,64.57225560141161,831.8419841061341,25.12755965363235,5.912393708048285,22,16,118.31430893788809,0.47431111111111113,-0.20718370378017426,0.01853133924305439,0.09380441159009933,0.3055195212364197,0.16862349212169647,-0.09158311039209366,0.08950691670179367,-0.2243649810552597,-0.151502788066864,-0.10456757992506027,0.05769587308168411,-0.04112328216433525,-0.08085259795188904,0.1446770280599594,0.12276722490787506,-0.17694050073623657
Palamu,Jharkhand,2020,ALMT1_Tolerant,Aluminium_Toxicity,7.261894740059605,2225.7145262385693,0,No Payout,0.88,5.3,42.0,0.23222222222222225,0.13333333333333344,13.8,4.8,1.52,22.0,0.32983333333333337,436.7514105686772,0.0,605.8106073148125,117.49135274554497,505.6029558685534,37.03588002063394,835.9017390959336,19.419252431964946,10.20677281123141,22,20,173.94648519814385,0.5928888888888889,-0.4537000060081482,-0.571183443069458,0.2712506353855133,0.5567675828933716,-0.11112017929553986,-0.12277822941541672,0.14524847269058228,0.11068610101938248,-0.07873772084712982,0.1910332292318344,0.48777616024017334,0.18675024807453156,0.05086051672697067,-0.2221333533525467,0.16239656507968903,0.13685879111289978
Palamu,Jharkhand,2020,ALMT1_Sensitive,Aluminium_Toxicity,15.098714094017177,2037.6308617435877,1,Partial Claim (50%),0.32,5.3,42.0,0.23222222222222225,0.13333333333333344,13.8,4.8,1.52,22.0,0.32983333333333337,436.7514105686772,0.0,605.8106073148125,117.49135274554497,505.6029558685534,37.03588002063394,835.9017390959336,19.419252431964946,10.20677281123141,22,20,173.94648519814385,0.5928888888888889,-0.4094317853450775,-0.5999096632003784,0.296453058719635,0.5143894553184509,-0.11339632421731949,-0.11340825259685516,0.11905470490455627,0.011642052792012691,-0.14638188481330872,0.19061347842216492,0.42442217469215393,0.17834866046905518,0.07455034554004669,-0.14225496351718903,0.08594279736280441,0.12387453019618988
Palamu,Jharkhand,2020,HSP70_Thermotolerant,Heat_Shock,2.6535627170378806,2336.314494791091,0,No Payout,0.85,5.3,42.0,0.23222222222222225,0.13333333333333344,13.8,4.8,1.52,22.0,0.32983333333333337,436.7514105686772,0.0,605.8106073148125,117.49135274554497,505.6029558685534,37.03588002063394,835.9017390959336,19.419252431964946,10.20677281123141,22,20,173.94648519814385,0.5928888888888889,-0.1781480759382248,-0.03567666932940483,0.004815968684852123,0.28925102949142456,0.2118031084537506,-0.06275853514671326,0.20612309873104095,-0.11461903154850006,-0.22532889246940613,-0.06398181617259979,0.082065150141716,0.05212364345788956,-0.17094039916992188,0.14735427498817444,0.1699899435043335,-0.22095514833927155
Palamu,Jharkhand,2020,HSP70_Sensitive,Heat_Shock,10.963649144235069,2136.8724205383583,0,No Payout,0.38,5.3,42.0,0.23222222222222225,0.13333333333333344,13.8,4.8,1.52,22.0,0.32983333333333337,436.7514105686772,0.0,605.8106073148125,117.49135274554497,505.6029558685534,37.03588002063394,835.9017390959336,19.419252431964946,10.20677281123141,22,20,173.94648519814385,0.5928888888888889,-0.20718370378017426,0.01853133924305439,0.09380441159009933,0.3055195212364197,0.16862349212169647,-0.09158311039209366,0.08950691670179367,-0.2243649810552597,-0.151502788066864,-0.10456757992506027,0.05769587308168411,-0.04112328216433525,-0.08085259795188904,0.1446770280599594,0.12276722490787506,-0.17694050073623657
Palamu,Jharkhand,2021,ALMT1_Tolerant,Aluminium_Toxicity,16.938129221669744,1993.4848986799263,1,Partial Claim (50%),0.88,5.3,42.0,0.23222222222222225,0.13333333333333344,13.8,4.8,1.52,22.0,0.32983333333333337,449.6072537456557,81.84193190348661,596.0017448171864,26.066977817033713,522.851965130545,44.9570936909356,893.9941807870077,17.332445756514456,35.19846491828542,34,25,170.19844916797038,0.7411111111111112,-0.4537000060081482,-0.571183443069458,0.2712506353855133,0.5567675828933716,-0.11112017929553986,-0.12277822941541672,0.14524847269058228,0.11068610101938248,-0.07873772084712982,0.1910332292318344,0.48777616024017334,0.18675024807453156,0.05086051672697067,-0.2221333533525467,0.16239656507968903,0.13685879111289978
Palamu,Jharkhand,2021,ALMT1_Sensitive,Aluminium_Toxicity,22.592392563750565,1857.7825784699864,1,Partial Claim (50%),0.32,5.3,42.0,0.23222222222222225,0.13333333333333344,13.8,4.8,1.52,22.0,0.32983333333333337,449.6072537456557,81.84193190348661,596.0017448171864,26.066977817033713,522.851965130545,44.9570936909356,893.9941807870077,17.332445756514456,35.19846491828542,34,25,170.19844916797038,0.7411111111111112,-0.4094317853450775,-0.5999096632003784,0.296453058719635,0.5143894553184509,-0.11339632421731949,-0.11340825259685516,0.11905470490455627,0.011642052792012691,-0.14638188481330872,0.19061347842216492,0.42442217469215393,0.17834866046905518,0.07455034554004669,-0.14225496351718903,0.08594279736280441,0.12387453019618988
Palamu,Jharkhand,2021,HSP70_Thermotolerant,Heat_Shock,13.580656202135335,2074.064251148752,0,No Payout,0.85,5.3,42.0,0.23222222222222225,0.13333333333333344,13.8,4.8,1.52,22.0,0.32983333333333337,449.6072537456557,81.84193190348661,596.0017448171864,26.066977817033713,522.851965130545,44.9570936909356,893.9941807870077,17.332445756514456,35.19846491828542,34,25,170.19844916797038,0.7411111111111112,-0.1781480759382248,-0.03567666932940483,0.004815968684852123,0.28925102949142456,0.2118031084537506,-0.06275853514671326,0.20612309873104095,-0.11461903154850006,-0.22532889246940613,-0.06398181617259979,0.082065150141716,0.05212364345788956,-0.17094039916992188,0.14735427498817444,0.1699899435043335,-0.22095514833927155
Palamu,Jharkhand,2021,HSP70_Sensitive,Heat_Shock,17.7695603374367,1973.530551901519,1,Partial Claim (50%),0.38,5.3,42.0,0.23222222222222225,0.13333333333333344,13.8,4.8,1.52,22.0,0.32983333333333337,449.6072537456557,81.84193190348661,596.0017448171864,26.066977817033713,522.851965130545,44.9570936909356,893.9941807870077,17.332445756514456,35.19846491828542,34,25,170.19844916797038,0.7411111111111112,-0.20718370378017426,0.01853133924305439,0.09380441159009933,0.3055195212364197,0.16862349212169647,-0.09158311039209366,0.08950691670179367,-0.2243649810552597,-0.151502788066864,-0.10456757992506027,0.05769587308168411,-0.04112328216433525,-0.08085259795188904,0.1446770280599594,0.12276722490787506,-0.17694050073623657
Palamu,Jharkhand,2022,ALMT1_Tolerant,Aluminium_Toxicity,14.388043108614095,2054.6869653932617,0,No Payout,0.88,5.3,42.0,0.23222222222222225,0.13333333333333344,13.8,4.8,1.52,22.0,0.32983333333333337,447.0585875588339,63.13143499914183,601.7898158621313,30.28811347918413,507.4108043561638,11.006084587432674,904.411795980453,20.208227868221314,31.03397329035496,35,18,124.63386093397996,0.5336000000000001,-0.4537000060081482,-0.571183443069458,0.2712506353855133,0.5567675828933716,-0.11112017929553986,-0.12277822941541672,0.14524847269058228,0.11068610101938248,-0.07873772084712982,0.1910332292318344,0.48777616024017334,0.18675024807453156,0.05086051672697067,-0.2221333533525467,0.16239656507968903,0.13685879111289978
Palamu,Jharkhand,2022,ALMT1_Sensitive,Aluminium_Toxicity,23.068626587568207,1846.352961898363,1,Partial Claim (50%),0.32,5.3,42.0,0.23222222222222225,0.13333333333333344,13.8,4.8,1.52,22.0,0.32983333333333337,447.0585875588339,63.13143499914183,601.7898158621313,30.28811347918413,507.4108043561638,11.006084587432674,904.411795980453,20.208227868221314,31.03397329035496,35,18,124.63386093397996,0.5336000000000001,-0.4094317853450775,-0.5999096632003784,0.296453058719635,0.5143894553184509,-0.11339632421731949,-0.11340825259685516,0.11905470490455627,0.011642052792012691,-0.14638188481330872,0.19061347842216492,0.42442217469215393,0.17834866046905518,0.07455034554004669,-0.14225496351718903,0.08594279736280441,0.12387453019618988
Palamu,Jharkhand,2022,HSP70_Thermotolerant,Heat_Shock,13.096499198293237,2085.6840192409622,0,No Payout,0.85,5.3,42.0,0.23222222222222225,0.13333333333333344,13.8,4.8,1.52,22.0,0.32983333333333337,447.0585875588339,63.13143499914183,601.7898158621313,30.28811347918413,507.4108043561638,11.006084587432674,904.411795980453,20.208227868221314,31.03397329035496,35,18,124.63386093397996,0.5336000000000001,-0.1781480759382248,-0.03567666932940483,0.004815968684852123,0.28925102949142456,0.2118031084537506,-0.06275853514671326,0.20612309873104095,-0.11461903154850006,-0.22532889246940613,-0.06398181617259979,0.082065150141716,0.05212364345788956,-0.17094039916992188,0.14735427498817444,0.1699899435043335,-0.22095514833927155
Palamu,Jharkhand,2022,HSP70_Sensitive,Heat_Shock,18.18719639423117,1963.507286538452,1,Partial Claim (50%),0.38,5.3,42.0,0.23222222222222225,0.13333333333333344,13.8,4.8,1.52,22.0,0.32983333333333337,447.0585875588339,63.13143499914183,601.7898158621313,30.28811347918413,507.4108043561638,11.006084587432674,904.411795980453,20.208227868221314,31.03397329035496,35,18,124.63386093397996,0.5336000000000001,-0.20718370378017426,0.01853133924305439,0.09380441159009933,0.3055195212364197,0.16862349212169647,-0.09158311039209366,0.08950691670179367,-0.2243649810552597,-0.151502788066864,-0.10456757992506027,0.05769587308168411,-0.04112328216433525,-0.08085259795188904,0.1446770280599594,0.12276722490787506,-0.17694050073623657
Palamu,Jharkhand,2023,ALMT1_Tolerant,Aluminium_Toxicity,17.817818636873156,1972.3723527150444,1,Partial Claim (50%),0.88,5.3,42.0,0.23222222222222225,0.13333333333333344,13.8,4.8,1.52,22.0,0.32983333333333337,452.66883274534473,13.74095662237307,611.7139800134648,100.6383016256635,498.26483039743107,2.889513628273002,852.6638413854527,0.8522882316411411,8.875081164045916,24,33,118.12106010795073,0.9782666666666666,-0.4537000060081482,-0.571183443069458,0.2712506353855133,0.5567675828933716,-0.11112017929553986,-0.12277822941541672,0.14524847269058228,0.11068610101938248,-0.07873772084712982,0.1910332292318344,0.48777616024017334,0.18675024807453156,0.05086051672697067,-0.2221333533525467,0.16239656507968903,0.13685879111289978
Palamu,Jharkhand,2023,ALMT1_Sensitive,Aluminium_Toxicity,10.582653105239112,2146.016325474261,0,No Payout,0.32,5.3,42.0,0.23222222222222225,0.13333333333333344,13.8,4.8,1.52,22.0,0.32983333333333337,452.66883274534473,13.74095662237307,611.7139800134648,100.6383016256635,498.26483039743107,2.889513628273002,852.6638413854527,0.8522882316411411,8.875081164045916,24,33,118.12106010795073,0.9782666666666666,-0.4094317853450775,-0.5999096632003784,0.296453058719635,0.5143894553184509,-0.11339632421731949,-0.11340825259685516,0.11905470490455627,0.011642052792012691,-0.14638188481330872,0.19061347842216492,0.42442217469215393,0.17834866046905518,0.07455034554004669,-0.14225496351718903,0.08594279736280441,0.12387453019618988
Palamu,Jharkhand,2023,HSP70_Thermotolerant,Heat_Shock,8.082707174711796,2206.015027806917,0,No Payout,0.85,5.3,42.0,0.23222222222222225,0.13333333333333344,13.8,4.8,1.52,22.0,0.32983333333333337,452.66883274534473,13.74095662237307,611.7139800134648,100.6383016256635,498.26483039743107,2.889513628273002,852.6638413854527,0.8522882316411411,8.875081164045916,24,33,118.12106010795073,0.9782666666666666,-0.1781480759382248,-0.03567666932940483,0.004815968684852123,0.28925102949142456,0.2118031084537506,-0.06275853514671326,0.20612309873104095,-0.11461903154850006,-0.22532889246940613,-0.06398181617259979,0.082065150141716,0.05212364345788956,-0.17094039916992188,0.14735427498817444,0.1699899435043335,-0.22095514833927155
Palamu,Jharkhand,2023,HSP70_Sensitive,Heat_Shock,18.232545015099163,1962.41891963762,1,Partial Claim (50%),0.38,5.3,42.0,0.23222222222222225,0.13333333333333344,13.8,4.8,1.52,22.0,0.32983333333333337,452.66883274534473,13.74095662237307,611.7139800134648,100.6383016256635,498.26483039743107,2.889513628273002,852.6638413854527,0.8522882316411411,8.875081164045916,24,33,118.12106010795073,0.9782666666666666,-0.20718370378017426,0.01853133924305439,0.09380441159009933,0.3055195212364197,0.16862349212169647,-0.09158311039209366,0.08950691670179367,-0.2243649810552597,-0.151502788066864,-0.10456757992506027,0.05769587308168411,-0.04112328216433525,-0.08085259795188904,0.1446770280599594,0.12276722490787506,-0.17694050073623657
Dhanbad,Jharkhand,2008,ALMT1_Tolerant,Aluminium_Toxicity,10.597793452182193,2145.6529571476276,0,No Payout,0.88,4.9,55.0,0.5249999999999998,0.39999999999999974,10.9,5.2,1.5,26.0,0.5439999999999998,454.38170983692476,14.967630407751066,617.9662677632219,40.17800263569028,500.1036412650362,19.327178282989344,835.9516198642397,25.319803370915714,5.652799116610076,22,18,99.7926146973464,0.639,-0.4537000060081482,-0.571183443069458,0.2712506353855133,0.5567675828933716,-0.11112017929553986,-0.12277822941541672,0.14524847269058228,0.11068610101938248,-0.07873772084712982,0.1910332292318344,0.48777616024017334,0.18675024807453156,0.05086051672697067,-0.2221333533525467,0.16239656507968903,0.13685879111289978
Dhanbad,Jharkhand,2008,ALMT1_Sensitive,Aluminium_Toxicity,14.502954912639677,2051.9290820966476,0,No Payout,0.32,4.9,55.0,0.5249999999999998,0.39999999999999974,10.9,5.2,1.5,26.0,0.5439999999999998,454.38170983692476,14.967630407751066,617.9662677632219,40.17800263569028,500.1036412650362,19.327178282989344,835.9516198642397,25.319803370915714,5.652799116610076,22,18,99.7926146973464,0.639,-0.4094317853450775,-0.5999096632003784,0.296453058719635,0.5143894553184509,-0.11339632421731949,-0.11340825259685516,0.11905470490455627,0.011642052792012691,-0.14638188481330872,0.19061347842216492,0.42442217469215393,0.17834866046905518,0.07455034554004669,-0.14225496351718903,0.08594279736280441,0.12387453019618988
Dhanbad,Jharkhand,2008,HSP70_Thermotolerant,Heat_Shock,13.082096844791252,2086.0296757250103,0,No Payout,0.85,4.9,55.0,0.5249999999999998,0.39999999999999974,10.9,5.2,1.5,26.0,0.5439999999999998,454.38170983692476,14.967630407751066,617.9662677632219,40.17800263569028,500.1036412650362,19.327178282989344,835.9516198642397,25.319803370915714,5.652799116610076,22,18,99.7926146973464,0.639,-0.1781480759382248,-0.03567666932940483,0.004815968684852123,0.28925102949142456,0.2118031084537506,-0.06275853514671326,0.20612309873104095,-0.11461903154850006,-0.22532889246940613,-0.06398181617259979,0.082065150141716,0.05212364345788956,-0.17094039916992188,0.14735427498817444,0.1699899435043335,-0.22095514833927155
Dhanbad,Jharkhand,2008,HSP70_Sensitive,Heat_Shock,15.014476179177832,2039.6525716997319,1,Partial Claim (50%),0.38,4.9,55.0,0.5249999999999998,0.39999999999999974,10.9,5.2,1.5,26.0,0.5439999999999998,454.38170983692476,14.967630407751066,617.9662677632219,40.17800263569028,500.1036412650362,19.327178282989344,835.9516198642397,25.319803370915714,5.652799116610076,22,18,99.7926146973464,0.639,-0.20718370378017426,0.01853133924305439,0.09380441159009933,0.3055195212364197,0.16862349212169647,-0.09158311039209366,0.08950691670179367,-0.2243649810552597,-0.151502788066864,-0.10456757992506027,0.05769587308168411,-0.04112328216433525,-0.08085259795188904,0.1446770280599594,0.12276722490787506,-0.17694050073623657
Dhanbad,Jharkhand,2009,ALMT1_Tolerant,Aluminium_Toxicity,12.326943388851411,2104.1533586675664,0,No Payout,0.88,4.9,55.0,0.5249999999999998,0.39999999999999974,10.9,5.2,1.5,26.0,0.5439999999999998,436.92330842203074,1.051414352591617,600.438453208756,16.66671499795616,494.6456007658811,17.104795165493282,836.2304739595722,3.7849797038302935,10.195078383345233,24,22,38.60790421987135,0.781,-0.4537000060081482,-0.571183443069458,0.2712506353855133,0.5567675828933716,-0.11112017929553986,-0.12277822941541672,0.14524847269058228,0.11068610101938248,-0.07873772084712982,0.1910332292318344,0.48777616024017334,0.18675024807453156,0.05086051672697067,-0.2221333533525467,0.16239656507968903,0.13685879111289978
Dhanbad,Jharkhand,2009,ALMT1_Sensitive,Aluminium_Toxicity,20.47662067028855,1908.561103913075,1,Partial Claim (50%),0.32,4.9,55.0,0.5249999999999998,0.39999999999999974,10.9,5.2,1.5,26.0,0.5439999999999998,436.92330842203074,1.051414352591617,600.438453208756,16.66671499795616,494.6456007658811,17.104795165493282,836.2304739595722,3.7849797038302935,10.195078383345233,24,22,38.60790421987135,0.781,-0.4094317853450775,-0.5999096632003784,0.296453058719635,0.5143894553184509,-0.11339632421731949,-0.11340825259685516,0.11905470490455627,0.011642052792012691,-0.14638188481330872,0.19061347842216492,0.42442217469215393,0.17834866046905518,0.07455034554004669,-0.14225496351718903,0.08594279736280441,0.12387453019618988
Dhanbad,Jharkhand,2009,HSP70_Thermotolerant,Heat_Shock,16.54217788336977,2002.9877307991255,1,Partial Claim (50%),0.85,4.9,55.0,0.5249999999999998,0.39999999999999974,10.9,5.2,1.5,26.0,0.5439999999999998,436.92330842203074,1.051414352591617,600.438453208756,16.66671499795616,494.6456007658811,17.104795165493282,836.2304739595722,3.7849797038302935,10.195078383345233,24,22,38.60790421987135,0.781,-0.1781480759382248,-0.03567666932940483,0.004815968684852123,0.28925102949142456,0.2118031084537506,-0.06275853514671326,0.20612309873104095,-0.11461903154850006,-0.22532889246940613,-0.06398181617259979,0.082065150141716,0.05212364345788956,-0.17094039916992188,0.14735427498817444,0.1699899435043335,-0.22095514833927155
Dhanbad,Jharkhand,2009,HSP70_Sensitive,Heat_Shock,18.409323050860706,1958.176246779343,1,Partial Claim (50%),0.38,4.9,55.0,0.5249999999999998,0.39999999999999974,10.9,5.2,1.5,26.0,0.5439999999999998,436.92330842203074,1.051414352591617,600.438453208756,16.66671499795616,494.6456007658811,17.104795165493282,836.2304739595722,3.7849797038302935,10.195078383345233,24,22,38.60790421987135,0.781,-0.20718370378017426,0.01853133924305439,0.09380441159009933,0.3055195212364197,0.16862349212169647,-0.09158311039209366,0.08950691670179367,-0.2243649810552597,-0.151502788066864,-0.10456757992506027,0.05769587308168411,-0.04112328216433525,-0.08085259795188904,0.1446770280599594,0.12276722490787506,-0.17694050073623657
Dhanbad,Jharkhand,2010,ALMT1_Tolerant,Aluminium_Toxicity,19.203302391697026,1939.1207425992714,1,Partial Claim (50%),0.88,4.9,55.0,0.5249999999999998,0.39999999999999974,10.9,5.2,1.5,26.0,0.5439999999999998,455.626554233521,59.77113346897082,610.0831782130073,95.77138663192247,520.5663203283523,83.11719072056118,908.772060657999,1.9477111179893307,28.95836199841384,34,19,240.6074219394438,0.6745,-0.4537000060081482,-0.571183443069458,0.2712506353855133,0.5567675828933716,-0.11112017929553986,-0.12277822941541672,0.14524847269058228,0.11068610101938248,-0.07873772084712982,0.1910332292318344,0.48777616024017334,0.18675024807453156,0.05086051672697067,-0.2221333533525467,0.16239656507968903,0.13685879111289978
Dhanbad,Jharkhand,2010,ALMT1_Sensitive,Aluminium_Toxicity,26.18782411008779,1771.4922213578932,1,Partial Claim (50%),0.32,4.9,55.0,0.5249999999999998,0.39999999999999974,10.9,5.2,1.5,26.0,0.5439999999999998,455.626554233521,59.77113346897082,610.0831782130073,95.77138663192247,520.5663203283523,83.11719072056118,908.772060657999,1.9477111179893307,28.95836199841384,34,19,240.6074219394438,0.6745,-0.4094317853450775,-0.5999096632003784,0.296453058719635,0.5143894553184509,-0.11339632421731949,-0.11340825259685516,0.11905470490455627,0.011642052792012691,-0.14638188481330872,0.19061347842216492,0.42442217469215393,0.17834866046905518,0.07455034554004669,-0.14225496351718903,0.08594279736280441,0.12387453019618988
Dhanbad,Jharkhand,2010,HSP70_Thermotolerant,Heat_Shock,16.424040532814594,2005.82302721245,1,Partial Claim (50%),0.85,4.9,55.0,0.5249999999999998,0.39999999999999974,10.9,5.2,1.5,26.0,0.5439999999999998,455.626554233521,59.77113346897082,610.0831782130073,95.77138663192247,520.5663203283523,83.11719072056118,908.772060657999,1.9477111179893307,28.95836199841384,34,19,240.6074219394438,0.6745,-0.1781480759382248,-0.03567666932940483,0.004815968684852123,0.28925102949142456,0.2118031084537506,-0.06275853514671326,0.20612309873104095,-0.11461903154850006,-0.22532889246940613,-0.06398181617259979,0.082065150141716,0.05212364345788956,-0.17094039916992188,0.14735427498817444,0.1699899435043335,-0.22095514833927155
Dhanbad,Jharkhand,2010,HSP70_Sensitive,Heat_Shock,23.625951963763278,1832.9771528696813,1,Partial Claim (50%),0.38,4.9,55.0,0.5249999999999998,0.39999999999999974,10.9,5.2,1.5,26.0,0.5439999999999998,455.626554233521,59.77113346897082,610.0831782130073,95.77138663192247,520.5663203283523,83.11719072056118,908.772060657999,1.9477111179893307,28.95836199841384,34,19,240.6074219394438,0.6745,-0.20718370378017426,0.01853133924305439,0.09380441159009933,0.3055195212364197,0.16862349212169647,-0.09158311039209366,0.08950691670179367,-0.2243649810552597,-0.151502788066864,-0.10456757992506027,0.05769587308168411,-0.04112328216433525,-0.08085259795188904,0.1446770280599594,0.12276722490787506,-0.17694050073623657
Dhanbad,Jharkhand,2011,ALMT1_Tolerant,Aluminium_Toxicity,11.425427192903108,2125.7897473703256,0,No Payout,0.88,4.9,55.0,0.5249999999999998,0.39999999999999974,10.9,5.2,1.5,26.0,0.5439999999999998,435.74155151411594,0.0,611.7355809037603,27.00668541319132,501.1341173290375,6.911692772407146,837.1714055305797,64.4479646798755,12.619395822085483,23,20,98.36634286547397,0.71,-0.4537000060081482,-0.571183443069458,0.2712506353855133,0.5567675828933716,-0.11112017929553986,-0.12277822941541672,0.14524847269058228,0.11068610101938248,-0.07873772084712982,0.1910332292318344,0.48777616024017334,0.18675024807453156,0.05086051672697067,-0.2221333533525467,0.16239656507968903,0.13685879111289978
Dhanbad,Jharkhand,2011,ALMT1_Sensitive,Aluminium_Toxicity,25.93443091257635,1777.5736580981677,1,Partial Claim (50%),0.32,4.9,55.0,0.5249999999999998,0.39999999999999974,10.9,5.2,1.5,26.0,0.5439999999999998,435.74155151411594,0.0,611.7355809037603,27.00668541319132,501.1341173290375,6.911692772407146,837.1714055305797,64.4479646798755,12.619395822085483,23,20,98.36634286547397,0.71,-0.4094317853450775,-0.5999096632003784,0.296453058719635,0.5143894553184509,-0.11339632421731949,-0.11340825259685516,0.11905470490455627,0.011642052792012691,-0.14638188481330872,0.19061347842216492,0.42442217469215393,0.17834866046905518,0.07455034554004669,-0.14225496351718903,0.08594279736280441,0.12387453019618988
Dhanbad,Jharkhand,2011,HSP70_Thermotolerant,Heat_Shock,10.583098581370038,2146.005634047119,0,No Payout,0.85,4.9,55.0,0.5249999999999998,0.39999999999999974,10.9,5.2,1.5,26.0,0.5439999999999998,435.74155151411594,0.0,611.7355809037603,27.00668541319132,501.1341173290375,6.911692772407146,837.1714055305797,64.4479646798755,12.619395822085483,23,20,98.36634286547397,0.71,-0.1781480759382248,-0.03567666932940483,0.004815968684852123,0.28925102949142456,0.2118031084537506,-0.06275853514671326,0.20612309873104095,-0.11461903154850006,-0.22532889246940613,-0.06398181617259979,0.082065150141716,0.05212364345788956,-0.17094039916992188,0.14735427498817444,0.1699899435043335,-0.22095514833927155
Dhanbad,Jharkhand,2011,HSP70_Sensitive,Heat_Shock,18.931115519984,1945.653227520384,1,Partial Claim (50%),0.38,4.9,55.0,0.5249999999999998,0.39999999999999974,10.9,5.2,1.5,26.0,0.5439999999999998,435.74155151411594,0.0,611.7355809037603,27.00668541319132,501.1341173290375,6.911692772407146,837.1714055305797,64.4479646798755,12.619395822085483,23,20,98.36634286547397,0.71,-0.20718370378017426,0.01853133924305439,0.09380441159009933,0.3055195212364197,0.16862349212169647,-0.09158311039209366,0.08950691670179367,-0.2243649810552597,-0.151502788066864,-0.10456757992506027,0.05769587308168411,-0.04112328216433525,-0.08085259795188904,0.1446770280599594,0.12276722490787506,-0.17694050073623657
Dhanbad,Jharkhand,2012,ALMT1_Tolerant,Aluminium_Toxicity,10.849364802592596,2139.6152447377776,0,No Payout,0.88,4.9,55.0,0.5249999999999998,0.39999999999999974,10.9,5.2,1.5,26.0,0.5439999999999998,452.9336082365861,53.27829663697558,609.248513599262,97.15174802925522,485.4267883094439,11.71890688657129,848.8784416634086,92.10664624936402,2.681509040166123,22,32,254.2555978021661,1.136,-0.4537000060081482,-0.571183443069458,0.2712506353855133,0.5567675828933716,-0.11112017929553986,-0.12277822941541672,0.14524847269058228,0.11068610101938248,-0.07873772084712982,0.1910332292318344,0.48777616024017334,0.18675024807453156,0.05086051672697067,-0.2221333533525467,0.16239656507968903,0.13685879111289978
Dhanbad,Jharkhand,2012,ALMT1_Sensitive,Aluminium_Toxicity,21.39183496890893,1886.5959607461857,1,Partial Claim (50%),0.32,4.9,55.0,0.5249999999999998,0.39999999999999974,10.9,5.2,1.5,26.0,0.5439999999999998,452.9336082365861,53.27829663697558,609.248513599262,97.15174802925522,485.4267883094439,11.71890688657129,848.8784416634086,92.10664624936402,2.681509040166123,22,32,254.2555978021661,1.136,-0.4094317853450775,-0.5999096632003784,0.296453058719635,0.5143894553184509,-0.11339632421731949,-0.11340825259685516,0.11905470490455627,0.011642052792012691,-0.14638188481330872,0.19061347842216492,0.42442217469215393,0.17834866046905518,0.07455034554004669,-0.14225496351718903,0.08594279736280441,0.12387453019618988
Dhanbad,Jharkhand,2012,HSP70_Thermotolerant,Heat_Shock,11.43882573844344,2125.4681822773573,0,No Payout,0.85,4.9,55.0,0.5249999999999998,0.39999999999999974,10.9,5.2,1.5,26.0,0.5439999999999998,452.9336082365861,53.27829663697558,609.248513599262,97.15174802925522,485.4267883094439,11.71890688657129,848.8784416634086,92.10664624936402,2.681509040166123,22,32,254.2555978021661,1.136,-0.1781480759382248,-0.03567666932940483,0.004815968684852123,0.28925102949142456,0.2118031084537506,-0.06275853514671326,0.20612309873104095,-0.11461903154850006,-0.22532889246940613,-0.06398181617259979,0.082065150141716,0.05212364345788956,-0.17094039916992188,0.14735427498817444,0.1699899435043335,-0.22095514833927155
Dhanbad,Jharkhand,2012,HSP70_Sensitive,Heat_Shock,24.11000532068742,1821.3598723035018,1,Partial Claim (50%),0.38,4.9,55.0,0.5249999999999998,0.39999999999999974,10.9,5.2,1.5,26.0,0.5439999999999998,452.9336082365861,53.27829663697558,609.248513599262,97.15174802925522,485.4267883094439,11.71890688657129,848.8784416634086,92.10664624936402,2.681509040166123,22,32,254.2555978021661,1.136,-0.20718370378017426,0.01853133924305439,0.09380441159009933,0.3055195212364197,0.16862349212169647,-0.09158311039209366,0.08950691670179367,-0.2243649810552597,-0.151502788066864,-0.10456757992506027,0.05769587308168411,-0.04112328216433525,-0.08085259795188904,0.1446770280599594,0.12276722490787506,-0.17694050073623657
Dhanbad,Jharkhand,2013,ALMT1_Tolerant,Aluminium_Toxicity,10.95208191815061,2137.1500339643853,0,No Payout,0.88,4.9,55.0,0.5249999999999998,0.39999999999999974,10.9,5.2,1.5,26.0,0.5439999999999998,451.6659593019661,8.949696761737332,599.5252191701142,6.923917936119975,502.05789562035915,23.891748834646833,843.5791178592365,52.48824758174743,8.586682945843052,24,23,92.25361111425156,0.8164999999999999,-0.4537000060081482,-0.571183443069458,0.2712506353855133,0.5567675828933716,-0.11112017929553986,-0.12277822941541672,0.14524847269058228,0.11068610101938248,-0.07873772084712982,0.1910332292318344,0.48777616024017334,0.18675024807453156,0.05086051672697067,-0.2221333533525467,0.16239656507968903,0.13685879111289978
Dhanbad,Jharkhand,2013,ALMT1_Sensitive,Aluminium_Toxicity,24.621374344075544,1809.087015742187,1,Partial Claim (50%),0.32,4.9,55.0,0.5249999999999998,0.39999999999999974,10.9,5.2,1.5,26.0,0.5439999999999998,451.6659593019661,8.949696761737332,599.5252191701142,6.923917936119975,502.05789562035915,23.891748834646833,843.5791178592365,52.48824758174743,8.586682945843052,24,23,92.25361111425156,0.8164999999999999,-0.4094317853450775,-0.5999096632003784,0.296453058719635,0.5143894553184509,-0.11339632421731949,-0.11340825259685516,0.11905470490455627,0.011642052792012691,-0.14638188481330872,0.19061347842216492,0.42442217469215393,0.17834866046905518,0.07455034554004669,-0.14225496351718903,0.08594279736280441,0.12387453019618988
Dhanbad,Jharkhand,2013,HSP70_Thermotolerant,Heat_Shock,9.07392883071341,2182.2257080628783,0,No Payout,0.85,4.9,55.0,0.5249999999999998,0.39999999999999974,10.9,5.2,1.5,26.0,0.5439999999999998,451.6659593019661,8.949696761737332,599.5252191701142,6.923917936119975,502.05789562035915,23.891748834646833,843.5791178592365,52.48824758174743,8.586682945843052,24,23,92.25361111425156,0.8164999999999999,-0.1781480759382248,-0.03567666932940483,0.004815968684852123,0.28925102949142456,0.2118031084537506,-0.06275853514671326,0.20612309873104095,-0.11461903154850006,-0.22532889246940613,-0.06398181617259979,0.082065150141716,0.05212364345788956,-0.17094039916992188,0.14735427498817444,0.1699899435043335,-0.22095514833927155
Dhanbad,Jharkhand,2013,HSP70_Sensitive,Heat_Shock,23.222122727832488,1842.6690545320205,1,Partial Claim (50%),0.38,4.9,55.0,0.5249999999999998,0.39999999999999974,10.9,5.2,1.5,26.0,0.5439999999999998,451.6659593019661,8.949696761737332,599.5252191701142,6.923917936119975,502.05789562035915,23.891748834646833,843.5791178592365,52.48824758174743,8.586682945843052,24,23,92.25361111425156,0.8164999999999999,-0.20718370378017426,0.01853133924305439,0.09380441159009933,0.3055195212364197,0.16862349212169647,-0.09158311039209366,0.08950691670179367,-0.2243649810552597,-0.151502788066864,-0.10456757992506027,0.05769587308168411,-0.04112328216433525,-0.08085259795188904,0.1446770280599594,0.12276722490787506,-0.17694050073623657
Dhanbad,Jharkhand,2014,ALMT1_Tolerant,Aluminium_Toxicity,7.790968418096966,2213.0167579656727,0,No Payout,0.88,4.9,55.0,0.5249999999999998,0.39999999999999974,10.9,5.2,1.5,26.0,0.5439999999999998,450.2904462671959,25.940889813495275,615.6036562857513,48.44194046756098,501.675106871602,13.784214659722995,843.93734383271,22.524948377695495,11.006979025477204,23,21,110.69199331847474,0.7454999999999999,-0.4537000060081482,-0.571183443069458,0.2712506353855133,0.5567675828933716,-0.11112017929553986,-0.12277822941541672,0.14524847269058228,0.11068610101938248,-0.07873772084712982,0.1910332292318344,0.48777616024017334,0.18675024807453156,0.05086051672697067,-0.2221333533525467,0.16239656507968903,0.13685879111289978
Dhanbad,Jharkhand,2014,ALMT1_Sensitive,Aluminium_Toxicity,21.65719638323282,1880.2272868024122,1,Partial Claim (50%),0.32,4.9,55.0,0.5249999999999998,0.39999999999999974,10.9,5.2,1.5,26.0,0.5439999999999998,450.2904462671959,25.940889813495275,615.6036562857513,48.44194046756098,501.675106871602,13.784214659722995,843.93734383271,22.524948377695495,11.006979025477204,23,21,110.69199331847474,0.7454999999999999,-0.4094317853450775,-0.5999096632003784,0.296453058719635,0.5143894553184509,-0.11339632421731949,-0.11340825259685516,0.11905470490455627,0.011642052792012691,-0.14638188481330872,0.19061347842216492,0.42442217469215393,0.17834866046905518,0.07455034554004669,-0.14225496351718903,0.08594279736280441,0.12387453019618988
Dhanbad,Jharkhand,2014,HSP70_Thermotolerant,Heat_Shock,13.805745542784162,2068.66210697318,0,No Payout,0.85,4.9,55.0,0.5249999999999998,0.39999999999999974,10.9,5.2,1.5,26.0,0.5439999999999998,450.2904462671959,25.940889813495275,615.6036562857513,48.44194046756098,501.675106871602,13.784214659722995,843.93734383271,22.524948377695495,11.006979025477204,23,21,110.69199331847474,0.7454999999999999,-0.1781480759382248,-0.03567666932940483,0.004815968684852123,0.28925102949142456,0.2118031084537506,-0.06275853514671326,0.20612309873104095,-0.11461903154850006,-0.22532889246940613,-0.06398181617259979,0.082065150141716,0.05212364345788956,-0.17094039916992188,0.14735427498817444,0.1699899435043335,-0.22095514833927155
Dhanbad,Jharkhand,2014,HSP70_Sensitive,Heat_Shock,21.828146647830856,1876.1244804520593,1,Partial Claim (50%),0.38,4.9,55.0,0.5249999999999998,0.39999999999999974,10.9,5.2,1.5,26.0,0.5439999999999998,450.2904462671959,25.940889813495275,615.6036562857513,48.44194046756098,501.675106871602,13.784214659722995,843.93734383271,22.524948377695495,11.006979025477204,23,21,110.69199331847474,0.7454999999999999,-0.20718370378017426,0.01853133924305439,0.09380441159009933,0.3055195212364197,0.16862349212169647,-0.09158311039209366,0.08950691670179367,-0.2243649810552597,-0.151502788066864,-0.10456757992506027,0.05769587308168411,-0.04112328216433525,-0.08085259795188904,0.1446770280599594,0.12276722490787506,-0.17694050073623657
Dhanbad,Jharkhand,2015,ALMT1_Tolerant,Aluminium_Toxicity,7.890104717238508,2210.6374867862755,0,No Payout,0.88,4.9,55.0,0.5249999999999998,0.39999999999999974,10.9,5.2,1.5,26.0,0.5439999999999998,449.7807504327453,54.6772165782462,599.1799233757998,92.71627823021676,506.17669205352735,28.614221809053465,823.2626884712655,24.604745266325814,11.64350389464563,18,23,200.61246188384226,0.8164999999999999,-0.4537000060081482,-0.571183443069458,0.2712506353855133,0.5567675828933716,-0.11112017929553986,-0.12277822941541672,0.14524847269058228,0.11068610101938248,-0.07873772084712982,0.1910332292318344,0.48777616024017334,0.18675024807453156,0.05086051672697067,-0.2221333533525467,0.16239656507968903,0.13685879111289978
Dhanbad,Jharkhand,2015,ALMT1_Sensitive,Aluminium_Toxicity,23.042597811160288,1846.977652532153,1,Partial Claim (50%),0.32,4.9,55.0,0.5249999999999998,0.39999999999999974,10.9,5.2,1.5,26.0,0.5439999999999998,449.7807504327453,54.6772165782462,599.1799233757998,92.71627823021676,506.17669205352735,28.614221809053465,823.2626884712655,24.604745266325814,11.64350389464563,18,23,200.61246188384226,0.8164999999999999,-0.4094317853450775,-0.5999096632003784,0.296453058719635,0.5143894553184509,-0.11339632421731949,-0.11340825259685516,0.11905470490455627,0.011642052792012691,-0.14638188481330872,0.19061347842216492,0.42442217469215393,0.17834866046905518,0.07455034554004669,-0.14225496351718903,0.08594279736280441,0.12387453019618988
Dhanbad,Jharkhand,2015,HSP70_Thermotolerant,Heat_Shock,7.998870613567624,2208.027105274377,0,No Payout,0.85,4.9,55.0,0.5249999999999998,0.39999999999999974,10.9,5.2,1.5,26.0,0.5439999999999998,449.7807504327453,54.6772165782462,599.1799233757998,92.71627823021676,506.17669205352735,28.614221809053465,823.2626884712655,24.604745266325814,11.64350389464563,18,23,200.61246188384226,0.8164999999999999,-0.1781480759382248,-0.03567666932940483,0.004815968684852123,0.28925102949142456,0.2118031084537506,-0.06275853514671326,0.20612309873104095,-0.11461903154850006,-0.22532889246940613,-0.06398181617259979,0.082065150141716,0.05212364345788956,-0.17094039916992188,0.14735427498817444,0.1699899435043335,-0.22095514833927155
Dhanbad,Jharkhand,2015,HSP70_Sensitive,Heat_Shock,21.187696176562095,1891.4952917625096,1,Partial Claim (50%),0.38,4.9,55.0,0.5249999999999998,0.39999999999999974,10.9,5.2,1.5,26.0,0.5439999999999998,449.7807504327453,54.6772165782462,599.1799233757998,92.71627823021676,506.17669205352735,28.614221809053465,823.2626884712655,24.604745266325814,11.64350389464563,18,23,200.61246188384226,0.8164999999999999,-0.20718370378017426,0.01853133924305439,0.09380441159009933,0.3055195212364197,0.16862349212169647,-0.09158311039209366,0.08950691670179367,-0.2243649810552597,-0.151502788066864,-0.10456757992506027,0.05769587308168411,-0.04112328216433525,-0.08085259795188904,0.1446770280599594,0.12276722490787506,-0.17694050073623657
Dhanbad,Jharkhand,2016,ALMT1_Tolerant,Aluminium_Toxicity,13.031919248712063,2087.2339380309104,0,No Payout,0.88,4.9,55.0,0.5249999999999998,0.39999999999999974,10.9,5.2,1.5,26.0,0.5439999999999998,447.159109179165,19.76972734921391,603.7573203453851,60.389237921259124,517.7452491956301,4.729975449835777,896.3985984142554,59.50321662014451,23.80144066011018,32,21,144.3921573404533,0.7454999999999999,-0.4537000060081482,-0.571183443069458,0.2712506353855133,0.5567675828933716,-0.11112017929553986,-0.12277822941541672,0.14524847269058228,0.11068610101938248,-0.07873772084712982,0.1910332292318344,0.48777616024017334,0.18675024807453156,0.05086051672697067,-0.2221333533525467,0.16239656507968903,0.13685879111289978
Dhanbad,Jharkhand,2016,ALMT1_Sensitive,Aluminium_Toxicity,25.139681110617644,1796.6476533451766,1,Partial Claim (50%),0.32,4.9,55.0,0.5249999999999998,0.39999999999999974,10.9,5.2,1.5,26.0,0.5439999999999998,447.159109179165,19.76972734921391,603.7573203453851,60.389237921259124,517.7452491956301,4.729975449835777,896.3985984142554,59.50321662014451,23.80144066011018,32,21,144.3921573404533,0.7454999999999999,-0.4094317853450775,-0.5999096632003784,0.296453058719635,0.5143894553184509,-0.11339632421731949,-0.11340825259685516,0.11905470490455627,0.011642052792012691,-0.14638188481330872,0.19061347842216492,0.42442217469215393,0.17834866046905518,0.07455034554004669,-0.14225496351718903,0.08594279736280441,0.12387453019618988
Dhanbad,Jharkhand,2016,HSP70_Thermotolerant,Heat_Shock,16.171298781597297,2011.8888292416648,1,Partial Claim (50%),0.85,4.9,55.0,0.5249999999999998,0.39999999999999974,10.9,5.2,1.5,26.0,0.5439999999999998,447.159109179165,19.76972734921391,603.7573203453851,60.389237921259124,517.7452491956301,4.729975449835777,896.3985984142554,59.50321662014451,23.80144066011018,32,21,144.3921573404533,0.7454999999999999,-0.1781480759382248,-0.03567666932940483,0.004815968684852123,0.28925102949142456,0.2118031084537506,-0.06275853514671326,0.20612309873104095,-0.11461903154850006,-0.22532889246940613,-0.06398181617259979,0.082065150141716,0.05212364345788956,-0.17094039916992188,0.14735427498817444,0.1699899435043335,-0.22095514833927155
Dhanbad,Jharkhand,2016,HSP70_Sensitive,Heat_Shock,22.329779751844036,1864.085285955743,1,Partial Claim (50%),0.38,4.9,55.0,0.5249999999999998,0.39999999999999974,10.9,5.2,1.5,26.0,0.5439999999999998,447.159109179165,19.76972734921391,603.7573203453851,60.389237921259124,517.7452491956301,4.729975449835777,896.3985984142554,59.50321662014451,23.80144066011018,32,21,144.3921573404533,0.7454999999999999,-0.20718370378017426,0.01853133924305439,0.09380441159009933,0.3055195212364197,0.16862349212169647,-0.09158311039209366,0.08950691670179367,-0.2243649810552597,-0.151502788066864,-0.10456757992506027,0.05769587308168411,-0.04112328216433525,-0.08085259795188904,0.1446770280599594,0.12276722490787506,-0.17694050073623657
Dhanbad,Jharkhand,2017,ALMT1_Tolerant,Aluminium_Toxicity,8.011069471473222,2207.7343326846426,0,No Payout,0.88,4.9,55.0,0.5249999999999998,0.39999999999999974,10.9,5.2,1.5,26.0,0.5439999999999998,442.91797648749167,35.54984487539201,600.7251402165707,39.63459366100875,510.44052917861916,1.3105859507739828,844.831929635545,34.703569932384916,7.513624923849761,24,27,111.19859441955967,0.9585,-0.4537000060081482,-0.571183443069458,0.2712506353855133,0.5567675828933716,-0.11112017929553986,-0.12277822941541672,0.14524847269058228,0.11068610101938248,-0.07873772084712982,0.1910332292318344,0.48777616024017334,0.18675024807453156,0.05086051672697067,-0.2221333533525467,0.16239656507968903,0.13685879111289978
Dhanbad,Jharkhand,2017,ALMT1_Sensitive,Aluminium_Toxicity,25.74451188822522,1782.1317146825947,1,Partial Claim (50%),0.32,4.9,55.0,0.5249999999999998,0.39999999999999974,10.9,5.2,1.5,26.0,0.5439999999999998,442.91797648749167,35.54984487539201,600.7251402165707,39.63459366100875,510.44052917861916,1.3105859507739828,844.831929635545,34.703569932384916,7.513624923849761,24,27,111.19859441955967,0.9585,-0.4094317853450775,-0.5999096632003784,0.296453058719635,0.5143894553184509,-0.11339632421731949,-0.11340825259685516,0.11905470490455627,0.011642052792012691,-0.14638188481330872,0.19061347842216492,0.42442217469215393,0.17834866046905518,0.07455034554004669,-0.14225496351718903,0.08594279736280441,0.12387453019618988
Dhanbad,Jharkhand,2017,HSP70_Thermotolerant,Heat_Shock,15.80673945610166,2020.6382530535602,1,Partial Claim (50%),0.85,4.9,55.0,0.5249999999999998,0.39999999999999974,10.9,5.2,1.5,26.0,0.5439999999999998,442.91797648749167,35.54984487539201,600.7251402165707,39.63459366100875,510.44052917861916,1.3105859507739828,844.831929635545,34.703569932384916,7.513624923849761,24,27,111.19859441955967,0.9585,-0.1781480759382248,-0.03567666932940483,0.004815968684852123,0.28925102949142456,0.2118031084537506,-0.06275853514671326,0.20612309873104095,-0.11461903154850006,-0.22532889246940613,-0.06398181617259979,0.082065150141716,0.05212364345788956,-0.17094039916992188,0.14735427498817444,0.1699899435043335,-0.22095514833927155
Dhanbad,Jharkhand,2017,HSP70_Sensitive,Heat_Shock,26.523756278325983,1763.4298493201763,1,Partial Claim (50%),0.38,4.9,55.0,0.5249999999999998,0.39999999999999974,10.9,5.2,1.5,26.0,0.5439999999999998,442.91797648749167,35.54984487539201,600.7251402165707,39.63459366100875,510.44052917861916,1.3105859507739828,844.831929635545,34.703569932384916,7.513624923849761,24,27,111.19859441955967,0.9585,-0.20718370378017426,0.01853133924305439,0.09380441159009933,0.3055195212364197,0.16862349212169647,-0.09158311039209366,0.08950691670179367,-0.2243649810552597,-0.151502788066864,-0.10456757992506027,0.05769587308168411,-0.04112328216433525,-0.08085259795188904,0.1446770280599594,0.12276722490787506,-0.17694050073623657
Dhanbad,Jharkhand,2018,ALMT1_Tolerant,Aluminium_Toxicity,20.684946405472566,1903.5612862686585,1,Partial Claim (50%),0.88,4.9,55.0,0.5249999999999998,0.39999999999999974,10.9,5.2,1.5,26.0,0.5439999999999998,445.7649536622212,32.02088605309425,618.3194777699657,0.3351802161734432,503.4640091226163,2.099930666923573,832.6591125095646,53.10343094615736,7.195053217133015,24,36,87.55942788234861,1.278,-0.4537000060081482,-0.571183443069458,0.2712506353855133,0.5567675828933716,-0.11112017929553986,-0.12277822941541672,0.14524847269058228,0.11068610101938248,-0.07873772084712982,0.1910332292318344,0.48777616024017334,0.18675024807453156,0.05086051672697067,-0.2221333533525467,0.16239656507968903,0.13685879111289978
Dhanbad,Jharkhand,2018,ALMT1_Sensitive,Aluminium_Toxicity,19.00561266593139,1943.8652960176466,1,Partial Claim (50%),0.32,4.9,55.0,0.5249999999999998,0.39999999999999974,10.9,5.2,1.5,26.0,0.5439999999999998,445.7649536622212,32.02088605309425,618.3194777699657,0.3351802161734432,503.4640091226163,2.099930666923573,832.6591125095646,53.10343094615736,7.195053217133015,24,36,87.55942788234861,1.278,-0.4094317853450775,-0.5999096632003784,0.296453058719635,0.5143894553184509,-0.11339632421731949,-0.11340825259685516,0.11905470490455627,0.011642052792012691,-0.14638188481330872,0.19061347842216492,0.42442217469215393,0.17834866046905518,0.07455034554004669,-0.14225496351718903,0.08594279736280441,0.12387453019618988
Dhanbad,Jharkhand,2018,HSP70_Thermotolerant,Heat_Shock,15.113659325193074,2037.2721761953662,1,Partial Claim (50%),0.85,4.9,55.0,0.5249999999999998,0.39999999999999974,10.9,5.2,1.5,26.0,0.5439999999999998,445.7649536622212,32.02088605309425,618.3194777699657,0.3351802161734432,503.4640091226163,2.099930666923573,832.6591125095646,53.10343094615736,7.195053217133015,24,36,87.55942788234861,1.278,-0.1781480759382248,-0.03567666932940483,0.004815968684852123,0.28925102949142456,0.2118031084537506,-0.06275853514671326,0.20612309873104095,-0.11461903154850006,-0.22532889246940613,-0.06398181617259979,0.082065150141716,0.05212364345788956,-0.17094039916992188,0.14735427498817444,0.1699899435043335,-0.22095514833927155
Dhanbad,Jharkhand,2018,HSP70_Sensitive,Heat_Shock,22.853755645710933,1851.5098645029377,1,Partial Claim (50%),0.38,4.9,55.0,0.5249999999999998,0.39999999999999974,10.9,5.2,1.5,26.0,0.5439999999999998,445.7649536622212,32.02088605309425,618.3194777699657,0.3351802161734432,503.4640091226163,2.099930666923573,832.6591125095646,53.10343094615736,7.195053217133015,24,36,87.55942788234861,1.278,-0.20718370378017426,0.01853133924305439,0.09380441159009933,0.3055195212364197,0.16862349212169647,-0.09158311039209366,0.08950691670179367,-0.2243649810552597,-0.151502788066864,-0.10456757992506027,0.05769587308168411,-0.04112328216433525,-0.08085259795188904,0.1446770280599594,0.12276722490787506,-0.17694050073623657
Dhanbad,Jharkhand,2019,ALMT1_Tolerant,Aluminium_Toxicity,10.919670006073625,2137.927919854233,0,No Payout,0.88,4.9,55.0,0.5249999999999998,0.39999999999999974,10.9,5.2,1.5,26.0,0.5439999999999998,448.87611866931064,1.6156543794225302,605.8951178429502,26.998839303421605,507.5777306395563,64.57225560141161,831.8419841061341,25.12755965363235,5.912393708048285,22,16,118.31430893788809,0.568,-0.4537000060081482,-0.571183443069458,0.2712506353855133,0.5567675828933716,-0.11112017929553986,-0.12277822941541672,0.14524847269058228,0.11068610101938248,-0.07873772084712982,0.1910332292318344,0.48777616024017334,0.18675024807453156,0.05086051672697067,-0.2221333533525467,0.16239656507968903,0.13685879111289978
Dhanbad,Jharkhand,2019,ALMT1_Sensitive,Aluminium_Toxicity,17.79500528587826,1972.9198731389217,1,Partial Claim (50%),0.32,4.9,55.0,0.5249999999999998,0.39999999999999974,10.9,5.2,1.5,26.0,0.5439999999999998,448.87611866931064,1.6156543794225302,605.8951178429502,26.998839303421605,507.5777306395563,64.57225560141161,831.8419841061341,25.12755965363235,5.912393708048285,22,16,118.31430893788809,0.568,-0.4094317853450775,-0.5999096632003784,0.296453058719635,0.5143894553184509,-0.11339632421731949,-0.11340825259685516,0.11905470490455627,0.011642052792012691,-0.14638188481330872,0.19061347842216492,0.42442217469215393,0.17834866046905518,0.07455034554004669,-0.14225496351718903,0.08594279736280441,0.12387453019618988
Dhanbad,Jharkhand,2019,HSP70_Thermotolerant,Heat_Shock,12.544797327761199,2098.9248641337313,0,No Payout,0.85,4.9,55.0,0.5249999999999998,0.39999999999999974,10.9,5.2,1.5,26.0,0.5439999999999998,448.87611866931064,1.6156543794225302,605.8951178429502,26.998839303421605,507.5777306395563,64.57225560141161,831.8419841061341,25.12755965363235,5.912393708048285,22,16,118.31430893788809,0.568,-0.1781480759382248,-0.03567666932940483,0.004815968684852123,0.28925102949142456,0.2118031084537506,-0.06275853514671326,0.20612309873104095,-0.11461903154850006,-0.22532889246940613,-0.06398181617259979,0.082065150141716,0.05212364345788956,-0.17094039916992188,0.14735427498817444,0.1699899435043335,-0.22095514833927155
Dhanbad,Jharkhand,2019,HSP70_Sensitive,Heat_Shock,21.53971674266833,1883.0467981759602,1,Partial Claim (50%),0.38,4.9,55.0,0.5249999999999998,0.39999999999999974,10.9,5.2,1.5,26.0,0.5439999999999998,448.87611866931064,1.6156543794225302,605.8951178429502,26.998839303421605,507.5777306395563,64.57225560141161,831.8419841061341,25.12755965363235,5.912393708048285,22,16,118.31430893788809,0.568,-0.20718370378017426,0.01853133924305439,0.09380441159009933,0.3055195212364197,0.16862349212169647,-0.09158311039209366,0.08950691670179367,-0.2243649810552597,-0.151502788066864,-0.10456757992506027,0.05769587308168411,-0.04112328216433525,-0.08085259795188904,0.1446770280599594,0.12276722490787506,-0.17694050073623657
Dhanbad,Jharkhand,2020,ALMT1_Tolerant,Aluminium_Toxicity,12.320973007621047,2104.2966478170947,0,No Payout,0.88,4.9,55.0,0.5249999999999998,0.39999999999999974,10.9,5.2,1.5,26.0,0.5439999999999998,436.7514105686772,0.0,605.8106073148125,117.49135274554497,505.6029558685534,37.03588002063394,835.9017390959336,19.419252431964946,10.20677281123141,22,20,173.94648519814385,0.71,-0.4537000060081482,-0.571183443069458,0.2712506353855133,0.5567675828933716,-0.11112017929553986,-0.12277822941541672,0.14524847269058228,0.11068610101938248,-0.07873772084712982,0.1910332292318344,0.48777616024017334,0.18675024807453156,0.05086051672697067,-0.2221333533525467,0.16239656507968903,0.13685879111289978
Dhanbad,Jharkhand,2020,ALMT1_Sensitive,Aluminium_Toxicity,23.539659797152144,1835.0481648683485,1,Partial Claim (50%),0.32,4.9,55.0,0.5249999999999998,0.39999999999999974,10.9,5.2,1.5,26.0,0.5439999999999998,436.7514105686772,0.0,605.8106073148125,117.49135274554497,505.6029558685534,37.03588002063394,835.9017390959336,19.419252431964946,10.20677281123141,22,20,173.94648519814385,0.71,-0.4094317853450775,-0.5999096632003784,0.296453058719635,0.5143894553184509,-0.11339632421731949,-0.11340825259685516,0.11905470490455627,0.011642052792012691,-0.14638188481330872,0.19061347842216492,0.42442217469215393,0.17834866046905518,0.07455034554004669,-0.14225496351718903,0.08594279736280441,0.12387453019618988
Dhanbad,Jharkhand,2020,HSP70_Thermotolerant,Heat_Shock,11.323686398954806,2128.2315264250847,0,No Payout,0.85,4.9,55.0,0.5249999999999998,0.39999999999999974,10.9,5.2,1.5,26.0,0.5439999999999998,436.7514105686772,0.0,605.8106073148125,117.49135274554497,505.6029558685534,37.03588002063394,835.9017390959336,19.419252431964946,10.20677281123141,22,20,173.94648519814385,0.71,-0.1781480759382248,-0.03567666932940483,0.004815968684852123,0.28925102949142456,0.2118031084537506,-0.06275853514671326,0.20612309873104095,-0.11461903154850006,-0.22532889246940613,-0.06398181617259979,0.082065150141716,0.05212364345788956,-0.17094039916992188,0.14735427498817444,0.1699899435043335,-0.22095514833927155
Dhanbad,Jharkhand,2020,HSP70_Sensitive,Heat_Shock,19.86573029858873,1923.2224728338704,1,Partial Claim (50%),0.38,4.9,55.0,0.5249999999999998,0.39999999999999974,10.9,5.2,1.5,26.0,0.5439999999999998,436.7514105686772,0.0,605.8106073148125,117.49135274554497,505.6029558685534,37.03588002063394,835.9017390959336,19.419252431964946,10.20677281123141,22,20,173.94648519814385,0.71,-0.20718370378017426,0.01853133924305439,0.09380441159009933,0.3055195212364197,0.16862349212169647,-0.09158311039209366,0.08950691670179367,-0.2243649810552597,-0.151502788066864,-0.10456757992506027,0.05769587308168411,-0.04112328216433525,-0.08085259795188904,0.1446770280599594,0.12276722490787506,-0.17694050073623657
Dhanbad,Jharkhand,2021,ALMT1_Tolerant,Aluminium_Toxicity,20.716659476049976,1902.8001725748006,1,Partial Claim (50%),0.88,4.9,55.0,0.5249999999999998,0.39999999999999974,10.9,5.2,1.5,26.0,0.5439999999999998,449.6072537456557,81.84193190348661,596.0017448171864,26.066977817033713,522.851965130545,44.9570936909356,893.9941807870077,17.332445756514456,35.19846491828542,34,25,170.19844916797038,0.8875,-0.4537000060081482,-0.571183443069458,0.2712506353855133,0.5567675828933716,-0.11112017929553986,-0.12277822941541672,0.14524847269058228,0.11068610101938248,-0.07873772084712982,0.1910332292318344,0.48777616024017334,0.18675024807453156,0.05086051672697067,-0.2221333533525467,0.16239656507968903,0.13685879111289978
Dhanbad,Jharkhand,2021,ALMT1_Sensitive,Aluminium_Toxicity,34.31552145161102,1576.4274851613354,2,Full Claim (100%),0.32,4.9,55.0,0.5249999999999998,0.39999999999999974,10.9,5.2,1.5,26.0,0.5439999999999998,449.6072537456557,81.84193190348661,596.0017448171864,26.066977817033713,522.851965130545,44.9570936909356,893.9941807870077,17.332445756514456,35.19846491828542,34,25,170.19844916797038,0.8875,-0.4094317853450775,-0.5999096632003784,0.296453058719635,0.5143894553184509,-0.11339632421731949,-0.11340825259685516,0.11905470490455627,0.011642052792012691,-0.14638188481330872,0.19061347842216492,0.42442217469215393,0.17834866046905518,0.07455034554004669,-0.14225496351718903,0.08594279736280441,0.12387453019618988
Dhanbad,Jharkhand,2021,HSP70_Thermotolerant,Heat_Shock,20.60079263843665,1905.5809766775203,1,Partial Claim (50%),0.85,4.9,55.0,0.5249999999999998,0.39999999999999974,10.9,5.2,1.5,26.0,0.5439999999999998,449.6072537456557,81.84193190348661,596.0017448171864,26.066977817033713,522.851965130545,44.9570936909356,893.9941807870077,17.332445756514456,35.19846491828542,34,25,170.19844916797038,0.8875,-0.1781480759382248,-0.03567666932940483,0.004815968684852123,0.28925102949142456,0.2118031084537506,-0.06275853514671326,0.20612309873104095,-0.11461903154850006,-0.22532889246940613,-0.06398181617259979,0.082065150141716,0.05212364345788956,-0.17094039916992188,0.14735427498817444,0.1699899435043335,-0.22095514833927155
Dhanbad,Jharkhand,2021,HSP70_Sensitive,Heat_Shock,34.33484583595767,1575.963699937016,2,Full Claim (100%),0.38,4.9,55.0,0.5249999999999998,0.39999999999999974,10.9,5.2,1.5,26.0,0.5439999999999998,449.6072537456557,81.84193190348661,596.0017448171864,26.066977817033713,522.851965130545,44.9570936909356,893.9941807870077,17.332445756514456,35.19846491828542,34,25,170.19844916797038,0.8875,-0.20718370378017426,0.01853133924305439,0.09380441159009933,0.3055195212364197,0.16862349212169647,-0.09158311039209366,0.08950691670179367,-0.2243649810552597,-0.151502788066864,-0.10456757992506027,0.05769587308168411,-0.04112328216433525,-0.08085259795188904,0.1446770280599594,0.12276722490787506,-0.17694050073623657
Dhanbad,Jharkhand,2022,ALMT1_Tolerant,Aluminium_Toxicity,9.601329612604957,2169.568089297481,0,No Payout,0.88,4.9,55.0,0.5249999999999998,0.39999999999999974,10.9,5.2,1.5,26.0,0.5439999999999998,447.0585875588339,63.13143499914183,601.7898158621313,30.28811347918413,507.4108043561638,11.006084587432674,904.411795980453,20.208227868221314,31.03397329035496,35,18,124.63386093397996,0.639,-0.4537000060081482,-0.571183443069458,0.2712506353855133,0.5567675828933716,-0.11112017929553986,-0.12277822941541672,0.14524847269058228,0.11068610101938248,-0.07873772084712982,0.1910332292318344,0.48777616024017334,0.18675024807453156,0.05086051672697067,-0.2221333533525467,0.16239656507968903,0.13685879111289978
Dhanbad,Jharkhand,2022,ALMT1_Sensitive,Aluminium_Toxicity,25.615928828492535,1785.2177081161792,1,Partial Claim (50%),0.32,4.9,55.0,0.5249999999999998,0.39999999999999974,10.9,5.2,1.5,26.0,0.5439999999999998,447.0585875588339,63.13143499914183,601.7898158621313,30.28811347918413,507.4108043561638,11.006084587432674,904.411795980453,20.208227868221314,31.03397329035496,35,18,124.63386093397996,0.639,-0.4094317853450775,-0.5999096632003784,0.296453058719635,0.5143894553184509,-0.11339632421731949,-0.11340825259685516,0.11905470490455627,0.011642052792012691,-0.14638188481330872,0.19061347842216492,0.42442217469215393,0.17834866046905518,0.07455034554004669,-0.14225496351718903,0.08594279736280441,0.12387453019618988
Dhanbad,Jharkhand,2022,HSP70_Thermotolerant,Heat_Shock,16.439758481185994,2005.4457964515361,1,Partial Claim (50%),0.85,4.9,55.0,0.5249999999999998,0.39999999999999974,10.9,5.2,1.5,26.0,0.5439999999999998,447.0585875588339,63.13143499914183,601.7898158621313,30.28811347918413,507.4108043561638,11.006084587432674,904.411795980453,20.208227868221314,31.03397329035496,35,18,124.63386093397996,0.639,-0.1781480759382248,-0.03567666932940483,0.004815968684852123,0.28925102949142456,0.2118031084537506,-0.06275853514671326,0.20612309873104095,-0.11461903154850006,-0.22532889246940613,-0.06398181617259979,0.082065150141716,0.05212364345788956,-0.17094039916992188,0.14735427498817444,0.1699899435043335,-0.22095514833927155
Dhanbad,Jharkhand,2022,HSP70_Sensitive,Heat_Shock,28.798613530440107,1708.8332752694373,1,Partial Claim (50%),0.38,4.9,55.0,0.5249999999999998,0.39999999999999974,10.9,5.2,1.5,26.0,0.5439999999999998,447.0585875588339,63.13143499914183,601.7898158621313,30.28811347918413,507.4108043561638,11.006084587432674,904.411795980453,20.208227868221314,31.03397329035496,35,18,124.63386093397996,0.639,-0.20718370378017426,0.01853133924305439,0.09380441159009933,0.3055195212364197,0.16862349212169647,-0.09158311039209366,0.08950691670179367,-0.2243649810552597,-0.151502788066864,-0.10456757992506027,0.05769587308168411,-0.04112328216433525,-0.08085259795188904,0.1446770280599594,0.12276722490787506,-0.17694050073623657
Dhanbad,Jharkhand,2023,ALMT1_Tolerant,Aluminium_Toxicity,10.250182129380015,2153.9956288948797,0,No Payout,0.88,4.9,55.0,0.5249999999999998,0.39999999999999974,10.9,5.2,1.5,26.0,0.5439999999999998,452.66883274534473,13.74095662237307,611.7139800134648,100.6383016256635,498.26483039743107,2.889513628273002,852.6638413854527,0.8522882316411411,8.875081164045916,24,33,118.12106010795073,1.1715,-0.4537000060081482,-0.571183443069458,0.2712506353855133,0.5567675828933716,-0.11112017929553986,-0.12277822941541672,0.14524847269058228,0.11068610101938248,-0.07873772084712982,0.1910332292318344,0.48777616024017334,0.18675024807453156,0.05086051672697067,-0.2221333533525467,0.16239656507968903,0.13685879111289978
Dhanbad,Jharkhand,2023,ALMT1_Sensitive,Aluminium_Toxicity,26.35209470686911,1767.5497270351414,1,Partial Claim (50%),0.32,4.9,55.0,0.5249999999999998,0.39999999999999974,10.9,5.2,1.5,26.0,0.5439999999999998,452.66883274534473,13.74095662237307,611.7139800134648,100.6383016256635,498.26483039743107,2.889513628273002,852.6638413854527,0.8522882316411411,8.875081164045916,24,33,118.12106010795073,1.1715,-0.4094317853450775,-0.5999096632003784,0.296453058719635,0.5143894553184509,-0.11339632421731949,-0.11340825259685516,0.11905470490455627,0.011642052792012691,-0.14638188481330872,0.19061347842216492,0.42442217469215393,0.17834866046905518,0.07455034554004669,-0.14225496351718903,0.08594279736280441,0.12387453019618988
Dhanbad,Jharkhand,2023,HSP70_Thermotolerant,Heat_Shock,12.248420652540917,2106.037904339018,0,No Payout,0.85,4.9,55.0,0.5249999999999998,0.39999999999999974,10.9,5.2,1.5,26.0,0.5439999999999998,452.66883274534473,13.74095662237307,611.7139800134648,100.6383016256635,498.26483039743107,2.889513628273002,852.6638413854527,0.8522882316411411,8.875081164045916,24,33,118.12106010795073,1.1715,-0.1781480759382248,-0.03567666932940483,0.004815968684852123,0.28925102949142456,0.2118031084537506,-0.06275853514671326,0.20612309873104095,-0.11461903154850006,-0.22532889246940613,-0.06398181617259979,0.082065150141716,0.05212364345788956,-0.17094039916992188,0.14735427498817444,0.1699899435043335,-0.22095514833927155
Dhanbad,Jharkhand,2023,HSP70_Sensitive,Heat_Shock,17.729517793232112,1974.4915729624295,1,Partial Claim (50%),0.38,4.9,55.0,0.5249999999999998,0.39999999999999974,10.9,5.2,1.5,26.0,0.5439999999999998,452.66883274534473,13.74095662237307,611.7139800134648,100.6383016256635,498.26483039743107,2.889513628273002,852.6638413854527,0.8522882316411411,8.875081164045916,24,33,118.12106010795073,1.1715,-0.20718370378017426,0.01853133924305439,0.09380441159009933,0.3055195212364197,0.16862349212169647,-0.09158311039209366,0.08950691670179367,-0.2243649810552597,-0.151502788066864,-0.10456757992506027,0.05769587308168411,-0.04112328216433525,-0.08085259795188904,0.1446770280599594,0.12276722490787506,-0.17694050073623657
Patna,Bihar,2008,ALMT1_Tolerant,Aluminium_Toxicity,4.395706514729005,3059.337391528672,0,No Payout,0.88,7.2,3.0,0.0,0.0,24.5,9.8,1.35,34.0,0.03674999999999999,438.4523981952544,70.48563009352115,587.0439182749795,0.751662319674065,474.9925801160625,7.641583341717855,817.5007755310404,67.63219869866045,3.7456312475447398,18,31,146.51107445357354,0.775,-0.4537000060081482,-0.571183443069458,0.2712506353855133,0.5567675828933716,-0.11112017929553986,-0.12277822941541672,0.14524847269058228,0.11068610101938248,-0.07873772084712982,0.1910332292318344,0.48777616024017334,0.18675024807453156,0.05086051672697067,-0.2221333533525467,0.16239656507968903,0.13685879111289978
Patna,Bihar,2008,ALMT1_Sensitive,Aluminium_Toxicity,6.627598994198379,2987.916832185652,0,No Payout,0.32,7.2,3.0,0.0,0.0,24.5,9.8,1.35,34.0,0.03674999999999999,438.4523981952544,70.48563009352115,587.0439182749795,0.751662319674065,474.9925801160625,7.641583341717855,817.5007755310404,67.63219869866045,3.7456312475447398,18,31,146.51107445357354,0.775,-0.4094317853450775,-0.5999096632003784,0.296453058719635,0.5143894553184509,-0.11339632421731949,-0.11340825259685516,0.11905470490455627,0.011642052792012691,-0.14638188481330872,0.19061347842216492,0.42442217469215393,0.17834866046905518,0.07455034554004669,-0.14225496351718903,0.08594279736280441,0.12387453019618988
Patna,Bihar,2008,HSP70_Thermotolerant,Heat_Shock,3.628204308536849,3083.8974621268208,0,No Payout,0.85,7.2,3.0,0.0,0.0,24.5,9.8,1.35,34.0,0.03674999999999999,438.4523981952544,70.48563009352115,587.0439182749795,0.751662319674065,474.9925801160625,7.641583341717855,817.5007755310404,67.63219869866045,3.7456312475447398,18,31,146.51107445357354,0.775,-0.1781480759382248,-0.03567666932940483,0.004815968684852123,0.28925102949142456,0.2118031084537506,-0.06275853514671326,0.20612309873104095,-0.11461903154850006,-0.22532889246940613,-0.06398181617259979,0.082065150141716,0.05212364345788956,-0.17094039916992188,0.14735427498817444,0.1699899435043335,-0.22095514833927155
Patna,Bihar,2008,HSP70_Sensitive,Heat_Shock,7.6299213414047635,2955.8425170750475,0,No Payout,0.38,7.2,3.0,0.0,0.0,24.5,9.8,1.35,34.0,0.03674999999999999,438.4523981952544,70.48563009352115,587.0439182749795,0.751662319674065,474.9925801160625,7.641583341717855,817.5007755310404,67.63219869866045,3.7456312475447398,18,31,146.51107445357354,0.775,-0.20718370378017426,0.01853133924305439,0.09380441159009933,0.3055195212364197,0.16862349212169647,-0.09158311039209366,0.08950691670179367,-0.2243649810552597,-0.151502788066864,-0.10456757992506027,0.05769587308168411,-0.04112328216433525,-0.08085259795188904,0.1446770280599594,0.12276722490787506,-0.17694050073623657
Patna,Bihar,2009,ALMT1_Tolerant,Aluminium_Toxicity,0.0,3200.0,0,No Payout,0.88,7.2,3.0,0.0,0.0,24.5,9.8,1.35,34.0,0.03674999999999999,425.07849883262514,1.895174680925988,565.6172997049871,96.64206488640345,480.3974406311229,27.686146801035804,818.6273663126104,0.0,2.3712126039179644,20,12,126.22338636836524,0.3,-0.4537000060081482,-0.571183443069458,0.2712506353855133,0.5567675828933716,-0.11112017929553986,-0.12277822941541672,0.14524847269058228,0.11068610101938248,-0.07873772084712982,0.1910332292318344,0.48777616024017334,0.18675024807453156,0.05086051672697067,-0.2221333533525467,0.16239656507968903,0.13685879111289978
Patna,Bihar,2009,ALMT1_Sensitive,Aluminium_Toxicity,5.375361384259458,3027.988435703697,0,No Payout,0.32,7.2,3.0,0.0,0.0,24.5,9.8,1.35,34.0,0.03674999999999999,425.07849883262514,1.895174680925988,565.6172997049871,96.64206488640345,480.3974406311229,27.686146801035804,818.6273663126104,0.0,2.3712126039179644,20,12,126.22338636836524,0.3,-0.4094317853450775,-0.5999096632003784,0.296453058719635,0.5143894553184509,-0.11339632421731949,-0.11340825259685516,0.11905470490455627,0.011642052792012691,-0.14638188481330872,0.19061347842216492,0.42442217469215393,0.17834866046905518,0.07455034554004669,-0.14225496351718903,0.08594279736280441,0.12387453019618988
Patna,Bihar,2009,HSP70_Thermotolerant,Heat_Shock,0.6780963020178304,3178.3009183354297,0,No Payout,0.85,7.2,3.0,0.0,0.0,24.5,9.8,1.35,34.0,0.03674999999999999,425.07849883262514,1.895174680925988,565.6172997049871,96.64206488640345,480.3974406311229,27.686146801035804,818.6273663126104,0.0,2.3712126039179644,20,12,126.22338636836524,0.3,-0.1781480759382248,-0.03567666932940483,0.004815968684852123,0.28925102949142456,0.2118031084537506,-0.06275853514671326,0.20612309873104095,-0.11461903154850006,-0.22532889246940613,-0.06398181617259979,0.082065150141716,0.05212364345788956,-0.17094039916992188,0.14735427498817444,0.1699899435043335,-0.22095514833927155
Patna,Bihar,2009,HSP70_Sensitive,Heat_Shock,0.0,3200.0,0,No Payout,0.38,7.2,3.0,0.0,0.0,24.5,9.8,1.35,34.0,0.03674999999999999,425.07849883262514,1.895174680925988,565.6172997049871,96.64206488640345,480.3974406311229,27.686146801035804,818.6273663126104,0.0,2.3712126039179644,20,12,126.22338636836524,0.3,-0.20718370378017426,0.01853133924305439,0.09380441159009933,0.3055195212364197,0.16862349212169647,-0.09158311039209366,0.08950691670179367,-0.2243649810552597,-0.151502788066864,-0.10456757992506027,0.05769587308168411,-0.04112328216433525,-0.08085259795188904,0.1446770280599594,0.12276722490787506,-0.17694050073623657
Patna,Bihar,2010,ALMT1_Tolerant,Aluminium_Toxicity,5.901750091388182,3011.143997075578,0,No Payout,0.88,7.2,3.0,0.0,0.0,24.5,9.8,1.35,34.0,0.03674999999999999,433.7172824538868,84.19768565097331,576.903504562985,80.0097284994782,498.52560627246186,46.9815358929267,891.5515618954928,27.434206105538166,26.52266898721049,31,13,238.6231561489164,0.325,-0.4537000060081482,-0.571183443069458,0.2712506353855133,0.5567675828933716,-0.11112017929553986,-0.12277822941541672,0.14524847269058228,0.11068610101938248,-0.07873772084712982,0.1910332292318344,0.48777616024017334,0.18675024807453156,0.05086051672697067,-0.2221333533525467,0.16239656507968903,0.13685879111289978
Patna,Bihar,2010,ALMT1_Sensitive,Aluminium_Toxicity,15.965692283321086,2689.097846933725,1,Partial Claim (50%),0.32,7.2,3.0,0.0,0.0,24.5,9.8,1.35,34.0,0.03674999999999999,433.7172824538868,84.19768565097331,576.903504562985,80.0097284994782,498.52560627246186,46.9815358929267,891.5515618954928,27.434206105538166,26.52266898721049,31,13,238.6231561489164,0.325,-0.4094317853450775,-0.5999096632003784,0.296453058719635,0.5143894553184509,-0.11339632421731949,-0.11340825259685516,0.11905470490455627,0.011642052792012691,-0.14638188481330872,0.19061347842216492,0.42442217469215393,0.17834866046905518,0.07455034554004669,-0.14225496351718903,0.08594279736280441,0.12387453019618988
Patna,Bihar,2010,HSP70_Thermotolerant,Heat_Shock,8.75757453987904,2919.7576147238706,0,No Payout,0.85,7.2,3.0,0.0,0.0,24.5,9.8,1.35,34.0,0.03674999999999999,433.7172824538868,84.19768565097331,576.903504562985,80.0097284994782,498.52560627246186,46.9815358929267,891.5515618954928,27.434206105538166,26.52266898721049,31,13,238.6231561489164,0.325,-0.1781480759382248,-0.03567666932940483,0.004815968684852123,0.28925102949142456,0.2118031084537506,-0.06275853514671326,0.20612309873104095,-0.11461903154850006,-0.22532889246940613,-0.06398181617259979,0.082065150141716,0.05212364345788956,-0.17094039916992188,0.14735427498817444,0.1699899435043335,-0.22095514833927155
Patna,Bihar,2010,HSP70_Sensitive,Heat_Shock,16.040666361775898,2686.698676423171,1,Partial Claim (50%),0.38,7.2,3.0,0.0,0.0,24.5,9.8,1.35,34.0,0.03674999999999999,433.7172824538868,84.19768565097331,576.903504562985,80.0097284994782,498.52560627246186,46.9815358929267,891.5515618954928,27.434206105538166,26.52266898721049,31,13,238.6231561489164,0.325,-0.20718370378017426,0.01853133924305439,0.09380441159009933,0.3055195212364197,0.16862349212169647,-0.09158311039209366,0.08950691670179367,-0.2243649810552597,-0.151502788066864,-0.10456757992506027,0.05769587308168411,-0.04112328216433525,-0.08085259795188904,0.1446770280599594,0.12276722490787506,-0.17694050073623657
Patna,Bihar,2011,ALMT1_Tolerant,Aluminium_Toxicity,2.175068639377203,3130.3978035399296,0,No Payout,0.88,7.2,3.0,0.0,0.0,24.5,9.8,1.35,34.0,0.03674999999999999,427.1146436902554,41.29263198312802,572.0711350833503,38.52563078440379,488.8041715828679,0.0,819.3234162854651,45.21572112602475,5.6441215554808615,18,41,125.03398389355657,1.025,-0.4537000060081482,-0.571183443069458,0.2712506353855133,0.5567675828933716,-0.11112017929553986,-0.12277822941541672,0.14524847269058228,0.11068610101938248,-0.07873772084712982,0.1910332292318344,0.48777616024017334,0.18675024807453156,0.05086051672697067,-0.2221333533525467,0.16239656507968903,0.13685879111289978
Patna,Bihar,2011,ALMT1_Sensitive,Aluminium_Toxicity,10.554910686878163,2862.242858019899,0,No Payout,0.32,7.2,3.0,0.0,0.0,24.5,9.8,1.35,34.0,0.03674999999999999,427.1146436902554,41.29263198312802,572.0711350833503,38.52563078440379,488.8041715828679,0.0,819.3234162854651,45.21572112602475,5.6441215554808615,18,41,125.03398389355657,1.025,-0.4094317853450775,-0.5999096632003784,0.296453058719635,0.5143894553184509,-0.11339632421731949,-0.11340825259685516,0.11905470490455627,0.011642052792012691,-0.14638188481330872,0.19061347842216492,0.42442217469215393,0.17834866046905518,0.07455034554004669,-0.14225496351718903,0.08594279736280441,0.12387453019618988
Patna,Bihar,2011,HSP70_Thermotolerant,Heat_Shock,7.39090985061282,2963.49088478039,0,No Payout,0.85,7.2,3.0,0.0,0.0,24.5,9.8,1.35,34.0,0.03674999999999999,427.1146436902554,41.29263198312802,572.0711350833503,38.52563078440379,488.8041715828679,0.0,819.3234162854651,45.21572112602475,5.6441215554808615,18,41,125.03398389355657,1.025,-0.1781480759382248,-0.03567666932940483,0.004815968684852123,0.28925102949142456,0.2118031084537506,-0.06275853514671326,0.20612309873104095,-0.11461903154850006,-0.22532889246940613,-0.06398181617259979,0.082065150141716,0.05212364345788956,-0.17094039916992188,0.14735427498817444,0.1699899435043335,-0.22095514833927155
Patna,Bihar,2011,HSP70_Sensitive,Heat_Shock,10.36563395438973,2868.2997134595284,0,No Payout,0.38,7.2,3.0,0.0,0.0,24.5,9.8,1.35,34.0,0.03674999999999999,427.1146436902554,41.29263198312802,572.0711350833503,38.52563078440379,488.8041715828679,0.0,819.3234162854651,45.21572112602475,5.6441215554808615,18,41,125.03398389355657,1.025,-0.20718370378017426,0.01853133924305439,0.09380441159009933,0.3055195212364197,0.16862349212169647,-0.09158311039209366,0.08950691670179367,-0.2243649810552597,-0.151502788066864,-0.10456757992506027,0.05769587308168411,-0.04112328216433525,-0.08085259795188904,0.1446770280599594,0.12276722490787506,-0.17694050073623657
Patna,Bihar,2012,ALMT1_Tolerant,Aluminium_Toxicity,0.0,3200.0,0,No Payout,0.88,7.2,3.0,0.0,0.0,24.5,9.8,1.35,34.0,0.03674999999999999,424.3566795375402,3.994680982221384,573.4822445516453,17.936270535240837,467.4464085211017,22.80242620357062,824.9771902388918,24.82471132806007,4.289852508733841,18,13,69.5580890490929,0.325,-0.4537000060081482,-0.571183443069458,0.2712506353855133,0.5567675828933716,-0.11112017929553986,-0.12277822941541672,0.14524847269058228,0.11068610101938248,-0.07873772084712982,0.1910332292318344,0.48777616024017334,0.18675024807453156,0.05086051672697067,-0.2221333533525467,0.16239656507968903,0.13685879111289978
Patna,Bihar,2012,ALMT1_Sensitive,Aluminium_Toxicity,5.891536753473531,3011.470823888847,0,No Payout,0.32,7.2,3.0,0.0,0.0,24.5,9.8,1.35,34.0,0.03674999999999999,424.3566795375402,3.994680982221384,573.4822445516453,17.936270535240837,467.4464085211017,22.80242620357062,824.9771902388918,24.82471132806007,4.289852508733841,18,13,69.5580890490929,0.325,-0.4094317853450775,-0.5999096632003784,0.296453058719635,0.5143894553184509,-0.11339632421731949,-0.11340825259685516,0.11905470490455627,0.011642052792012691,-0.14638188481330872,0.19061347842216492,0.42442217469215393,0.17834866046905518,0.07455034554004669,-0.14225496351718903,0.08594279736280441,0.12387453019618988
Patna,Bihar,2012,HSP70_Thermotolerant,Heat_Shock,0.0,3200.0,0,No Payout,0.85,7.2,3.0,0.0,0.0,24.5,9.8,1.35,34.0,0.03674999999999999,424.3566795375402,3.994680982221384,573.4822445516453,17.936270535240837,467.4464085211017,22.80242620357062,824.9771902388918,24.82471132806007,4.289852508733841,18,13,69.5580890490929,0.325,-0.1781480759382248,-0.03567666932940483,0.004815968684852123,0.28925102949142456,0.2118031084537506,-0.06275853514671326,0.20612309873104095,-0.11461903154850006,-0.22532889246940613,-0.06398181617259979,0.082065150141716,0.05212364345788956,-0.17094039916992188,0.14735427498817444,0.1699899435043335,-0.22095514833927155
Patna,Bihar,2012,HSP70_Sensitive,Heat_Shock,5.221769745247923,3032.9033681520664,0,No Payout,0.38,7.2,3.0,0.0,0.0,24.5,9.8,1.35,34.0,0.03674999999999999,424.3566795375402,3.994680982221384,573.4822445516453,17.936270535240837,467.4464085211017,22.80242620357062,824.9771902388918,24.82471132806007,4.289852508733841,18,13,69.5580890490929,0.325,-0.20718370378017426,0.01853133924305439,0.09380441159009933,0.3055195212364197,0.16862349212169647,-0.09158311039209366,0.08950691670179367,-0.2243649810552597,-0.151502788066864,-0.10456757992506027,0.05769587308168411,-0.04112328216433525,-0.08085259795188904,0.1446770280599594,0.12276722490787506,-0.17694050073623657
Patna,Bihar,2013,ALMT1_Tolerant,Aluminium_Toxicity,9.097288424022675,2908.8867704312743,0,No Payout,0.88,7.2,3.0,0.0,0.0,24.5,9.8,1.35,34.0,0.03674999999999999,436.1575509300593,34.27352689723,580.9519583306678,14.877914513959166,485.10501683074483,34.29114224381854,826.9124486476669,3.468039925509344,0.3248842095029545,19,20,86.91062358051704,0.5,-0.4537000060081482,-0.571183443069458,0.2712506353855133,0.5567675828933716,-0.11112017929553986,-0.12277822941541672,0.14524847269058228,0.11068610101938248,-0.07873772084712982,0.1910332292318344,0.48777616024017334,0.18675024807453156,0.05086051672697067,-0.2221333533525467,0.16239656507968903,0.13685879111289978
Patna,Bihar,2013,ALMT1_Sensitive,Aluminium_Toxicity,1.2365492743901936,3160.4304232195136,0,No Payout,0.32,7.2,3.0,0.0,0.0,24.5,9.8,1.35,34.0,0.03674999999999999,436.1575509300593,34.27352689723,580.9519583306678,14.877914513959166,485.10501683074483,34.29114224381854,826.9124486476669,3.468039925509344,0.3248842095029545,19,20,86.91062358051704,0.5,-0.4094317853450775,-0.5999096632003784,0.296453058719635,0.5143894553184509,-0.11339632421731949,-0.11340825259685516,0.11905470490455627,0.011642052792012691,-0.14638188481330872,0.19061347842216492,0.42442217469215393,0.17834866046905518,0.07455034554004669,-0.14225496351718903,0.08594279736280441,0.12387453019618988
Patna,Bihar,2013,HSP70_Thermotolerant,Heat_Shock,8.36021598166827,2932.473088586615,0,No Payout,0.85,7.2,3.0,0.0,0.0,24.5,9.8,1.35,34.0,0.03674999999999999,436.1575509300593,34.27352689723,580.9519583306678,14.877914513959166,485.10501683074483,34.29114224381854,826.9124486476669,3.468039925509344,0.3248842095029545,19,20,86.91062358051704,0.5,-0.1781480759382248,-0.03567666932940483,0.004815968684852123,0.28925102949142456,0.2118031084537506,-0.06275853514671326,0.20612309873104095,-0.11461903154850006,-0.22532889246940613,-0.06398181617259979,0.082065150141716,0.05212364345788956,-0.17094039916992188,0.14735427498817444,0.1699899435043335,-0.22095514833927155
Patna,Bihar,2013,HSP70_Sensitive,Heat_Shock,6.716564291357792,2985.0699426765505,0,No Payout,0.38,7.2,3.0,0.0,0.0,24.5,9.8,1.35,34.0,0.03674999999999999,436.1575509300593,34.27352689723,580.9519583306678,14.877914513959166,485.10501683074483,34.29114224381854,826.9124486476669,3.468039925509344,0.3248842095029545,19,20,86.91062358051704,0.5,-0.20718370378017426,0.01853133924305439,0.09380441159009933,0.3055195212364197,0.16862349212169647,-0.09158311039209366,0.08950691670179367,-0.2243649810552597,-0.151502788066864,-0.10456757992506027,0.05769587308168411,-0.04112328216433525,-0.08085259795188904,0.1446770280599594,0.12276722490787506,-0.17694050073623657
Patna,Bihar,2014,ALMT1_Tolerant,Aluminium_Toxicity,1.5608986611408977,3150.0512428434913,0,No Payout,0.88,7.2,3.0,0.0,0.0,24.5,9.8,1.35,34.0,0.03674999999999999,431.21977061498416,4.3268330288589585,580.646967740627,47.772861260386364,484.83344955218683,2.757354310456704,825.4079275667657,60.665190544476715,5.723834644560959,21,31,115.52223914417874,0.775,-0.4537000060081482,-0.571183443069458,0.2712506353855133,0.5567675828933716,-0.11112017929553986,-0.12277822941541672,0.14524847269058228,0.11068610101938248,-0.07873772084712982,0.1910332292318344,0.48777616024017334,0.18675024807453156,0.05086051672697067,-0.2221333533525467,0.16239656507968903,0.13685879111289978
Patna,Bihar,2014,ALMT1_Sensitive,Aluminium_Toxicity,4.13018347487106,3067.834128804126,0,No Payout,0.32,7.2,3.0,0.0,0.0,24.5,9.8,1.35,34.0,0.03674999999999999,431.21977061498416,4.3268330288589585,580.646967740627,47.772861260386364,484.83344955218683,2.757354310456704,825.4079275667657,60.665190544476715,5.723834644560959,21,31,115.52223914417874,0.775,-0.4094317853450775,-0.5999096632003784,0.296453058719635,0.5143894553184509,-0.11339632421731949,-0.11340825259685516,0.11905470490455627,0.011642052792012691,-0.14638188481330872,0.19061347842216492,0.42442217469215393,0.17834866046905518,0.07455034554004669,-0.14225496351718903,0.08594279736280441,0.12387453019618988
Patna,Bihar,2014,HSP70_Thermotolerant,Heat_Shock,7.1340893165966675,2971.7091418689065,0,No Payout,0.85,7.2,3.0,0.0,0.0,24.5,9.8,1.35,34.0,0.03674999999999999,431.21977061498416,4.3268330288589585,580.646967740627,47.772861260386364,484.83344955218683,2.757354310456704,825.4079275667657,60.665190544476715,5.723834644560959,21,31,115.52223914417874,0.775,-0.1781480759382248,-0.03567666932940483,0.004815968684852123,0.28925102949142456,0.2118031084537506,-0.06275853514671326,0.20612309873104095,-0.11461903154850006,-0.22532889246940613,-0.06398181617259979,0.082065150141716,0.05212364345788956,-0.17094039916992188,0.14735427498817444,0.1699899435043335,-0.22095514833927155
Patna,Bihar,2014,HSP70_Sensitive,Heat_Shock,9.123780227840514,2908.0390327091036,0,No Payout,0.38,7.2,3.0,0.0,0.0,24.5,9.8,1.35,34.0,0.03674999999999999,431.21977061498416,4.3268330288589585,580.646967740627,47.772861260386364,484.83344955218683,2.757354310456704,825.4079275667657,60.665190544476715,5.723834644560959,21,31,115.52223914417874,0.775,-0.20718370378017426,0.01853133924305439,0.09380441159009933,0.3055195212364197,0.16862349212169647,-0.09158311039209366,0.08950691670179367,-0.2243649810552597,-0.151502788066864,-0.10456757992506027,0.05769587308168411,-0.04112328216433525,-0.08085259795188904,0.1446770280599594,0.12276722490787506,-0.17694050073623657
Patna,Bihar,2015,ALMT1_Tolerant,Aluminium_Toxicity,4.979654932636961,3040.6510421556172,0,No Payout,0.88,7.2,3.0,0.0,0.0,24.5,9.8,1.35,34.0,0.03674999999999999,431.42968218870766,24.458020433388715,579.9521692488624,9.714256451984273,488.0362713087828,13.239189212039207,807.2110149648288,25.62931969363158,6.77666843283075,19,15,73.04078579104377,0.375,-0.4537000060081482,-0.571183443069458,0.2712506353855133,0.5567675828933716,-0.11112017929553986,-0.12277822941541672,0.14524847269058228,0.11068610101938248,-0.07873772084712982,0.1910332292318344,0.48777616024017334,0.18675024807453156,0.05086051672697067,-0.2221333533525467,0.16239656507968903,0.13685879111289978
Patna,Bihar,2015,ALMT1_Sensitive,Aluminium_Toxicity,3.4860827020983587,3088.4453535328526,0,No Payout,0.32,7.2,3.0,0.0,0.0,24.5,9.8,1.35,34.0,0.03674999999999999,431.42968218870766,24.458020433388715,579.9521692488624,9.714256451984273,488.0362713087828,13.239189212039207,807.2110149648288,25.62931969363158,6.77666843283075,19,15,73.04078579104377,0.375,-0.4094317853450775,-0.5999096632003784,0.296453058719635,0.5143894553184509,-0.11339632421731949,-0.11340825259685516,0.11905470490455627,0.011642052792012691,-0.14638188481330872,0.19061347842216492,0.42442217469215393,0.17834866046905518,0.07455034554004669,-0.14225496351718903,0.08594279736280441,0.12387453019618988
Patna,Bihar,2015,HSP70_Thermotolerant,Heat_Shock,9.563787040018088,2893.9588147194213,0,No Payout,0.85,7.2,3.0,0.0,0.0,24.5,9.8,1.35,34.0,0.03674999999999999,431.42968218870766,24.458020433388715,579.9521692488624,9.714256451984273,488.0362713087828,13.239189212039207,807.2110149648288,25.62931969363158,6.77666843283075,19,15,73.04078579104377,0.375,-0.1781480759382248,-0.03567666932940483,0.004815968684852123,0.28925102949142456,0.2118031084537506,-0.06275853514671326,0.20612309873104095,-0.11461903154850006,-0.22532889246940613,-0.06398181617259979,0.082065150141716,0.05212364345788956,-0.17094039916992188,0.14735427498817444,0.1699899435043335,-0.22095514833927155
Patna,Bihar,2015,HSP70_Sensitive,Heat_Shock,0.912965185712429,3170.785114057202,0,No Payout,0.38,7.2,3.0,0.0,0.0,24.5,9.8,1.35,34.0,0.03674999999999999,431.42968218870766,24.458020433388715,579.9521692488624,9.714256451984273,488.0362713087828,13.239189212039207,807.2110149648288,25.62931969363158,6.77666843283075,19,15,73.04078579104377,0.375,-0.20718370378017426,0.01853133924305439,0.09380441159009933,0.3055195212364197,0.16862349212169647,-0.09158311039209366,0.08950691670179367,-0.2243649810552597,-0.151502788066864,-0.10456757992506027,0.05769587308168411,-0.04112328216433525,-0.08085259795188904,0.1446770280599594,0.12276722490787506,-0.17694050073623657
Patna,Bihar,2016,ALMT1_Tolerant,Aluminium_Toxicity,8.783382154224828,2918.9317710648056,0,No Payout,0.88,7.2,3.0,0.0,0.0,24.5,9.8,1.35,34.0,0.03674999999999999,418.04349656739595,80.44308369992473,590.0608015863788,13.690397096610441,500.4669604909526,85.05317765517874,887.3911565962526,41.88298021834095,28.371939222475106,31,13,221.06963867005487,0.325,-0.4537000060081482,-0.571183443069458,0.2712506353855133,0.5567675828933716,-0.11112017929553986,-0.12277822941541672,0.14524847269058228,0.11068610101938248,-0.07873772084712982,0.1910332292318344,0.48777616024017334,0.18675024807453156,0.05086051672697067,-0.2221333533525467,0.16239656507968903,0.13685879111289978
Patna,Bihar,2016,ALMT1_Sensitive,Aluminium_Toxicity,7.120370837283874,2972.148133206916,0,No Payout,0.32,7.2,3.0,0.0,0.0,24.5,9.8,1.35,34.0,0.03674999999999999,418.04349656739595,80.44308369992473,590.0608015863788,13.690397096610441,500.4669604909526,85.05317765517874,887.3911565962526,41.88298021834095,28.371939222475106,31,13,221.06963867005487,0.325,-0.4094317853450775,-0.5999096632003784,0.296453058719635,0.5143894553184509,-0.11339632421731949,-0.11340825259685516,0.11905470490455627,0.011642052792012691,-0.14638188481330872,0.19061347842216492,0.42442217469215393,0.17834866046905518,0.07455034554004669,-0.14225496351718903,0.08594279736280441,0.12387453019618988
Patna,Bihar,2016,HSP70_Thermotolerant,Heat_Shock,8.677477260966976,2922.320727649057,0,No Payout,0.85,7.2,3.0,0.0,0.0,24.5,9.8,1.35,34.0,0.03674999999999999,418.04349656739595,80.44308369992473,590.0608015863788,13.690397096610441,500.4669604909526,85.05317765517874,887.3911565962526,41.88298021834095,28.371939222475106,31,13,221.06963867005487,0.325,-0.1781480759382248,-0.03567666932940483,0.004815968684852123,0.28925102949142456,0.2118031084537506,-0.06275853514671326,0.20612309873104095,-0.11461903154850006,-0.22532889246940613,-0.06398181617259979,0.082065150141716,0.05212364345788956,-0.17094039916992188,0.14735427498817444,0.1699899435043335,-0.22095514833927155
Patna,Bihar,2016,HSP70_Sensitive,Heat_Shock,14.980732755680581,2720.6165518182215,0,No Payout,0.38,7.2,3.0,0.0,0.0,24.5,9.8,1.35,34.0,0.03674999999999999,418.04349656739595,80.44308369992473,590.0608015863788,13.690397096610441,500.4669604909526,85.05317765517874,887.3911565962526,41.88298021834095,28.371939222475106,31,13,221.06963867005487,0.325,-0.20718370378017426,0.01853133924305439,0.09380441159009933,0.3055195212364197,0.16862349212169647,-0.09158311039209366,0.08950691670179367,-0.2243649810552597,-0.151502788066864,-0.10456757992506027,0.05769587308168411,-0.04112328216433525,-0.08085259795188904,0.1446770280599594,0.12276722490787506,-0.17694050073623657
Patna,Bihar,2017,ALMT1_Tolerant,Aluminium_Toxicity,6.491898305506312,2992.259254223798,0,No Payout,0.88,7.2,3.0,0.0,0.0,24.5,9.8,1.35,34.0,0.03674999999999999,424.49897541495375,62.50811173490487,561.7853339336274,17.598141820001615,491.17484790992967,0.0,811.277884709477,59.647450437856925,0.7940540314577902,15,38,139.7537039927634,0.95,-0.4537000060081482,-0.571183443069458,0.2712506353855133,0.5567675828933716,-0.11112017929553986,-0.12277822941541672,0.14524847269058228,0.11068610101938248,-0.07873772084712982,0.1910332292318344,0.48777616024017334,0.18675024807453156,0.05086051672697067,-0.2221333533525467,0.16239656507968903,0.13685879111289978
Patna,Bihar,2017,ALMT1_Sensitive,Aluminium_Toxicity,0.2671706245598371,3191.450540014085,0,No Payout,0.32,7.2,3.0,0.0,0.0,24.5,9.8,1.35,34.0,0.03674999999999999,424.49897541495375,62.50811173490487,561.7853339336274,17.598141820001615,491.17484790992967,0.0,811.277884709477,59.647450437856925,0.7940540314577902,15,38,139.7537039927634,0.95,-0.4094317853450775,-0.5999096632003784,0.296453058719635,0.5143894553184509,-0.11339632421731949,-0.11340825259685516,0.11905470490455627,0.011642052792012691,-0.14638188481330872,0.19061347842216492,0.42442217469215393,0.17834866046905518,0.07455034554004669,-0.14225496351718903,0.08594279736280441,0.12387453019618988
Patna,Bihar,2017,HSP70_Thermotolerant,Heat_Shock,0.0,3200.0,0,No Payout,0.85,7.2,3.0,0.0,0.0,24.5,9.8,1.35,34.0,0.03674999999999999,424.49897541495375,62.50811173490487,561.7853339336274,17.598141820001615,491.17484790992967,0.0,811.277884709477,59.647450437856925,0.7940540314577902,15,38,139.7537039927634,0.95,-0.1781480759382248,-0.03567666932940483,0.004815968684852123,0.28925102949142456,0.2118031084537506,-0.06275853514671326,0.20612309873104095,-0.11461903154850006,-0.22532889246940613,-0.06398181617259979,0.082065150141716,0.05212364345788956,-0.17094039916992188,0.14735427498817444,0.1699899435043335,-0.22095514833927155
Patna,Bihar,2017,HSP70_Sensitive,Heat_Shock,6.2976089079805035,2998.476514944624,0,No Payout,0.38,7.2,3.0,0.0,0.0,24.5,9.8,1.35,34.0,0.03674999999999999,424.49897541495375,62.50811173490487,561.7853339336274,17.598141820001615,491.17484790992967,0.0,811.277884709477,59.647450437856925,0.7940540314577902,15,38,139.7537039927634,0.95,-0.20718370378017426,0.01853133924305439,0.09380441159009933,0.3055195212364197,0.16862349212169647,-0.09158311039209366,0.08950691670179367,-0.2243649810552597,-0.151502788066864,-0.10456757992506027,0.05769587308168411,-0.04112328216433525,-0.08085259795188904,0.1446770280599594,0.12276722490787506,-0.17694050073623657
Patna,Bihar,2018,ALMT1_Tolerant,Aluminium_Toxicity,9.183278434029136,2906.1350901110677,0,No Payout,0.88,7.2,3.0,0.0,0.0,24.5,9.8,1.35,34.0,0.03674999999999999,425.7903979506616,31.17389627966473,583.0908194621157,67.81538751032134,491.037322752836,35.5159467180234,813.586048202913,14.63208331893796,6.077184062597542,21,17,149.13731382694743,0.425,-0.4537000060081482,-0.571183443069458,0.2712506353855133,0.5567675828933716,-0.11112017929553986,-0.12277822941541672,0.14524847269058228,0.11068610101938248,-0.07873772084712982,0.1910332292318344,0.48777616024017334,0.18675024807453156,0.05086051672697067,-0.2221333533525467,0.16239656507968903,0.13685879111289978
Patna,Bihar,2018,ALMT1_Sensitive,Aluminium_Toxicity,11.963826600866177,2817.157548772282,0,No Payout,0.32,7.2,3.0,0.0,0.0,24.5,9.8,1.35,34.0,0.03674999999999999,425.7903979506616,31.17389627966473,583.0908194621157,67.81538751032134,491.037322752836,35.5159467180234,813.586048202913,14.63208331893796,6.077184062597542,21,17,149.13731382694743,0.425,-0.4094317853450775,-0.5999096632003784,0.296453058719635,0.5143894553184509,-0.11339632421731949,-0.11340825259685516,0.11905470490455627,0.011642052792012691,-0.14638188481330872,0.19061347842216492,0.42442217469215393,0.17834866046905518,0.07455034554004669,-0.14225496351718903,0.08594279736280441,0.12387453019618988
Patna,Bihar,2018,HSP70_Thermotolerant,Heat_Shock,2.517842741660471,3119.429032266865,0,No Payout,0.85,7.2,3.0,0.0,0.0,24.5,9.8,1.35,34.0,0.03674999999999999,425.7903979506616,31.17389627966473,583.0908194621157,67.81538751032134,491.037322752836,35.5159467180234,813.586048202913,14.63208331893796,6.077184062597542,21,17,149.13731382694743,0.425,-0.1781480759382248,-0.03567666932940483,0.004815968684852123,0.28925102949142456,0.2118031084537506,-0.06275853514671326,0.20612309873104095,-0.11461903154850006,-0.22532889246940613,-0.06398181617259979,0.082065150141716,0.05212364345788956,-0.17094039916992188,0.14735427498817444,0.1699899435043335,-0.22095514833927155
Patna,Bihar,2018,HSP70_Sensitive,Heat_Shock,5.538966580662504,3022.7530694188,0,No Payout,0.38,7.2,3.0,0.0,0.0,24.5,9.8,1.35,34.0,0.03674999999999999,425.7903979506616,31.17389627966473,583.0908194621157,67.81538751032134,491.037322752836,35.5159467180234,813.586048202913,14.63208331893796,6.077184062597542,21,17,149.13731382694743,0.425,-0.20718370378017426,0.01853133924305439,0.09380441159009933,0.3055195212364197,0.16862349212169647,-0.09158311039209366,0.08950691670179367,-0.2243649810552597,-0.151502788066864,-0.10456757992506027,0.05769587308168411,-0.04112328216433525,-0.08085259795188904,0.1446770280599594,0.12276722490787506,-0.17694050073623657
Patna,Bihar,2019,ALMT1_Tolerant,Aluminium_Toxicity,0.0,3200.0,0,No Payout,0.88,7.2,3.0,0.0,0.0,24.5,9.8,1.35,34.0,0.03674999999999999,432.8513022305813,54.2048281164114,579.8419485060932,65.72227467056062,481.6044264121704,36.586520459247915,815.1382377012228,1.9145014770042037,4.046622487410335,20,10,158.42812472322413,0.25,-0.4537000060081482,-0.571183443069458,0.2712506353855133,0.5567675828933716,-0.11112017929553986,-0.12277822941541672,0.14524847269058228,0.11068610101938248,-0.07873772084712982,0.1910332292318344,0.48777616024017334,0.18675024807453156,0.05086051672697067,-0.2221333533525467,0.16239656507968903,0.13685879111289978
Patna,Bihar,2019,ALMT1_Sensitive,Aluminium_Toxicity,0.3815528945395816,3187.7903073747334,0,No Payout,0.32,7.2,3.0,0.0,0.0,24.5,9.8,1.35,34.0,0.03674999999999999,432.8513022305813,54.2048281164114,579.8419485060932,65.72227467056062,481.6044264121704,36.586520459247915,815.1382377012228,1.9145014770042037,4.046622487410335,20,10,158.42812472322413,0.25,-0.4094317853450775,-0.5999096632003784,0.296453058719635,0.5143894553184509,-0.11339632421731949,-0.11340825259685516,0.11905470490455627,0.011642052792012691,-0.14638188481330872,0.19061347842216492,0.42442217469215393,0.17834866046905518,0.07455034554004669,-0.14225496351718903,0.08594279736280441,0.12387453019618988
Patna,Bihar,2019,HSP70_Thermotolerant,Heat_Shock,8.850317627657569,2916.789835914958,0,No Payout,0.85,7.2,3.0,0.0,0.0,24.5,9.8,1.35,34.0,0.03674999999999999,432.8513022305813,54.2048281164114,579.8419485060932,65.72227467056062,481.6044264121704,36.586520459247915,815.1382377012228,1.9145014770042037,4.046622487410335,20,10,158.42812472322413,0.25,-0.1781480759382248,-0.03567666932940483,0.004815968684852123,0.28925102949142456,0.2118031084537506,-0.06275853514671326,0.20612309873104095,-0.11461903154850006,-0.22532889246940613,-0.06398181617259979,0.082065150141716,0.05212364345788956,-0.17094039916992188,0.14735427498817444,0.1699899435043335,-0.22095514833927155
Patna,Bihar,2019,HSP70_Sensitive,Heat_Shock,6.797942581951744,2982.465837377544,0,No Payout,0.38,7.2,3.0,0.0,0.0,24.5,9.8,1.35,34.0,0.03674999999999999,432.8513022305813,54.2048281164114,579.8419485060932,65.72227467056062,481.6044264121704,36.586520459247915,815.1382377012228,1.9145014770042037,4.046622487410335,20,10,158.42812472322413,0.25,-0.20718370378017426,0.01853133924305439,0.09380441159009933,0.3055195212364197,0.16862349212169647,-0.09158311039209366,0.08950691670179367,-0.2243649810552597,-0.151502788066864,-0.10456757992506027,0.05769587308168411,-0.04112328216433525,-0.08085259795188904,0.1446770280599594,0.12276722490787506,-0.17694050073623657
Patna,Bihar,2020,ALMT1_Tolerant,Aluminium_Toxicity,0.0,3200.0,0,No Payout,0.88,7.2,3.0,0.0,0.0,24.5,9.8,1.35,34.0,0.03674999999999999,423.11364744489975,5.327635599316514,574.4532615755592,31.007590717661163,491.0896985648892,5.486182070110901,812.8758845105791,84.34605063198764,4.60111537622506,17,23,126.1674590190762,0.575,-0.4537000060081482,-0.571183443069458,0.2712506353855133,0.5567675828933716,-0.11112017929553986,-0.12277822941541672,0.14524847269058228,0.11068610101938248,-0.07873772084712982,0.1910332292318344,0.48777616024017334,0.18675024807453156,0.05086051672697067,-0.2221333533525467,0.16239656507968903,0.13685879111289978
Patna,Bihar,2020,ALMT1_Sensitive,Aluminium_Toxicity,8.859413917114423,2916.4987546523384,0,No Payout,0.32,7.2,3.0,0.0,0.0,24.5,9.8,1.35,34.0,0.03674999999999999,423.11364744489975,5.327635599316514,574.4532615755592,31.007590717661163,491.0896985648892,5.486182070110901,812.8758845105791,84.34605063198764,4.60111537622506,17,23,126.1674590190762,0.575,-0.4094317853450775,-0.5999096632003784,0.296453058719635,0.5143894553184509,-0.11339632421731949,-0.11340825259685516,0.11905470490455627,0.011642052792012691,-0.14638188481330872,0.19061347842216492,0.42442217469215393,0.17834866046905518,0.07455034554004669,-0.14225496351718903,0.08594279736280441,0.12387453019618988
Patna,Bihar,2020,HSP70_Thermotolerant,Heat_Shock,3.706035807862948,3081.4068541483857,0,No Payout,0.85,7.2,3.0,0.0,0.0,24.5,9.8,1.35,34.0,0.03674999999999999,423.11364744489975,5.327635599316514,574.4532615755592,31.007590717661163,491.0896985648892,5.486182070110901,812.8758845105791,84.34605063198764,4.60111537622506,17,23,126.1674590190762,0.575,-0.1781480759382248,-0.03567666932940483,0.004815968684852123,0.28925102949142456,0.2118031084537506,-0.06275853514671326,0.20612309873104095,-0.11461903154850006,-0.22532889246940613,-0.06398181617259979,0.082065150141716,0.05212364345788956,-0.17094039916992188,0.14735427498817444,0.1699899435043335,-0.22095514833927155
Patna,Bihar,2020,HSP70_Sensitive,Heat_Shock,2.535260873740379,3118.871652040308,0,No Payout,0.38,7.2,3.0,0.0,0.0,24.5,9.8,1.35,34.0,0.03674999999999999,423.11364744489975,5.327635599316514,574.4532615755592,31.007590717661163,491.0896985648892,5.486182070110901,812.8758845105791,84.34605063198764,4.60111537622506,17,23,126.1674590190762,0.575,-0.20718370378017426,0.01853133924305439,0.09380441159009933,0.3055195212364197,0.16862349212169647,-0.09158311039209366,0.08950691670179367,-0.2243649810552597,-0.151502788066864,-0.10456757992506027,0.05769587308168411,-0.04112328216433525,-0.08085259795188904,0.1446770280599594,0.12276722490787506,-0.17694050073623657
Patna,Bihar,2021,ALMT1_Tolerant,Aluminium_Toxicity,7.479980357700421,2960.6406285535863,0,No Payout,0.88,7.2,3.0,0.0,0.0,24.5,9.8,1.35,34.0,0.03674999999999999,430.93285566946906,41.27509627156818,579.3112798998537,4.236230458466559,485.69335970798346,29.886912680230203,885.5180329808168,18.935687718796828,9.813654032055059,31,28,94.33392712906178,0.7,-0.4537000060081482,-0.571183443069458,0.2712506353855133,0.5567675828933716,-0.11112017929553986,-0.12277822941541672,0.14524847269058228,0.11068610101938248,-0.07873772084712982,0.1910332292318344,0.48777616024017334,0.18675024807453156,0.05086051672697067,-0.2221333533525467,0.16239656507968903,0.13685879111289978
Patna,Bihar,2021,ALMT1_Sensitive,Aluminium_Toxicity,6.46099064414622,2993.248299387321,0,No Payout,0.32,7.2,3.0,0.0,0.0,24.5,9.8,1.35,34.0,0.03674999999999999,430.93285566946906,41.27509627156818,579.3112798998537,4.236230458466559,485.69335970798346,29.886912680230203,885.5180329808168,18.935687718796828,9.813654032055059,31,28,94.33392712906178,0.7,-0.4094317853450775,-0.5999096632003784,0.296453058719635,0.5143894553184509,-0.11339632421731949,-0.11340825259685516,0.11905470490455627,0.011642052792012691,-0.14638188481330872,0.19061347842216492,0.42442217469215393,0.17834866046905518,0.07455034554004669,-0.14225496351718903,0.08594279736280441,0.12387453019618988
Patna,Bihar,2021,HSP70_Thermotolerant,Heat_Shock,7.079185737803795,2973.4660563902785,0,No Payout,0.85,7.2,3.0,0.0,0.0,24.5,9.8,1.35,34.0,0.03674999999999999,430.93285566946906,41.27509627156818,579.3112798998537,4.236230458466559,485.69335970798346,29.886912680230203,885.5180329808168,18.935687718796828,9.813654032055059,31,28,94.33392712906178,0.7,-0.1781480759382248,-0.03567666932940483,0.004815968684852123,0.28925102949142456,0.2118031084537506,-0.06275853514671326,0.20612309873104095,-0.11461903154850006,-0.22532889246940613,-0.06398181617259979,0.082065150141716,0.05212364345788956,-0.17094039916992188,0.14735427498817444,0.1699899435043335,-0.22095514833927155
Patna,Bihar,2021,HSP70_Sensitive,Heat_Shock,6.18044875634896,3002.2256397968335,0,No Payout,0.38,7.2,3.0,0.0,0.0,24.5,9.8,1.35,34.0,0.03674999999999999,430.93285566946906,41.27509627156818,579.3112798998537,4.236230458466559,485.69335970798346,29.886912680230203,885.5180329808168,18.935687718796828,9.813654032055059,31,28,94.33392712906178,0.7,-0.20718370378017426,0.01853133924305439,0.09380441159009933,0.3055195212364197,0.16862349212169647,-0.09158311039209366,0.08950691670179367,-0.2243649810552597,-0.151502788066864,-0.10456757992506027,0.05769587308168411,-0.04112328216433525,-0.08085259795188904,0.1446770280599594,0.12276722490787506,-0.17694050073623657
Patna,Bihar,2022,ALMT1_Tolerant,Aluminium_Toxicity,10.337720932105693,2869.1929301726177,0,No Payout,0.88,7.2,3.0,0.0,0.0,24.5,9.8,1.35,34.0,0.03674999999999999,434.1607358469415,43.79965070796535,575.52978210089,70.90427265308934,487.65875721425283,3.429981493957818,878.4139742451316,20.322041376774678,16.365690481493683,32,30,138.45594623178715,0.75,-0.4537000060081482,-0.571183443069458,0.2712506353855133,0.5567675828933716,-0.11112017929553986,-0.12277822941541672,0.14524847269058228,0.11068610101938248,-0.07873772084712982,0.1910332292318344,0.48777616024017334,0.18675024807453156,0.05086051672697067,-0.2221333533525467,0.16239656507968903,0.13685879111289978
Patna,Bihar,2022,ALMT1_Sensitive,Aluminium_Toxicity,6.060277720681661,3006.0711129381866,0,No Payout,0.32,7.2,3.0,0.0,0.0,24.5,9.8,1.35,34.0,0.03674999999999999,434.1607358469415,43.79965070796535,575.52978210089,70.90427265308934,487.65875721425283,3.429981493957818,878.4139742451316,20.322041376774678,16.365690481493683,32,30,138.45594623178715,0.75,-0.4094317853450775,-0.5999096632003784,0.296453058719635,0.5143894553184509,-0.11339632421731949,-0.11340825259685516,0.11905470490455627,0.011642052792012691,-0.14638188481330872,0.19061347842216492,0.42442217469215393,0.17834866046905518,0.07455034554004669,-0.14225496351718903,0.08594279736280441,0.12387453019618988
Patna,Bihar,2022,HSP70_Thermotolerant,Heat_Shock,7.90674498416635,2946.9841605066767,0,No Payout,0.85,7.2,3.0,0.0,0.0,24.5,9.8,1.35,34.0,0.03674999999999999,434.1607358469415,43.79965070796535,575.52978210089,70.90427265308934,487.65875721425283,3.429981493957818,878.4139742451316,20.322041376774678,16.365690481493683,32,30,138.45594623178715,0.75,-0.1781480759382248,-0.03567666932940483,0.004815968684852123,0.28925102949142456,0.2118031084537506,-0.06275853514671326,0.20612309873104095,-0.11461903154850006,-0.22532889246940613,-0.06398181617259979,0.082065150141716,0.05212364345788956,-0.17094039916992188,0.14735427498817444,0.1699899435043335,-0.22095514833927155
Patna,Bihar,2022,HSP70_Sensitive,Heat_Shock,8.429175053500993,2930.266398287968,0,No Payout,0.38,7.2,3.0,0.0,0.0,24.5,9.8,1.35,34.0,0.03674999999999999,434.1607358469415,43.79965070796535,575.52978210089,70.90427265308934,487.65875721425283,3.429981493957818,878.4139742451316,20.322041376774678,16.365690481493683,32,30,138.45594623178715,0.75,-0.20718370378017426,0.01853133924305439,0.09380441159009933,0.3055195212364197,0.16862349212169647,-0.09158311039209366,0.08950691670179367,-0.2243649810552597,-0.151502788066864,-0.10456757992506027,0.05769587308168411,-0.04112328216433525,-0.08085259795188904,0.1446770280599594,0.12276722490787506,-0.17694050073623657
Patna,Bihar,2023,ALMT1_Tolerant,Aluminium_Toxicity,7.022820525375073,2975.269743187998,0,No Payout,0.88,7.2,3.0,0.0,0.0,24.5,9.8,1.35,34.0,0.03674999999999999,438.92651186202795,13.630557916399995,586.7134352608341,31.27558175353016,483.5727416642688,32.0284311046061,833.8863648264695,31.018754145968305,5.170630045542975,22,23,107.95332492050457,0.575,-0.4537000060081482,-0.571183443069458,0.2712506353855133,0.5567675828933716,-0.11112017929553986,-0.12277822941541672,0.14524847269058228,0.11068610101938248,-0.07873772084712982,0.1910332292318344,0.48777616024017334,0.18675024807453156,0.05086051672697067,-0.2221333533525467,0.16239656507968903,0.13685879111289978
Patna,Bihar,2023,ALMT1_Sensitive,Aluminium_Toxicity,6.17671793516912,3002.345026074588,0,No Payout,0.32,7.2,3.0,0.0,0.0,24.5,9.8,1.35,34.0,0.03674999999999999,438.92651186202795,13.630557916399995,586.7134352608341,31.27558175353016,483.5727416642688,32.0284311046061,833.8863648264695,31.018754145968305,5.170630045542975,22,23,107.95332492050457,0.575,-0.4094317853450775,-0.5999096632003784,0.296453058719635,0.5143894553184509,-0.11339632421731949,-0.11340825259685516,0.11905470490455627,0.011642052792012691,-0.14638188481330872,0.19061347842216492,0.42442217469215393,0.17834866046905518,0.07455034554004669,-0.14225496351718903,0.08594279736280441,0.12387453019618988
Patna,Bihar,2023,HSP70_Thermotolerant,Heat_Shock,3.306297427339843,3094.198482325125,0,No Payout,0.85,7.2,3.0,0.0,0.0,24.5,9.8,1.35,34.0,0.03674999999999999,438.92651186202795,13.630557916399995,586.7134352608341,31.27558175353016,483.5727416642688,32.0284311046061,833.8863648264695,31.018754145968305,5.170630045542975,22,23,107.95332492050457,0.575,-0.1781480759382248,-0.03567666932940483,0.004815968684852123,0.28925102949142456,0.2118031084537506,-0.06275853514671326,0.20612309873104095,-0.11461903154850006,-0.22532889246940613,-0.06398181617259979,0.082065150141716,0.05212364345788956,-0.17094039916992188,0.14735427498817444,0.1699899435043335,-0.22095514833927155
Patna,Bihar,2023,HSP70_Sensitive,Heat_Shock,2.646591380241855,3115.3090758322605,0,No Payout,0.38,7.2,3.0,0.0,0.0,24.5,9.8,1.35,34.0,0.03674999999999999,438.92651186202795,13.630557916399995,586.7134352608341,31.27558175353016,483.5727416642688,32.0284311046061,833.8863648264695,31.018754145968305,5.170630045542975,22,23,107.95332492050457,0.575,-0.20718370378017426,0.01853133924305439,0.09380441159009933,0.3055195212364197,0.16862349212169647,-0.09158311039209366,0.08950691670179367,-0.2243649810552597,-0.151502788066864,-0.10456757992506027,0.05769587308168411,-0.04112328216433525,-0.08085259795188904,0.1446770280599594,0.12276722490787506,-0.17694050073623657
Gaya,Bihar,2008,ALMT1_Tolerant,Aluminium_Toxicity,3.100366561163708,3100.7882700427617,0,No Payout,0.88,6.6,8.0,0.0,0.0,19.2,7.5,1.38,30.0,0.11100000000000002,438.4523981952544,70.48563009352115,587.0439182749795,0.751662319674065,474.9925801160625,7.641583341717855,817.5007755310404,67.63219869866045,3.7456312475447398,18,31,146.51107445357354,0.775,-0.4537000060081482,-0.571183443069458,0.2712506353855133,0.5567675828933716,-0.11112017929553986,-0.12277822941541672,0.14524847269058228,0.11068610101938248,-0.07873772084712982,0.1910332292318344,0.48777616024017334,0.18675024807453156,0.05086051672697067,-0.2221333533525467,0.16239656507968903,0.13685879111289978
Gaya,Bihar,2008,ALMT1_Sensitive,Aluminium_Toxicity,4.192647544211726,3065.835278585225,0,No Payout,0.32,6.6,8.0,0.0,0.0,19.2,7.5,1.38,30.0,0.11100000000000002,438.4523981952544,70.48563009352115,587.0439182749795,0.751662319674065,474.9925801160625,7.641583341717855,817.5007755310404,67.63219869866045,3.7456312475447398,18,31,146.51107445357354,0.775,-0.4094317853450775,-0.5999096632003784,0.296453058719635,0.5143894553184509,-0.11339632421731949,-0.11340825259685516,0.11905470490455627,0.011642052792012691,-0.14638188481330872,0.19061347842216492,0.42442217469215393,0.17834866046905518,0.07455034554004669,-0.14225496351718903,0.08594279736280441,0.12387453019618988
Gaya,Bihar,2008,HSP70_Thermotolerant,Heat_Shock,4.054545969207298,3070.2545289853665,0,No Payout,0.85,6.6,8.0,0.0,0.0,19.2,7.5,1.38,30.0,0.11100000000000002,438.4523981952544,70.48563009352115,587.0439182749795,0.751662319674065,474.9925801160625,7.641583341717855,817.5007755310404,67.63219869866045,3.7456312475447398,18,31,146.51107445357354,0.775,-0.1781480759382248,-0.03567666932940483,0.004815968684852123,0.28925102949142456,0.2118031084537506,-0.06275853514671326,0.20612309873104095,-0.11461903154850006,-0.22532889246940613,-0.06398181617259979,0.082065150141716,0.05212364345788956,-0.17094039916992188,0.14735427498817444,0.1699899435043335,-0.22095514833927155
Gaya,Bihar,2008,HSP70_Sensitive,Heat_Shock,0.7468540779172577,3176.1006695066476,0,No Payout,0.38,6.6,8.0,0.0,0.0,19.2,7.5,1.38,30.0,0.11100000000000002,438.4523981952544,70.48563009352115,587.0439182749795,0.751662319674065,474.9925801160625,7.641583341717855,817.5007755310404,67.63219869866045,3.7456312475447398,18,31,146.51107445357354,0.775,-0.20718370378017426,0.01853133924305439,0.09380441159009933,0.3055195212364197,0.16862349212169647,-0.09158311039209366,0.08950691670179367,-0.2243649810552597,-0.151502788066864,-0.10456757992506027,0.05769587308168411,-0.04112328216433525,-0.08085259795188904,0.1446770280599594,0.12276722490787506,-0.17694050073623657
Gaya,Bihar,2009,ALMT1_Tolerant,Aluminium_Toxicity,6.501943354469642,2991.9378126569713,0,No Payout,0.88,6.6,8.0,0.0,0.0,19.2,7.5,1.38,30.0,0.11100000000000002,425.07849883262514,1.895174680925988,565.6172997049871,96.64206488640345,480.3974406311229,27.686146801035804,818.6273663126104,0.0,2.3712126039179644,20,12,126.22338636836524,0.3,-0.4537000060081482,-0.571183443069458,0.2712506353855133,0.5567675828933716,-0.11112017929553986,-0.12277822941541672,0.14524847269058228,0.11068610101938248,-0.07873772084712982,0.1910332292318344,0.48777616024017334,0.18675024807453156,0.05086051672697067,-0.2221333533525467,0.16239656507968903,0.13685879111289978
Gaya,Bihar,2009,ALMT1_Sensitive,Aluminium_Toxicity,1.4923594162433187,3152.244498680214,0,No Payout,0.32,6.6,8.0,0.0,0.0,19.2,7.5,1.38,30.0,0.11100000000000002,425.07849883262514,1.895174680925988,565.6172997049871,96.64206488640345,480.3974406311229,27.686146801035804,818.6273663126104,0.0,2.3712126039179644,20,12,126.22338636836524,0.3,-0.4094317853450775,-0.5999096632003784,0.296453058719635,0.5143894553184509,-0.11339632421731949,-0.11340825259685516,0.11905470490455627,0.011642052792012691,-0.14638188481330872,0.19061347842216492,0.42442217469215393,0.17834866046905518,0.07455034554004669,-0.14225496351718903,0.08594279736280441,0.12387453019618988
Gaya,Bihar,2009,HSP70_Thermotolerant,Heat_Shock,7.696734798872644,2953.7044864360755,0,No Payout,0.85,6.6,8.0,0.0,0.0,19.2,7.5,1.38,30.0,0.11100000000000002,425.07849883262514,1.895174680925988,565.6172997049871,96.64206488640345,480.3974406311229,27.686146801035804,818.6273663126104,0.0,2.3712126039179644,20,12,126.22338636836524,0.3,-0.1781480759382248,-0.03567666932940483,0.004815968684852123,0.28925102949142456,0.2118031084537506,-0.06275853514671326,0.20612309873104095,-0.11461903154850006,-0.22532889246940613,-0.06398181617259979,0.082065150141716,0.05212364345788956,-0.17094039916992188,0.14735427498817444,0.1699899435043335,-0.22095514833927155
Gaya,Bihar,2009,HSP70_Sensitive,Heat_Shock,0.0,3200.0,0,No Payout,0.38,6.6,8.0,0.0,0.0,19.2,7.5,1.38,30.0,0.11100000000000002,425.07849883262514,1.895174680925988,565.6172997049871,96.64206488640345,480.3974406311229,27.686146801035804,818.6273663126104,0.0,2.3712126039179644,20,12,126.22338636836524,0.3,-0.20718370378017426,0.01853133924305439,0.09380441159009933,0.3055195212364197,0.16862349212169647,-0.09158311039209366,0.08950691670179367,-0.2243649810552597,-0.151502788066864,-0.10456757992506027,0.05769587308168411,-0.04112328216433525,-0.08085259795188904,0.1446770280599594,0.12276722490787506,-0.17694050073623657
Gaya,Bihar,2010,ALMT1_Tolerant,Aluminium_Toxicity,11.959926806162539,2817.2823422027986,0,No Payout,0.88,6.6,8.0,0.0,0.0,19.2,7.5,1.38,30.0,0.11100000000000002,433.7172824538868,84.19768565097331,576.903504562985,80.0097284994782,498.52560627246186,46.9815358929267,891.5515618954928,27.434206105538166,26.52266898721049,31,13,238.6231561489164,0.325,-0.4537000060081482,-0.571183443069458,0.2712506353855133,0.5567675828933716,-0.11112017929553986,-0.12277822941541672,0.14524847269058228,0.11068610101938248,-0.07873772084712982,0.1910332292318344,0.48777616024017334,0.18675024807453156,0.05086051672697067,-0.2221333533525467,0.16239656507968903,0.13685879111289978
Gaya,Bihar,2010,ALMT1_Sensitive,Aluminium_Toxicity,15.213267447607132,2713.1754416765716,1,Partial Claim (50%),0.32,6.6,8.0,0.0,0.0,19.2,7.5,1.38,30.0,0.11100000000000002,433.7172824538868,84.19768565097331,576.903504562985,80.0097284994782,498.52560627246186,46.9815358929267,891.5515618954928,27.434206105538166,26.52266898721049,31,13,238.6231561489164,0.325,-0.4094317853450775,-0.5999096632003784,0.296453058719635,0.5143894553184509,-0.11339632421731949,-0.11340825259685516,0.11905470490455627,0.011642052792012691,-0.14638188481330872,0.19061347842216492,0.42442217469215393,0.17834866046905518,0.07455034554004669,-0.14225496351718903,0.08594279736280441,0.12387453019618988
Gaya,Bihar,2010,HSP70_Thermotolerant,Heat_Shock,4.118890942696518,3068.1954898337112,0,No Payout,0.85,6.6,8.0,0.0,0.0,19.2,7.5,1.38,30.0,0.11100000000000002,433.7172824538868,84.19768565097331,576.903504562985,80.0097284994782,498.52560627246186,46.9815358929267,891.5515618954928,27.434206105538166,26.52266898721049,31,13,238.6231561489164,0.325,-0.1781480759382248,-0.03567666932940483,0.004815968684852123,0.28925102949142456,0.2118031084537506,-0.06275853514671326,0.20612309873104095,-0.11461903154850006,-0.22532889246940613,-0.06398181617259979,0.082065150141716,0.05212364345788956,-0.17094039916992188,0.14735427498817444,0.1699899435043335,-0.22095514833927155
Gaya,Bihar,2010,HSP70_Sensitive,Heat_Shock,11.35673838740734,2836.5843716029653,0,No Payout,0.38,6.6,8.0,0.0,0.0,19.2,7.5,1.38,30.0,0.11100000000000002,433.7172824538868,84.19768565097331,576.903504562985,80.0097284994782,498.52560627246186,46.9815358929267,891.5515618954928,27.434206105538166,26.52266898721049,31,13,238.6231561489164,0.325,-0.20718370378017426,0.01853133924305439,0.09380441159009933,0.3055195212364197,0.16862349212169647,-0.09158311039209366,0.08950691670179367,-0.2243649810552597,-0.151502788066864,-0.10456757992506027,0.05769587308168411,-0.04112328216433525,-0.08085259795188904,0.1446770280599594,0.12276722490787506,-0.17694050073623657
Gaya,Bihar,2011,ALMT1_Tolerant,Aluminium_Toxicity,7.993977447724757,2944.1927216728077,0,No Payout,0.88,6.6,8.0,0.0,0.0,19.2,7.5,1.38,30.0,0.11100000000000002,427.1146436902554,41.29263198312802,572.0711350833503,38.52563078440379,488.8041715828679,0.0,819.3234162854651,45.21572112602475,5.6441215554808615,18,41,125.03398389355657,1.025,-0.4537000060081482,-0.571183443069458,0.2712506353855133,0.5567675828933716,-0.11112017929553986,-0.12277822941541672,0.14524847269058228,0.11068610101938248,-0.07873772084712982,0.1910332292318344,0.48777616024017334,0.18675024807453156,0.05086051672697067,-0.2221333533525467,0.16239656507968903,0.13685879111289978
Gaya,Bihar,2011,ALMT1_Sensitive,Aluminium_Toxicity,5.558921864834542,3022.1145003252946,0,No Payout,0.32,6.6,8.0,0.0,0.0,19.2,7.5,1.38,30.0,0.11100000000000002,427.1146436902554,41.29263198312802,572.0711350833503,38.52563078440379,488.8041715828679,0.0,819.3234162854651,45.21572112602475,5.6441215554808615,18,41,125.03398389355657,1.025,-0.4094317853450775,-0.5999096632003784,0.296453058719635,0.5143894553184509,-0.11339632421731949,-0.11340825259685516,0.11905470490455627,0.011642052792012691,-0.14638188481330872,0.19061347842216492,0.42442217469215393,0.17834866046905518,0.07455034554004669,-0.14225496351718903,0.08594279736280441,0.12387453019618988
Gaya,Bihar,2011,HSP70_Thermotolerant,Heat_Shock,9.606166740803808,2892.602664294278,0,No Payout,0.85,6.6,8.0,0.0,0.0,19.2,7.5,1.38,30.0,0.11100000000000002,427.1146436902554,41.29263198312802,572.0711350833503,38.52563078440379,488.8041715828679,0.0,819.3234162854651,45.21572112602475,5.6441215554808615,18,41,125.03398389355657,1.025,-0.1781480759382248,-0.03567666932940483,0.004815968684852123,0.28925102949142456,0.2118031084537506,-0.06275853514671326,0.20612309873104095,-0.11461903154850006,-0.22532889246940613,-0.06398181617259979,0.082065150141716,0.05212364345788956,-0.17094039916992188,0.14735427498817444,0.1699899435043335,-0.22095514833927155
Gaya,Bihar,2011,HSP70_Sensitive,Heat_Shock,2.134604167021141,3131.6926666553236,0,No Payout,0.38,6.6,8.0,0.0,0.0,19.2,7.5,1.38,30.0,0.11100000000000002,427.1146436902554,41.29263198312802,572.0711350833503,38.52563078440379,488.8041715828679,0.0,819.3234162854651,45.21572112602475,5.6441215554808615,18,41,125.03398389355657,1.025,-0.20718370378017426,0.01853133924305439,0.09380441159009933,0.3055195212364197,0.16862349212169647,-0.09158311039209366,0.08950691670179367,-0.2243649810552597,-0.151502788066864,-0.10456757992506027,0.05769587308168411,-0.04112328216433525,-0.08085259795188904,0.1446770280599594,0.12276722490787506,-0.17694050073623657
Gaya,Bihar,2012,ALMT1_Tolerant,Aluminium_Toxicity,6.7042402647206405,2985.4643115289396,0,No Payout,0.88,6.6,8.0,0.0,0.0,19.2,7.5,1.38,30.0,0.11100000000000002,424.3566795375402,3.994680982221384,573.4822445516453,17.936270535240837,467.4464085211017,22.80242620357062,824.9771902388918,24.82471132806007,4.289852508733841,18,13,69.5580890490929,0.325,-0.4537000060081482,-0.571183443069458,0.2712506353855133,0.5567675828933716,-0.11112017929553986,-0.12277822941541672,0.14524847269058228,0.11068610101938248,-0.07873772084712982,0.1910332292318344,0.48777616024017334,0.18675024807453156,0.05086051672697067,-0.2221333533525467,0.16239656507968903,0.13685879111289978
Gaya,Bihar,2012,ALMT1_Sensitive,Aluminium_Toxicity,7.358064796570138,2964.5419265097553,0,No Payout,0.32,6.6,8.0,0.0,0.0,19.2,7.5,1.38,30.0,0.11100000000000002,424.3566795375402,3.994680982221384,573.4822445516453,17.936270535240837,467.4464085211017,22.80242620357062,824.9771902388918,24.82471132806007,4.289852508733841,18,13,69.5580890490929,0.325,-0.4094317853450775,-0.5999096632003784,0.296453058719635,0.5143894553184509,-0.11339632421731949,-0.11340825259685516,0.11905470490455627,0.011642052792012691,-0.14638188481330872,0.19061347842216492,0.42442217469215393,0.17834866046905518,0.07455034554004669,-0.14225496351718903,0.08594279736280441,0.12387453019618988
Gaya,Bihar,2012,HSP70_Thermotolerant,Heat_Shock,6.21256313053147,3001.197979822993,0,No Payout,0.85,6.6,8.0,0.0,0.0,19.2,7.5,1.38,30.0,0.11100000000000002,424.3566795375402,3.994680982221384,573.4822445516453,17.936270535240837,467.4464085211017,22.80242620357062,824.9771902388918,24.82471132806007,4.289852508733841,18,13,69.5580890490929,0.325,-0.1781480759382248,-0.03567666932940483,0.004815968684852123,0.28925102949142456,0.2118031084537506,-0.06275853514671326,0.20612309873104095,-0.11461903154850006,-0.22532889246940613,-0.06398181617259979,0.082065150141716,0.05212364345788956,-0.17094039916992188,0.14735427498817444,0.1699899435043335,-0.22095514833927155
Gaya,Bihar,2012,HSP70_Sensitive,Heat_Shock,3.8220945011082965,3077.6929759645345,0,No Payout,0.38,6.6,8.0,0.0,0.0,19.2,7.5,1.38,30.0,0.11100000000000002,424.3566795375402,3.994680982221384,573.4822445516453,17.936270535240837,467.4464085211017,22.80242620357062,824.9771902388918,24.82471132806007,4.289852508733841,18,13,69.5580890490929,0.325,-0.20718370378017426,0.01853133924305439,0.09380441159009933,0.3055195212364197,0.16862349212169647,-0.09158311039209366,0.08950691670179367,-0.2243649810552597,-0.151502788066864,-0.10456757992506027,0.05769587308168411,-0.04112328216433525,-0.08085259795188904,0.1446770280599594,0.12276722490787506,-0.17694050073623657
Gaya,Bihar,2013,ALMT1_Tolerant,Aluminium_Toxicity,8.072044323037977,2941.694581662785,0,No Payout,0.88,6.6,8.0,0.0,0.0,19.2,7.5,1.38,30.0,0.11100000000000002,436.1575509300593,34.27352689723,580.9519583306678,14.877914513959166,485.10501683074483,34.29114224381854,826.9124486476669,3.468039925509344,0.3248842095029545,19,20,86.91062358051704,0.5,-0.4537000060081482,-0.571183443069458,0.2712506353855133,0.5567675828933716,-0.11112017929553986,-0.12277822941541672,0.14524847269058228,0.11068610101938248,-0.07873772084712982,0.1910332292318344,0.48777616024017334,0.18675024807453156,0.05086051672697067,-0.2221333533525467,0.16239656507968903,0.13685879111289978
Gaya,Bihar,2013,ALMT1_Sensitive,Aluminium_Toxicity,2.178670307631101,3130.2825501558045,0,No Payout,0.32,6.6,8.0,0.0,0.0,19.2,7.5,1.38,30.0,0.11100000000000002,436.1575509300593,34.27352689723,580.9519583306678,14.877914513959166,485.10501683074483,34.29114224381854,826.9124486476669,3.468039925509344,0.3248842095029545,19,20,86.91062358051704,0.5,-0.4094317853450775,-0.5999096632003784,0.296453058719635,0.5143894553184509,-0.11339632421731949,-0.11340825259685516,0.11905470490455627,0.011642052792012691,-0.14638188481330872,0.19061347842216492,0.42442217469215393,0.17834866046905518,0.07455034554004669,-0.14225496351718903,0.08594279736280441,0.12387453019618988
Gaya,Bihar,2013,HSP70_Thermotolerant,Heat_Shock,5.501791558795575,3023.9426701185416,0,No Payout,0.85,6.6,8.0,0.0,0.0,19.2,7.5,1.38,30.0,0.11100000000000002,436.1575509300593,34.27352689723,580.9519583306678,14.877914513959166,485.10501683074483,34.29114224381854,826.9124486476669,3.468039925509344,0.3248842095029545,19,20,86.91062358051704,0.5,-0.1781480759382248,-0.03567666932940483,0.004815968684852123,0.28925102949142456,0.2118031084537506,-0.06275853514671326,0.20612309873104095,-0.11461903154850006,-0.22532889246940613,-0.06398181617259979,0.082065150141716,0.05212364345788956,-0.17094039916992188,0.14735427498817444,0.1699899435043335,-0.22095514833927155
Gaya,Bihar,2013,HSP70_Sensitive,Heat_Shock,7.918069743293758,2946.6217682146,0,No Payout,0.38,6.6,8.0,0.0,0.0,19.2,7.5,1.38,30.0,0.11100000000000002,436.1575509300593,34.27352689723,580.9519583306678,14.877914513959166,485.10501683074483,34.29114224381854,826.9124486476669,3.468039925509344,0.3248842095029545,19,20,86.91062358051704,0.5,-0.20718370378017426,0.01853133924305439,0.09380441159009933,0.3055195212364197,0.16862349212169647,-0.09158311039209366,0.08950691670179367,-0.2243649810552597,-0.151502788066864,-0.10456757992506027,0.05769587308168411,-0.04112328216433525,-0.08085259795188904,0.1446770280599594,0.12276722490787506,-0.17694050073623657
Gaya,Bihar,2014,ALMT1_Tolerant,Aluminium_Toxicity,9.022599112840934,2911.27682838909,0,No Payout,0.88,6.6,8.0,0.0,0.0,19.2,7.5,1.38,30.0,0.11100000000000002,431.21977061498416,4.3268330288589585,580.646967740627,47.772861260386364,484.83344955218683,2.757354310456704,825.4079275667657,60.665190544476715,5.723834644560959,21,31,115.52223914417874,0.775,-0.4537000060081482,-0.571183443069458,0.2712506353855133,0.5567675828933716,-0.11112017929553986,-0.12277822941541672,0.14524847269058228,0.11068610101938248,-0.07873772084712982,0.1910332292318344,0.48777616024017334,0.18675024807453156,0.05086051672697067,-0.2221333533525467,0.16239656507968903,0.13685879111289978
Gaya,Bihar,2014,ALMT1_Sensitive,Aluminium_Toxicity,1.5730059581401536,3149.6638093395154,0,No Payout,0.32,6.6,8.0,0.0,0.0,19.2,7.5,1.38,30.0,0.11100000000000002,431.21977061498416,4.3268330288589585,580.646967740627,47.772861260386364,484.83344955218683,2.757354310456704,825.4079275667657,60.665190544476715,5.723834644560959,21,31,115.52223914417874,0.775,-0.4094317853450775,-0.5999096632003784,0.296453058719635,0.5143894553184509,-0.11339632421731949,-0.11340825259685516,0.11905470490455627,0.011642052792012691,-0.14638188481330872,0.19061347842216492,0.42442217469215393,0.17834866046905518,0.07455034554004669,-0.14225496351718903,0.08594279736280441,0.12387453019618988
Gaya,Bihar,2014,HSP70_Thermotolerant,Heat_Shock,0.9465384782202262,3169.7107686969525,0,No Payout,0.85,6.6,8.0,0.0,0.0,19.2,7.5,1.38,30.0,0.11100000000000002,431.21977061498416,4.3268330288589585,580.646967740627,47.772861260386364,484.83344955218683,2.757354310456704,825.4079275667657,60.665190544476715,5.723834644560959,21,31,115.52223914417874,0.775,-0.1781480759382248,-0.03567666932940483,0.004815968684852123,0.28925102949142456,0.2118031084537506,-0.06275853514671326,0.20612309873104095,-0.11461903154850006,-0.22532889246940613,-0.06398181617259979,0.082065150141716,0.05212364345788956,-0.17094039916992188,0.14735427498817444,0.1699899435043335,-0.22095514833927155
Gaya,Bihar,2014,HSP70_Sensitive,Heat_Shock,4.807295008829022,3046.166559717471,0,No Payout,0.38,6.6,8.0,0.0,0.0,19.2,7.5,1.38,30.0,0.11100000000000002,431.21977061498416,4.3268330288589585,580.646967740627,47.772861260386364,484.83344955218683,2.757354310456704,825.4079275667657,60.665190544476715,5.723834644560959,21,31,115.52223914417874,0.775,-0.20718370378017426,0.01853133924305439,0.09380441159009933,0.3055195212364197,0.16862349212169647,-0.09158311039209366,0.08950691670179367,-0.2243649810552597,-0.151502788066864,-0.10456757992506027,0.05769587308168411,-0.04112328216433525,-0.08085259795188904,0.1446770280599594,0.12276722490787506,-0.17694050073623657
Gaya,Bihar,2015,ALMT1_Tolerant,Aluminium_Toxicity,6.844343333012418,2980.9810133436026,0,No Payout,0.88,6.6,8.0,0.0,0.0,19.2,7.5,1.38,30.0,0.11100000000000002,431.42968218870766,24.458020433388715,579.9521692488624,9.714256451984273,488.0362713087828,13.239189212039207,807.2110149648288,25.62931969363158,6.77666843283075,19,15,73.04078579104377,0.375,-0.4537000060081482,-0.571183443069458,0.2712506353855133,0.5567675828933716,-0.11112017929553986,-0.12277822941541672,0.14524847269058228,0.11068610101938248,-0.07873772084712982,0.1910332292318344,0.48777616024017334,0.18675024807453156,0.05086051672697067,-0.2221333533525467,0.16239656507968903,0.13685879111289978
Gaya,Bihar,2015,ALMT1_Sensitive,Aluminium_Toxicity,7.677010696915504,2954.3356576987035,0,No Payout,0.32,6.6,8.0,0.0,0.0,19.2,7.5,1.38,30.0,0.11100000000000002,431.42968218870766,24.458020433388715,579.9521692488624,9.714256451984273,488.0362713087828,13.239189212039207,807.2110149648288,25.62931969363158,6.77666843283075,19,15,73.04078579104377,0.375,-0.4094317853450775,-0.5999096632003784,0.296453058719635,0.5143894553184509,-0.11339632421731949,-0.11340825259685516,0.11905470490455627,0.011642052792012691,-0.14638188481330872,0.19061347842216492,0.42442217469215393,0.17834866046905518,0.07455034554004669,-0.14225496351718903,0.08594279736280441,0.12387453019618988
Gaya,Bihar,2015,HSP70_Thermotolerant,Heat_Shock,8.910520036123108,2914.8633588440607,0,No Payout,0.85,6.6,8.0,0.0,0.0,19.2,7.5,1.38,30.0,0.11100000000000002,431.42968218870766,24.458020433388715,579.9521692488624,9.714256451984273,488.0362713087828,13.239189212039207,807.2110149648288,25.62931969363158,6.77666843283075,19,15,73.04078579104377,0.375,-0.1781480759382248,-0.03567666932940483,0.004815968684852123,0.28925102949142456,0.2118031084537506,-0.06275853514671326,0.20612309873104095,-0.11461903154850006,-0.22532889246940613,-0.06398181617259979,0.082065150141716,0.05212364345788956,-0.17094039916992188,0.14735427498817444,0.1699899435043335,-0.22095514833927155
Gaya,Bihar,2015,HSP70_Sensitive,Heat_Shock,4.243274822052813,3064.21520569431,0,No Payout,0.38,6.6,8.0,0.0,0.0,19.2,7.5,1.38,30.0,0.11100000000000002,431.42968218870766,24.458020433388715,579.9521692488624,9.714256451984273,488.0362713087828,13.239189212039207,807.2110149648288,25.62931969363158,6.77666843283075,19,15,73.04078579104377,0.375,-0.20718370378017426,0.01853133924305439,0.09380441159009933,0.3055195212364197,0.16862349212169647,-0.09158311039209366,0.08950691670179367,-0.2243649810552597,-0.151502788066864,-0.10456757992506027,0.05769587308168411,-0.04112328216433525,-0.08085259795188904,0.1446770280599594,0.12276722490787506,-0.17694050073623657
Gaya,Bihar,2016,ALMT1_Tolerant,Aluminium_Toxicity,8.233441340660118,2936.529877098876,0,No Payout,0.88,6.6,8.0,0.0,0.0,19.2,7.5,1.38,30.0,0.11100000000000002,418.04349656739595,80.44308369992473,590.0608015863788,13.690397096610441,500.4669604909526,85.05317765517874,887.3911565962526,41.88298021834095,28.371939222475106,31,13,221.06963867005487,0.325,-0.4537000060081482,-0.571183443069458,0.2712506353855133,0.5567675828933716,-0.11112017929553986,-0.12277822941541672,0.14524847269058228,0.11068610101938248,-0.07873772084712982,0.1910332292318344,0.48777616024017334,0.18675024807453156,0.05086051672697067,-0.2221333533525467,0.16239656507968903,0.13685879111289978
Gaya,Bihar,2016,ALMT1_Sensitive,Aluminium_Toxicity,10.858230936242546,2852.536610040239,0,No Payout,0.32,6.6,8.0,0.0,0.0,19.2,7.5,1.38,30.0,0.11100000000000002,418.04349656739595,80.44308369992473,590.0608015863788,13.690397096610441,500.4669604909526,85.05317765517874,887.3911565962526,41.88298021834095,28.371939222475106,31,13,221.06963867005487,0.325,-0.4094317853450775,-0.5999096632003784,0.296453058719635,0.5143894553184509,-0.11339632421731949,-0.11340825259685516,0.11905470490455627,0.011642052792012691,-0.14638188481330872,0.19061347842216492,0.42442217469215393,0.17834866046905518,0.07455034554004669,-0.14225496351718903,0.08594279736280441,0.12387453019618988
Gaya,Bihar,2016,HSP70_Thermotolerant,Heat_Shock,19.0150051793055,2591.519834262224,1,Partial Claim (50%),0.85,6.6,8.0,0.0,0.0,19.2,7.5,1.38,30.0,0.11100000000000002,418.04349656739595,80.44308369992473,590.0608015863788,13.690397096610441,500.4669604909526,85.05317765517874,887.3911565962526,41.88298021834095,28.371939222475106,31,13,221.06963867005487,0.325,-0.1781480759382248,-0.03567666932940483,0.004815968684852123,0.28925102949142456,0.2118031084537506,-0.06275853514671326,0.20612309873104095,-0.11461903154850006,-0.22532889246940613,-0.06398181617259979,0.082065150141716,0.05212364345788956,-0.17094039916992188,0.14735427498817444,0.1699899435043335,-0.22095514833927155
Gaya,Bihar,2016,HSP70_Sensitive,Heat_Shock,9.580161625097757,2893.4348279968717,0,No Payout,0.38,6.6,8.0,0.0,0.0,19.2,7.5,1.38,30.0,0.11100000000000002,418.04349656739595,80.44308369992473,590.0608015863788,13.690397096610441,500.4669604909526,85.05317765517874,887.3911565962526,41.88298021834095,28.371939222475106,31,13,221.06963867005487,0.325,-0.20718370378017426,0.01853133924305439,0.09380441159009933,0.3055195212364197,0.16862349212169647,-0.09158311039209366,0.08950691670179367,-0.2243649810552597,-0.151502788066864,-0.10456757992506027,0.05769587308168411,-0.04112328216433525,-0.08085259795188904,0.1446770280599594,0.12276722490787506,-0.17694050073623657
Gaya,Bihar,2017,ALMT1_Tolerant,Aluminium_Toxicity,0.5563096502326469,3182.1980911925552,0,No Payout,0.88,6.6,8.0,0.0,0.0,19.2,7.5,1.38,30.0,0.11100000000000002,424.49897541495375,62.50811173490487,561.7853339336274,17.598141820001615,491.17484790992967,0.0,811.277884709477,59.647450437856925,0.7940540314577902,15,38,139.7537039927634,0.95,-0.4537000060081482,-0.571183443069458,0.2712506353855133,0.5567675828933716,-0.11112017929553986,-0.12277822941541672,0.14524847269058228,0.11068610101938248,-0.07873772084712982,0.1910332292318344,0.48777616024017334,0.18675024807453156,0.05086051672697067,-0.2221333533525467,0.16239656507968903,0.13685879111289978
Gaya,Bihar,2017,ALMT1_Sensitive,Aluminium_Toxicity,4.086722726545555,3069.224872750542,0,No Payout,0.32,6.6,8.0,0.0,0.0,19.2,7.5,1.38,30.0,0.11100000000000002,424.49897541495375,62.50811173490487,561.7853339336274,17.598141820001615,491.17484790992967,0.0,811.277884709477,59.647450437856925,0.7940540314577902,15,38,139.7537039927634,0.95,-0.4094317853450775,-0.5999096632003784,0.296453058719635,0.5143894553184509,-0.11339632421731949,-0.11340825259685516,0.11905470490455627,0.011642052792012691,-0.14638188481330872,0.19061347842216492,0.42442217469215393,0.17834866046905518,0.07455034554004669,-0.14225496351718903,0.08594279736280441,0.12387453019618988
Gaya,Bihar,2017,HSP70_Thermotolerant,Heat_Shock,2.9140519953447885,3106.7503361489667,0,No Payout,0.85,6.6,8.0,0.0,0.0,19.2,7.5,1.38,30.0,0.11100000000000002,424.49897541495375,62.50811173490487,561.7853339336274,17.598141820001615,491.17484790992967,0.0,811.277884709477,59.647450437856925,0.7940540314577902,15,38,139.7537039927634,0.95,-0.1781480759382248,-0.03567666932940483,0.004815968684852123,0.28925102949142456,0.2118031084537506,-0.06275853514671326,0.20612309873104095,-0.11461903154850006,-0.22532889246940613,-0.06398181617259979,0.082065150141716,0.05212364345788956,-0.17094039916992188,0.14735427498817444,0.1699899435043335,-0.22095514833927155
Gaya,Bihar,2017,HSP70_Sensitive,Heat_Shock,1.9574584064455405,3137.3613309937427,0,No Payout,0.38,6.6,8.0,0.0,0.0,19.2,7.5,1.38,30.0,0.11100000000000002,424.49897541495375,62.50811173490487,561.7853339336274,17.598141820001615,491.17484790992967,0.0,811.277884709477,59.647450437856925,0.7940540314577902,15,38,139.7537039927634,0.95,-0.20718370378017426,0.01853133924305439,0.09380441159009933,0.3055195212364197,0.16862349212169647,-0.09158311039209366,0.08950691670179367,-0.2243649810552597,-0.151502788066864,-0.10456757992506027,0.05769587308168411,-0.04112328216433525,-0.08085259795188904,0.1446770280599594,0.12276722490787506,-0.17694050073623657
Gaya,Bihar,2018,ALMT1_Tolerant,Aluminium_Toxicity,6.082511707737358,3005.3596253524047,0,No Payout,0.88,6.6,8.0,0.0,0.0,19.2,7.5,1.38,30.0,0.11100000000000002,425.7903979506616,31.17389627966473,583.0908194621157,67.81538751032134,491.037322752836,35.5159467180234,813.586048202913,14.63208331893796,6.077184062597542,21,17,149.13731382694743,0.425,-0.4537000060081482,-0.571183443069458,0.2712506353855133,0.5567675828933716,-0.11112017929553986,-0.12277822941541672,0.14524847269058228,0.11068610101938248,-0.07873772084712982,0.1910332292318344,0.48777616024017334,0.18675024807453156,0.05086051672697067,-0.2221333533525467,0.16239656507968903,0.13685879111289978
Gaya,Bihar,2018,ALMT1_Sensitive,Aluminium_Toxicity,7.233904191294985,2968.5150658785606,0,No Payout,0.32,6.6,8.0,0.0,0.0,19.2,7.5,1.38,30.0,0.11100000000000002,425.7903979506616,31.17389627966473,583.0908194621157,67.81538751032134,491.037322752836,35.5159467180234,813.586048202913,14.63208331893796,6.077184062597542,21,17,149.13731382694743,0.425,-0.4094317853450775,-0.5999096632003784,0.296453058719635,0.5143894553184509,-0.11339632421731949,-0.11340825259685516,0.11905470490455627,0.011642052792012691,-0.14638188481330872,0.19061347842216492,0.42442217469215393,0.17834866046905518,0.07455034554004669,-0.14225496351718903,0.08594279736280441,0.12387453019618988
Gaya,Bihar,2018,HSP70_Thermotolerant,Heat_Shock,4.142239909572605,3067.4483228936765,0,No Payout,0.85,6.6,8.0,0.0,0.0,19.2,7.5,1.38,30.0,0.11100000000000002,425.7903979506616,31.17389627966473,583.0908194621157,67.81538751032134,491.037322752836,35.5159467180234,813.586048202913,14.63208331893796,6.077184062597542,21,17,149.13731382694743,0.425,-0.1781480759382248,-0.03567666932940483,0.004815968684852123,0.28925102949142456,0.2118031084537506,-0.06275853514671326,0.20612309873104095,-0.11461903154850006,-0.22532889246940613,-0.06398181617259979,0.082065150141716,0.05212364345788956,-0.17094039916992188,0.14735427498817444,0.1699899435043335,-0.22095514833927155
Gaya,Bihar,2018,HSP70_Sensitive,Heat_Shock,4.040539389448463,3070.7027395376494,0,No Payout,0.38,6.6,8.0,0.0,0.0,19.2,7.5,1.38,30.0,0.11100000000000002,425.7903979506616,31.17389627966473,583.0908194621157,67.81538751032134,491.037322752836,35.5159467180234,813.586048202913,14.63208331893796,6.077184062597542,21,17,149.13731382694743,0.425,-0.20718370378017426,0.01853133924305439,0.09380441159009933,0.3055195212364197,0.16862349212169647,-0.09158311039209366,0.08950691670179367,-0.2243649810552597,-0.151502788066864,-0.10456757992506027,0.05769587308168411,-0.04112328216433525,-0.08085259795188904,0.1446770280599594,0.12276722490787506,-0.17694050073623657
Gaya,Bihar,2019,ALMT1_Tolerant,Aluminium_Toxicity,1.8393648171541166,3141.140325851068,0,No Payout,0.88,6.6,8.0,0.0,0.0,19.2,7.5,1.38,30.0,0.11100000000000002,432.8513022305813,54.2048281164114,579.8419485060932,65.72227467056062,481.6044264121704,36.586520459247915,815.1382377012228,1.9145014770042037,4.046622487410335,20,10,158.42812472322413,0.25,-0.4537000060081482,-0.571183443069458,0.2712506353855133,0.5567675828933716,-0.11112017929553986,-0.12277822941541672,0.14524847269058228,0.11068610101938248,-0.07873772084712982,0.1910332292318344,0.48777616024017334,0.18675024807453156,0.05086051672697067,-0.2221333533525467,0.16239656507968903,0.13685879111289978
Gaya,Bihar,2019,ALMT1_Sensitive,Aluminium_Toxicity,4.716186749183483,3049.0820240261287,0,No Payout,0.32,6.6,8.0,0.0,0.0,19.2,7.5,1.38,30.0,0.11100000000000002,432.8513022305813,54.2048281164114,579.8419485060932,65.72227467056062,481.6044264121704,36.586520459247915,815.1382377012228,1.9145014770042037,4.046622487410335,20,10,158.42812472322413,0.25,-0.4094317853450775,-0.5999096632003784,0.296453058719635,0.5143894553184509,-0.11339632421731949,-0.11340825259685516,0.11905470490455627,0.011642052792012691,-0.14638188481330872,0.19061347842216492,0.42442217469215393,0.17834866046905518,0.07455034554004669,-0.14225496351718903,0.08594279736280441,0.12387453019618988
Gaya,Bihar,2019,HSP70_Thermotolerant,Heat_Shock,5.886946810131819,3011.617702075782,0,No Payout,0.85,6.6,8.0,0.0,0.0,19.2,7.5,1.38,30.0,0.11100000000000002,432.8513022305813,54.2048281164114,579.8419485060932,65.72227467056062,481.6044264121704,36.586520459247915,815.1382377012228,1.9145014770042037,4.046622487410335,20,10,158.42812472322413,0.25,-0.1781480759382248,-0.03567666932940483,0.004815968684852123,0.28925102949142456,0.2118031084537506,-0.06275853514671326,0.20612309873104095,-0.11461903154850006,-0.22532889246940613,-0.06398181617259979,0.082065150141716,0.05212364345788956,-0.17094039916992188,0.14735427498817444,0.1699899435043335,-0.22095514833927155
Gaya,Bihar,2019,HSP70_Sensitive,Heat_Shock,1.4203724908995117,3154.5480802912157,0,No Payout,0.38,6.6,8.0,0.0,0.0,19.2,7.5,1.38,30.0,0.11100000000000002,432.8513022305813,54.2048281164114,579.8419485060932,65.72227467056062,481.6044264121704,36.586520459247915,815.1382377012228,1.9145014770042037,4.046622487410335,20,10,158.42812472322413,0.25,-0.20718370378017426,0.01853133924305439,0.09380441159009933,0.3055195212364197,0.16862349212169647,-0.09158311039209366,0.08950691670179367,-0.2243649810552597,-0.151502788066864,-0.10456757992506027,0.05769587308168411,-0.04112328216433525,-0.08085259795188904,0.1446770280599594,0.12276722490787506,-0.17694050073623657
Gaya,Bihar,2020,ALMT1_Tolerant,Aluminium_Toxicity,5.349304736010276,3028.8222484476714,0,No Payout,0.88,6.6,8.0,0.0,0.0,19.2,7.5,1.38,30.0,0.11100000000000002,423.11364744489975,5.327635599316514,574.4532615755592,31.007590717661163,491.0896985648892,5.486182070110901,812.8758845105791,84.34605063198764,4.60111537622506,17,23,126.1674590190762,0.575,-0.4537000060081482,-0.571183443069458,0.2712506353855133,0.5567675828933716,-0.11112017929553986,-0.12277822941541672,0.14524847269058228,0.11068610101938248,-0.07873772084712982,0.1910332292318344,0.48777616024017334,0.18675024807453156,0.05086051672697067,-0.2221333533525467,0.16239656507968903,0.13685879111289978
Gaya,Bihar,2020,ALMT1_Sensitive,Aluminium_Toxicity,8.901052033577905,2915.166334925507,0,No Payout,0.32,6.6,8.0,0.0,0.0,19.2,7.5,1.38,30.0,0.11100000000000002,423.11364744489975,5.327635599316514,574.4532615755592,31.007590717661163,491.0896985648892,5.486182070110901,812.8758845105791,84.34605063198764,4.60111537622506,17,23,126.1674590190762,0.575,-0.4094317853450775,-0.5999096632003784,0.296453058719635,0.5143894553184509,-0.11339632421731949,-0.11340825259685516,0.11905470490455627,0.011642052792012691,-0.14638188481330872,0.19061347842216492,0.42442217469215393,0.17834866046905518,0.07455034554004669,-0.14225496351718903,0.08594279736280441,0.12387453019618988
Gaya,Bihar,2020,HSP70_Thermotolerant,Heat_Shock,1.5936360823915572,3149.0036453634702,0,No Payout,0.85,6.6,8.0,0.0,0.0,19.2,7.5,1.38,30.0,0.11100000000000002,423.11364744489975,5.327635599316514,574.4532615755592,31.007590717661163,491.0896985648892,5.486182070110901,812.8758845105791,84.34605063198764,4.60111537622506,17,23,126.1674590190762,0.575,-0.1781480759382248,-0.03567666932940483,0.004815968684852123,0.28925102949142456,0.2118031084537506,-0.06275853514671326,0.20612309873104095,-0.11461903154850006,-0.22532889246940613,-0.06398181617259979,0.082065150141716,0.05212364345788956,-0.17094039916992188,0.14735427498817444,0.1699899435043335,-0.22095514833927155
Gaya,Bihar,2020,HSP70_Sensitive,Heat_Shock,6.958363457105034,2977.332369372639,0,No Payout,0.38,6.6,8.0,0.0,0.0,19.2,7.5,1.38,30.0,0.11100000000000002,423.11364744489975,5.327635599316514,574.4532615755592,31.007590717661163,491.0896985648892,5.486182070110901,812.8758845105791,84.34605063198764,4.60111537622506,17,23,126.1674590190762,0.575,-0.20718370378017426,0.01853133924305439,0.09380441159009933,0.3055195212364197,0.16862349212169647,-0.09158311039209366,0.08950691670179367,-0.2243649810552597,-0.151502788066864,-0.10456757992506027,0.05769587308168411,-0.04112328216433525,-0.08085259795188904,0.1446770280599594,0.12276722490787506,-0.17694050073623657
Gaya,Bihar,2021,ALMT1_Tolerant,Aluminium_Toxicity,9.13138705692554,2907.7956141783825,0,No Payout,0.88,6.6,8.0,0.0,0.0,19.2,7.5,1.38,30.0,0.11100000000000002,430.93285566946906,41.27509627156818,579.3112798998537,4.236230458466559,485.69335970798346,29.886912680230203,885.5180329808168,18.935687718796828,9.813654032055059,31,28,94.33392712906178,0.7,-0.4537000060081482,-0.571183443069458,0.2712506353855133,0.5567675828933716,-0.11112017929553986,-0.12277822941541672,0.14524847269058228,0.11068610101938248,-0.07873772084712982,0.1910332292318344,0.48777616024017334,0.18675024807453156,0.05086051672697067,-0.2221333533525467,0.16239656507968903,0.13685879111289978
Gaya,Bihar,2021,ALMT1_Sensitive,Aluminium_Toxicity,12.093737377561922,2813.0004039180185,0,No Payout,0.32,6.6,8.0,0.0,0.0,19.2,7.5,1.38,30.0,0.11100000000000002,430.93285566946906,41.27509627156818,579.3112798998537,4.236230458466559,485.69335970798346,29.886912680230203,885.5180329808168,18.935687718796828,9.813654032055059,31,28,94.33392712906178,0.7,-0.4094317853450775,-0.5999096632003784,0.296453058719635,0.5143894553184509,-0.11339632421731949,-0.11340825259685516,0.11905470490455627,0.011642052792012691,-0.14638188481330872,0.19061347842216492,0.42442217469215393,0.17834866046905518,0.07455034554004669,-0.14225496351718903,0.08594279736280441,0.12387453019618988
Gaya,Bihar,2021,HSP70_Thermotolerant,Heat_Shock,4.0961752460561085,3068.9223921262046,0,No Payout,0.85,6.6,8.0,0.0,0.0,19.2,7.5,1.38,30.0,0.11100000000000002,430.93285566946906,41.27509627156818,579.3112798998537,4.236230458466559,485.69335970798346,29.886912680230203,885.5180329808168,18.935687718796828,9.813654032055059,31,28,94.33392712906178,0.7,-0.1781480759382248,-0.03567666932940483,0.004815968684852123,0.28925102949142456,0.2118031084537506,-0.06275853514671326,0.20612309873104095,-0.11461903154850006,-0.22532889246940613,-0.06398181617259979,0.082065150141716,0.05212364345788956,-0.17094039916992188,0.14735427498817444,0.1699899435043335,-0.22095514833927155
Gaya,Bihar,2021,HSP70_Sensitive,Heat_Shock,9.012220310310617,2911.6089500700605,0,No Payout,0.38,6.6,8.0,0.0,0.0,19.2,7.5,1.38,30.0,0.11100000000000002,430.93285566946906,41.27509627156818,579.3112798998537,4.236230458466559,485.69335970798346,29.886912680230203,885.5180329808168,18.935687718796828,9.813654032055059,31,28,94.33392712906178,0.7,-0.20718370378017426,0.01853133924305439,0.09380441159009933,0.3055195212364197,0.16862349212169647,-0.09158311039209366,0.08950691670179367,-0.2243649810552597,-0.151502788066864,-0.10456757992506027,0.05769587308168411,-0.04112328216433525,-0.08085259795188904,0.1446770280599594,0.12276722490787506,-0.17694050073623657
Gaya,Bihar,2022,ALMT1_Tolerant,Aluminium_Toxicity,11.99831156790042,2816.0540298271867,0,No Payout,0.88,6.6,8.0,0.0,0.0,19.2,7.5,1.38,30.0,0.11100000000000002,434.1607358469415,43.79965070796535,575.52978210089,70.90427265308934,487.65875721425283,3.429981493957818,878.4139742451316,20.322041376774678,16.365690481493683,32,30,138.45594623178715,0.75,-0.4537000060081482,-0.571183443069458,0.2712506353855133,0.5567675828933716,-0.11112017929553986,-0.12277822941541672,0.14524847269058228,0.11068610101938248,-0.07873772084712982,0.1910332292318344,0.48777616024017334,0.18675024807453156,0.05086051672697067,-0.2221333533525467,0.16239656507968903,0.13685879111289978
Gaya,Bihar,2022,ALMT1_Sensitive,Aluminium_Toxicity,9.950025439740006,2881.59918592832,0,No Payout,0.32,6.6,8.0,0.0,0.0,19.2,7.5,1.38,30.0,0.11100000000000002,434.1607358469415,43.79965070796535,575.52978210089,70.90427265308934,487.65875721425283,3.429981493957818,878.4139742451316,20.322041376774678,16.365690481493683,32,30,138.45594623178715,0.75,-0.4094317853450775,-0.5999096632003784,0.296453058719635,0.5143894553184509,-0.11339632421731949,-0.11340825259685516,0.11905470490455627,0.011642052792012691,-0.14638188481330872,0.19061347842216492,0.42442217469215393,0.17834866046905518,0.07455034554004669,-0.14225496351718903,0.08594279736280441,0.12387453019618988
Gaya,Bihar,2022,HSP70_Thermotolerant,Heat_Shock,6.229960000216981,3000.6412799930567,0,No Payout,0.85,6.6,8.0,0.0,0.0,19.2,7.5,1.38,30.0,0.11100000000000002,434.1607358469415,43.79965070796535,575.52978210089,70.90427265308934,487.65875721425283,3.429981493957818,878.4139742451316,20.322041376774678,16.365690481493683,32,30,138.45594623178715,0.75,-0.1781480759382248,-0.03567666932940483,0.004815968684852123,0.28925102949142456,0.2118031084537506,-0.06275853514671326,0.20612309873104095,-0.11461903154850006,-0.22532889246940613,-0.06398181617259979,0.082065150141716,0.05212364345788956,-0.17094039916992188,0.14735427498817444,0.1699899435043335,-0.22095514833927155
Gaya,Bihar,2022,HSP70_Sensitive,Heat_Shock,7.635228735178595,2955.6726804742852,0,No Payout,0.38,6.6,8.0,0.0,0.0,19.2,7.5,1.38,30.0,0.11100000000000002,434.1607358469415,43.79965070796535,575.52978210089,70.90427265308934,487.65875721425283,3.429981493957818,878.4139742451316,20.322041376774678,16.365690481493683,32,30,138.45594623178715,0.75,-0.20718370378017426,0.01853133924305439,0.09380441159009933,0.3055195212364197,0.16862349212169647,-0.09158311039209366,0.08950691670179367,-0.2243649810552597,-0.151502788066864,-0.10456757992506027,0.05769587308168411,-0.04112328216433525,-0.08085259795188904,0.1446770280599594,0.12276722490787506,-0.17694050073623657
Gaya,Bihar,2023,ALMT1_Tolerant,Aluminium_Toxicity,1.2726447574597164,3159.275367761289,0,No Payout,0.88,6.6,8.0,0.0,0.0,19.2,7.5,1.38,30.0,0.11100000000000002,438.92651186202795,13.630557916399995,586.7134352608341,31.27558175353016,483.5727416642688,32.0284311046061,833.8863648264695,31.018754145968305,5.170630045542975,22,23,107.95332492050457,0.575,-0.4537000060081482,-0.571183443069458,0.2712506353855133,0.5567675828933716,-0.11112017929553986,-0.12277822941541672,0.14524847269058228,0.11068610101938248,-0.07873772084712982,0.1910332292318344,0.48777616024017334,0.18675024807453156,0.05086051672697067,-0.2221333533525467,0.16239656507968903,0.13685879111289978
Gaya,Bihar,2023,ALMT1_Sensitive,Aluminium_Toxicity,3.2875507213593917,3094.7983769164994,0,No Payout,0.32,6.6,8.0,0.0,0.0,19.2,7.5,1.38,30.0,0.11100000000000002,438.92651186202795,13.630557916399995,586.7134352608341,31.27558175353016,483.5727416642688,32.0284311046061,833.8863648264695,31.018754145968305,5.170630045542975,22,23,107.95332492050457,0.575,-0.4094317853450775,-0.5999096632003784,0.296453058719635,0.5143894553184509,-0.11339632421731949,-0.11340825259685516,0.11905470490455627,0.011642052792012691,-0.14638188481330872,0.19061347842216492,0.42442217469215393,0.17834866046905518,0.07455034554004669,-0.14225496351718903,0.08594279736280441,0.12387453019618988
Gaya,Bihar,2023,HSP70_Thermotolerant,Heat_Shock,9.16461833008191,2906.732213437379,0,No Payout,0.85,6.6,8.0,0.0,0.0,19.2,7.5,1.38,30.0,0.11100000000000002,438.92651186202795,13.630557916399995,586.7134352608341,31.27558175353016,483.5727416642688,32.0284311046061,833.8863648264695,31.018754145968305,5.170630045542975,22,23,107.95332492050457,0.575,-0.1781480759382248,-0.03567666932940483,0.004815968684852123,0.28925102949142456,0.2118031084537506,-0.06275853514671326,0.20612309873104095,-0.11461903154850006,-0.22532889246940613,-0.06398181617259979,0.082065150141716,0.05212364345788956,-0.17094039916992188,0.14735427498817444,0.1699899435043335,-0.22095514833927155
Gaya,Bihar,2023,HSP70_Sensitive,Heat_Shock,1.6444157792609173,3147.3786950636504,0,No Payout,0.38,6.6,8.0,0.0,0.0,19.2,7.5,1.38,30.0,0.11100000000000002,438.92651186202795,13.630557916399995,586.7134352608341,31.27558175353016,483.5727416642688,32.0284311046061,833.8863648264695,31.018754145968305,5.170630045542975,22,23,107.95332492050457,0.575,-0.20718370378017426,0.01853133924305439,0.09380441159009933,0.3055195212364197,0.16862349212169647,-0.09158311039209366,0.08950691670179367,-0.2243649810552597,-0.151502788066864,-0.10456757992506027,0.05769587308168411,-0.04112328216433525,-0.08085259795188904,0.1446770280599594,0.12276722490787506,-0.17694050073623657
Varanasi,Uttar Pradesh,2008,ALMT1_Tolerant,Aluminium_Toxicity,4.476726034344651,2292.5585751757285,0,No Payout,0.88,7.0,4.0,0.0,0.0,22.1,8.5,1.36,32.0,0.07424999999999998,438.4523981952544,70.48563009352115,587.0439182749795,0.751662319674065,474.9925801160625,7.641583341717855,817.5007755310404,67.63219869866045,3.7456312475447398,18,31,146.51107445357354,0.775,-0.4537000060081482,-0.571183443069458,0.2712506353855133,0.5567675828933716,-0.11112017929553986,-0.12277822941541672,0.14524847269058228,0.11068610101938248,-0.07873772084712982,0.1910332292318344,0.48777616024017334,0.18675024807453156,0.05086051672697067,-0.2221333533525467,0.16239656507968903,0.13685879111289978
Varanasi,Uttar Pradesh,2008,ALMT1_Sensitive,Aluminium_Toxicity,5.541212592856694,2267.0108977714394,0,No Payout,0.32,7.0,4.0,0.0,0.0,22.1,8.5,1.36,32.0,0.07424999999999998,438.4523981952544,70.48563009352115,587.0439182749795,0.751662319674065,474.9925801160625,7.641583341717855,817.5007755310404,67.63219869866045,3.7456312475447398,18,31,146.51107445357354,0.775,-0.4094317853450775,-0.5999096632003784,0.296453058719635,0.5143894553184509,-0.11339632421731949,-0.11340825259685516,0.11905470490455627,0.011642052792012691,-0.14638188481330872,0.19061347842216492,0.42442217469215393,0.17834866046905518,0.07455034554004669,-0.14225496351718903,0.08594279736280441,0.12387453019618988
Varanasi,Uttar Pradesh,2008,HSP70_Thermotolerant,Heat_Shock,6.545321996234266,2242.9122720903774,0,No Payout,0.85,7.0,4.0,0.0,0.0,22.1,8.5,1.36,32.0,0.07424999999999998,438.4523981952544,70.48563009352115,587.0439182749795,0.751662319674065,474.9925801160625,7.641583341717855,817.5007755310404,67.63219869866045,3.7456312475447398,18,31,146.51107445357354,0.775,-0.1781480759382248,-0.03567666932940483,0.004815968684852123,0.28925102949142456,0.2118031084537506,-0.06275853514671326,0.20612309873104095,-0.11461903154850006,-0.22532889246940613,-0.06398181617259979,0.082065150141716,0.05212364345788956,-0.17094039916992188,0.14735427498817444,0.1699899435043335,-0.22095514833927155
Varanasi,Uttar Pradesh,2008,HSP70_Sensitive,Heat_Shock,12.19318568229475,2107.363543624926,0,No Payout,0.38,7.0,4.0,0.0,0.0,22.1,8.5,1.36,32.0,0.07424999999999998,438.4523981952544,70.48563009352115,587.0439182749795,0.751662319674065,474.9925801160625,7.641583341717855,817.5007755310404,67.63219869866045,3.7456312475447398,18,31,146.51107445357354,0.775,-0.20718370378017426,0.01853133924305439,0.09380441159009933,0.3055195212364197,0.16862349212169647,-0.09158311039209366,0.08950691670179367,-0.2243649810552597,-0.151502788066864,-0.10456757992506027,0.05769587308168411,-0.04112328216433525,-0.08085259795188904,0.1446770280599594,0.12276722490787506,-0.17694050073623657
Varanasi,Uttar Pradesh,2009,ALMT1_Tolerant,Aluminium_Toxicity,6.013234598559395,2255.6823696345746,0,No Payout,0.88,7.0,4.0,0.0,0.0,22.1,8.5,1.36,32.0,0.07424999999999998,425.07849883262514,1.895174680925988,565.6172997049871,96.64206488640345,480.3974406311229,27.686146801035804,818.6273663126104,0.0,2.3712126039179644,20,12,126.22338636836524,0.3,-0.4537000060081482,-0.571183443069458,0.2712506353855133,0.5567675828933716,-0.11112017929553986,-0.12277822941541672,0.14524847269058228,0.11068610101938248,-0.07873772084712982,0.1910332292318344,0.48777616024017334,0.18675024807453156,0.05086051672697067,-0.2221333533525467,0.16239656507968903,0.13685879111289978
Varanasi,Uttar Pradesh,2009,ALMT1_Sensitive,Aluminium_Toxicity,4.428555273965508,2293.7146734248277,0,No Payout,0.32,7.0,4.0,0.0,0.0,22.1,8.5,1.36,32.0,0.07424999999999998,425.07849883262514,1.895174680925988,565.6172997049871,96.64206488640345,480.3974406311229,27.686146801035804,818.6273663126104,0.0,2.3712126039179644,20,12,126.22338636836524,0.3,-0.4094317853450775,-0.5999096632003784,0.296453058719635,0.5143894553184509,-0.11339632421731949,-0.11340825259685516,0.11905470490455627,0.011642052792012691,-0.14638188481330872,0.19061347842216492,0.42442217469215393,0.17834866046905518,0.07455034554004669,-0.14225496351718903,0.08594279736280441,0.12387453019618988
Varanasi,Uttar Pradesh,2009,HSP70_Thermotolerant,Heat_Shock,1.50496947873638,2363.8807325103267,0,No Payout,0.85,7.0,4.0,0.0,0.0,22.1,8.5,1.36,32.0,0.07424999999999998,425.07849883262514,1.895174680925988,565.6172997049871,96.64206488640345,480.3974406311229,27.686146801035804,818.6273663126104,0.0,2.3712126039179644,20,12,126.22338636836524,0.3,-0.1781480759382248,-0.03567666932940483,0.004815968684852123,0.28925102949142456,0.2118031084537506,-0.06275853514671326,0.20612309873104095,-0.11461903154850006,-0.22532889246940613,-0.06398181617259979,0.082065150141716,0.05212364345788956,-0.17094039916992188,0.14735427498817444,0.1699899435043335,-0.22095514833927155
Varanasi,Uttar Pradesh,2009,HSP70_Sensitive,Heat_Shock,2.4107618802062545,2342.1417148750497,0,No Payout,0.38,7.0,4.0,0.0,0.0,22.1,8.5,1.36,32.0,0.07424999999999998,425.07849883262514,1.895174680925988,565.6172997049871,96.64206488640345,480.3974406311229,27.686146801035804,818.6273663126104,0.0,2.3712126039179644,20,12,126.22338636836524,0.3,-0.20718370378017426,0.01853133924305439,0.09380441159009933,0.3055195212364197,0.16862349212169647,-0.09158311039209366,0.08950691670179367,-0.2243649810552597,-0.151502788066864,-0.10456757992506027,0.05769587308168411,-0.04112328216433525,-0.08085259795188904,0.1446770280599594,0.12276722490787506,-0.17694050073623657
Varanasi,Uttar Pradesh,2010,ALMT1_Tolerant,Aluminium_Toxicity,9.606764609199756,2169.4376493792056,0,No Payout,0.88,7.0,4.0,0.0,0.0,22.1,8.5,1.36,32.0,0.07424999999999998,433.7172824538868,84.19768565097331,576.903504562985,80.0097284994782,498.52560627246186,46.9815358929267,891.5515618954928,27.434206105538166,26.52266898721049,31,13,238.6231561489164,0.325,-0.4537000060081482,-0.571183443069458,0.2712506353855133,0.5567675828933716,-0.11112017929553986,-0.12277822941541672,0.14524847269058228,0.11068610101938248,-0.07873772084712982,0.1910332292318344,0.48777616024017334,0.18675024807453156,0.05086051672697067,-0.2221333533525467,0.16239656507968903,0.13685879111289978
Varanasi,Uttar Pradesh,2010,ALMT1_Sensitive,Aluminium_Toxicity,11.805164807777574,2116.676044613338,0,No Payout,0.32,7.0,4.0,0.0,0.0,22.1,8.5,1.36,32.0,0.07424999999999998,433.7172824538868,84.19768565097331,576.903504562985,80.0097284994782,498.52560627246186,46.9815358929267,891.5515618954928,27.434206105538166,26.52266898721049,31,13,238.6231561489164,0.325,-0.4094317853450775,-0.5999096632003784,0.296453058719635,0.5143894553184509,-0.11339632421731949,-0.11340825259685516,0.11905470490455627,0.011642052792012691,-0.14638188481330872,0.19061347842216492,0.42442217469215393,0.17834866046905518,0.07455034554004669,-0.14225496351718903,0.08594279736280441,0.12387453019618988
Varanasi,Uttar Pradesh,2010,HSP70_Thermotolerant,Heat_Shock,12.844127001005512,2091.7409519758676,0,No Payout,0.85,7.0,4.0,0.0,0.0,22.1,8.5,1.36,32.0,0.07424999999999998,433.7172824538868,84.19768565097331,576.903504562985,80.0097284994782,498.52560627246186,46.9815358929267,891.5515618954928,27.434206105538166,26.52266898721049,31,13,238.6231561489164,0.325,-0.1781480759382248,-0.03567666932940483,0.004815968684852123,0.28925102949142456,0.2118031084537506,-0.06275853514671326,0.20612309873104095,-0.11461903154850006,-0.22532889246940613,-0.06398181617259979,0.082065150141716,0.05212364345788956,-0.17094039916992188,0.14735427498817444,0.1699899435043335,-0.22095514833927155
Varanasi,Uttar Pradesh,2010,HSP70_Sensitive,Heat_Shock,16.648258522905405,2000.4417954502703,1,Partial Claim (50%),0.38,7.0,4.0,0.0,0.0,22.1,8.5,1.36,32.0,0.07424999999999998,433.7172824538868,84.19768565097331,576.903504562985,80.0097284994782,498.52560627246186,46.9815358929267,891.5515618954928,27.434206105538166,26.52266898721049,31,13,238.6231561489164,0.325,-0.20718370378017426,0.01853133924305439,0.09380441159009933,0.3055195212364197,0.16862349212169647,-0.09158311039209366,0.08950691670179367,-0.2243649810552597,-0.151502788066864,-0.10456757992506027,0.05769587308168411,-0.04112328216433525,-0.08085259795188904,0.1446770280599594,0.12276722490787506,-0.17694050073623657
Varanasi,Uttar Pradesh,2011,ALMT1_Tolerant,Aluminium_Toxicity,6.72296235357393,2238.648903514226,0,No Payout,0.88,7.0,4.0,0.0,0.0,22.1,8.5,1.36,32.0,0.07424999999999998,427.1146436902554,41.29263198312802,572.0711350833503,38.52563078440379,488.8041715828679,0.0,819.3234162854651,45.21572112602475,5.6441215554808615,18,41,125.03398389355657,1.025,-0.4537000060081482,-0.571183443069458,0.2712506353855133,0.5567675828933716,-0.11112017929553986,-0.12277822941541672,0.14524847269058228,0.11068610101938248,-0.07873772084712982,0.1910332292318344,0.48777616024017334,0.18675024807453156,0.05086051672697067,-0.2221333533525467,0.16239656507968903,0.13685879111289978
Varanasi,Uttar Pradesh,2011,ALMT1_Sensitive,Aluminium_Toxicity,7.950519880872081,2209.18752285907,0,No Payout,0.32,7.0,4.0,0.0,0.0,22.1,8.5,1.36,32.0,0.07424999999999998,427.1146436902554,41.29263198312802,572.0711350833503,38.52563078440379,488.8041715828679,0.0,819.3234162854651,45.21572112602475,5.6441215554808615,18,41,125.03398389355657,1.025,-0.4094317853450775,-0.5999096632003784,0.296453058719635,0.5143894553184509,-0.11339632421731949,-0.11340825259685516,0.11905470490455627,0.011642052792012691,-0.14638188481330872,0.19061347842216492,0.42442217469215393,0.17834866046905518,0.07455034554004669,-0.14225496351718903,0.08594279736280441,0.12387453019618988
Varanasi,Uttar Pradesh,2011,HSP70_Thermotolerant,Heat_Shock,7.361764831655226,2223.3176440402744,0,No Payout,0.85,7.0,4.0,0.0,0.0,22.1,8.5,1.36,32.0,0.07424999999999998,427.1146436902554,41.29263198312802,572.0711350833503,38.52563078440379,488.8041715828679,0.0,819.3234162854651,45.21572112602475,5.6441215554808615,18,41,125.03398389355657,1.025,-0.1781480759382248,-0.03567666932940483,0.004815968684852123,0.28925102949142456,0.2118031084537506,-0.06275853514671326,0.20612309873104095,-0.11461903154850006,-0.22532889246940613,-0.06398181617259979,0.082065150141716,0.05212364345788956,-0.17094039916992188,0.14735427498817444,0.1699899435043335,-0.22095514833927155
Varanasi,Uttar Pradesh,2011,HSP70_Sensitive,Heat_Shock,4.095675857462955,2301.703779420889,0,No Payout,0.38,7.0,4.0,0.0,0.0,22.1,8.5,1.36,32.0,0.07424999999999998,427.1146436902554,41.29263198312802,572.0711350833503,38.52563078440379,488.8041715828679,0.0,819.3234162854651,45.21572112602475,5.6441215554808615,18,41,125.03398389355657,1.025,-0.20718370378017426,0.01853133924305439,0.09380441159009933,0.3055195212364197,0.16862349212169647,-0.09158311039209366,0.08950691670179367,-0.2243649810552597,-0.151502788066864,-0.10456757992506027,0.05769587308168411,-0.04112328216433525,-0.08085259795188904,0.1446770280599594,0.12276722490787506,-0.17694050073623657
Varanasi,Uttar Pradesh,2012,ALMT1_Tolerant,Aluminium_Toxicity,4.012483984456359,2303.700384373047,0,No Payout,0.88,7.0,4.0,0.0,0.0,22.1,8.5,1.36,32.0,0.07424999999999998,424.3566795375402,3.994680982221384,573.4822445516453,17.936270535240837,467.4464085211017,22.80242620357062,824.9771902388918,24.82471132806007,4.289852508733841,18,13,69.5580890490929,0.325,-0.4537000060081482,-0.571183443069458,0.2712506353855133,0.5567675828933716,-0.11112017929553986,-0.12277822941541672,0.14524847269058228,0.11068610101938248,-0.07873772084712982,0.1910332292318344,0.48777616024017334,0.18675024807453156,0.05086051672697067,-0.2221333533525467,0.16239656507968903,0.13685879111289978
Varanasi,Uttar Pradesh,2012,ALMT1_Sensitive,Aluminium_Toxicity,2.456884878476331,2341.034762916568,0,No Payout,0.32,7.0,4.0,0.0,0.0,22.1,8.5,1.36,32.0,0.07424999999999998,424.3566795375402,3.994680982221384,573.4822445516453,17.936270535240837,467.4464085211017,22.80242620357062,824.9771902388918,24.82471132806007,4.289852508733841,18,13,69.5580890490929,0.325,-0.4094317853450775,-0.5999096632003784,0.296453058719635,0.5143894553184509,-0.11339632421731949,-0.11340825259685516,0.11905470490455627,0.011642052792012691,-0.14638188481330872,0.19061347842216492,0.42442217469215393,0.17834866046905518,0.07455034554004669,-0.14225496351718903,0.08594279736280441,0.12387453019618988
Varanasi,Uttar Pradesh,2012,HSP70_Thermotolerant,Heat_Shock,1.7668090058338253,2357.596583859988,0,No Payout,0.85,7.0,4.0,0.0,0.0,22.1,8.5,1.36,32.0,0.07424999999999998,424.3566795375402,3.994680982221384,573.4822445516453,17.936270535240837,467.4464085211017,22.80242620357062,824.9771902388918,24.82471132806007,4.289852508733841,18,13,69.5580890490929,0.325,-0.1781480759382248,-0.03567666932940483,0.004815968684852123,0.28925102949142456,0.2118031084537506,-0.06275853514671326,0.20612309873104095,-0.11461903154850006,-0.22532889246940613,-0.06398181617259979,0.082065150141716,0.05212364345788956,-0.17094039916992188,0.14735427498817444,0.1699899435043335,-0.22095514833927155
Varanasi,Uttar Pradesh,2012,HSP70_Sensitive,Heat_Shock,4.239261000109307,2298.2577359973766,0,No Payout,0.38,7.0,4.0,0.0,0.0,22.1,8.5,1.36,32.0,0.07424999999999998,424.3566795375402,3.994680982221384,573.4822445516453,17.936270535240837,467.4464085211017,22.80242620357062,824.9771902388918,24.82471132806007,4.289852508733841,18,13,69.5580890490929,0.325,-0.20718370378017426,0.01853133924305439,0.09380441159009933,0.3055195212364197,0.16862349212169647,-0.09158311039209366,0.08950691670179367,-0.2243649810552597,-0.151502788066864,-0.10456757992506027,0.05769587308168411,-0.04112328216433525,-0.08085259795188904,0.1446770280599594,0.12276722490787506,-0.17694050073623657
Varanasi,Uttar Pradesh,2013,ALMT1_Tolerant,Aluminium_Toxicity,1.4339987794617193,2365.584029292919,0,No Payout,0.88,7.0,4.0,0.0,0.0,22.1,8.5,1.36,32.0,0.07424999999999998,436.1575509300593,34.27352689723,580.9519583306678,14.877914513959166,485.10501683074483,34.29114224381854,826.9124486476669,3.468039925509344,0.3248842095029545,19,20,86.91062358051704,0.5,-0.4537000060081482,-0.571183443069458,0.2712506353855133,0.5567675828933716,-0.11112017929553986,-0.12277822941541672,0.14524847269058228,0.11068610101938248,-0.07873772084712982,0.1910332292318344,0.48777616024017334,0.18675024807453156,0.05086051672697067,-0.2221333533525467,0.16239656507968903,0.13685879111289978
Varanasi,Uttar Pradesh,2013,ALMT1_Sensitive,Aluminium_Toxicity,1.2814596946793588,2369.2449673276956,0,No Payout,0.32,7.0,4.0,0.0,0.0,22.1,8.5,1.36,32.0,0.07424999999999998,436.1575509300593,34.27352689723,580.9519583306678,14.877914513959166,485.10501683074483,34.29114224381854,826.9124486476669,3.468039925509344,0.3248842095029545,19,20,86.91062358051704,0.5,-0.4094317853450775,-0.5999096632003784,0.296453058719635,0.5143894553184509,-0.11339632421731949,-0.11340825259685516,0.11905470490455627,0.011642052792012691,-0.14638188481330872,0.19061347842216492,0.42442217469215393,0.17834866046905518,0.07455034554004669,-0.14225496351718903,0.08594279736280441,0.12387453019618988
Varanasi,Uttar Pradesh,2013,HSP70_Thermotolerant,Heat_Shock,6.439046382753358,2245.4628868139193,0,No Payout,0.85,7.0,4.0,0.0,0.0,22.1,8.5,1.36,32.0,0.07424999999999998,436.1575509300593,34.27352689723,580.9519583306678,14.877914513959166,485.10501683074483,34.29114224381854,826.9124486476669,3.468039925509344,0.3248842095029545,19,20,86.91062358051704,0.5,-0.1781480759382248,-0.03567666932940483,0.004815968684852123,0.28925102949142456,0.2118031084537506,-0.06275853514671326,0.20612309873104095,-0.11461903154850006,-0.22532889246940613,-0.06398181617259979,0.082065150141716,0.05212364345788956,-0.17094039916992188,0.14735427498817444,0.1699899435043335,-0.22095514833927155
Varanasi,Uttar Pradesh,2013,HSP70_Sensitive,Heat_Shock,2.5604329203747764,2338.5496099110055,0,No Payout,0.38,7.0,4.0,0.0,0.0,22.1,8.5,1.36,32.0,0.07424999999999998,436.1575509300593,34.27352689723,580.9519583306678,14.877914513959166,485.10501683074483,34.29114224381854,826.9124486476669,3.468039925509344,0.3248842095029545,19,20,86.91062358051704,0.5,-0.20718370378017426,0.01853133924305439,0.09380441159009933,0.3055195212364197,0.16862349212169647,-0.09158311039209366,0.08950691670179367,-0.2243649810552597,-0.151502788066864,-0.10456757992506027,0.05769587308168411,-0.04112328216433525,-0.08085259795188904,0.1446770280599594,0.12276722490787506,-0.17694050073623657
Varanasi,Uttar Pradesh,2014,ALMT1_Tolerant,Aluminium_Toxicity,4.63112279933724,2288.8530528159063,0,No Payout,0.88,7.0,4.0,0.0,0.0,22.1,8.5,1.36,32.0,0.07424999999999998,431.21977061498416,4.3268330288589585,580.646967740627,47.772861260386364,484.83344955218683,2.757354310456704,825.4079275667657,60.665190544476715,5.723834644560959,21,31,115.52223914417874,0.775,-0.4537000060081482,-0.571183443069458,0.2712506353855133,0.5567675828933716,-0.11112017929553986,-0.12277822941541672,0.14524847269058228,0.11068610101938248,-0.07873772084712982,0.1910332292318344,0.48777616024017334,0.18675024807453156,0.05086051672697067,-0.2221333533525467,0.16239656507968903,0.13685879111289978
Varanasi,Uttar Pradesh,2014,ALMT1_Sensitive,Aluminium_Toxicity,1.4792133533926715,2364.498879518576,0,No Payout,0.32,7.0,4.0,0.0,0.0,22.1,8.5,1.36,32.0,0.07424999999999998,431.21977061498416,4.3268330288589585,580.646967740627,47.772861260386364,484.83344955218683,2.757354310456704,825.4079275667657,60.665190544476715,5.723834644560959,21,31,115.52223914417874,0.775,-0.4094317853450775,-0.5999096632003784,0.296453058719635,0.5143894553184509,-0.11339632421731949,-0.11340825259685516,0.11905470490455627,0.011642052792012691,-0.14638188481330872,0.19061347842216492,0.42442217469215393,0.17834866046905518,0.07455034554004669,-0.14225496351718903,0.08594279736280441,0.12387453019618988
Varanasi,Uttar Pradesh,2014,HSP70_Thermotolerant,Heat_Shock,1.2288265446903264,2370.508162927432,0,No Payout,0.85,7.0,4.0,0.0,0.0,22.1,8.5,1.36,32.0,0.07424999999999998,431.21977061498416,4.3268330288589585,580.646967740627,47.772861260386364,484.83344955218683,2.757354310456704,825.4079275667657,60.665190544476715,5.723834644560959,21,31,115.52223914417874,0.775,-0.1781480759382248,-0.03567666932940483,0.004815968684852123,0.28925102949142456,0.2118031084537506,-0.06275853514671326,0.20612309873104095,-0.11461903154850006,-0.22532889246940613,-0.06398181617259979,0.082065150141716,0.05212364345788956,-0.17094039916992188,0.14735427498817444,0.1699899435043335,-0.22095514833927155
Varanasi,Uttar Pradesh,2014,HSP70_Sensitive,Heat_Shock,8.991659451789543,2184.200173157051,0,No Payout,0.38,7.0,4.0,0.0,0.0,22.1,8.5,1.36,32.0,0.07424999999999998,431.21977061498416,4.3268330288589585,580.646967740627,47.772861260386364,484.83344955218683,2.757354310456704,825.4079275667657,60.665190544476715,5.723834644560959,21,31,115.52223914417874,0.775,-0.20718370378017426,0.01853133924305439,0.09380441159009933,0.3055195212364197,0.16862349212169647,-0.09158311039209366,0.08950691670179367,-0.2243649810552597,-0.151502788066864,-0.10456757992506027,0.05769587308168411,-0.04112328216433525,-0.08085259795188904,0.1446770280599594,0.12276722490787506,-0.17694050073623657
Varanasi,Uttar Pradesh,2015,ALMT1_Tolerant,Aluminium_Toxicity,5.962985576507598,2256.888346163818,0,No Payout,0.88,7.0,4.0,0.0,0.0,22.1,8.5,1.36,32.0,0.07424999999999998,431.42968218870766,24.458020433388715,579.9521692488624,9.714256451984273,488.0362713087828,13.239189212039207,807.2110149648288,25.62931969363158,6.77666843283075,19,15,73.04078579104377,0.375,-0.4537000060081482,-0.571183443069458,0.2712506353855133,0.5567675828933716,-0.11112017929553986,-0.12277822941541672,0.14524847269058228,0.11068610101938248,-0.07873772084712982,0.1910332292318344,0.48777616024017334,0.18675024807453156,0.05086051672697067,-0.2221333533525467,0.16239656507968903,0.13685879111289978
Varanasi,Uttar Pradesh,2015,ALMT1_Sensitive,Aluminium_Toxicity,9.674313665306558,2167.8164720326427,0,No Payout,0.32,7.0,4.0,0.0,0.0,22.1,8.5,1.36,32.0,0.07424999999999998,431.42968218870766,24.458020433388715,579.9521692488624,9.714256451984273,488.0362713087828,13.239189212039207,807.2110149648288,25.62931969363158,6.77666843283075,19,15,73.04078579104377,0.375,-0.4094317853450775,-0.5999096632003784,0.296453058719635,0.5143894553184509,-0.11339632421731949,-0.11340825259685516,0.11905470490455627,0.011642052792012691,-0.14638188481330872,0.19061347842216492,0.42442217469215393,0.17834866046905518,0.07455034554004669,-0.14225496351718903,0.08594279736280441,0.12387453019618988
Varanasi,Uttar Pradesh,2015,HSP70_Thermotolerant,Heat_Shock,4.738113511227704,2286.285275730535,0,No Payout,0.85,7.0,4.0,0.0,0.0,22.1,8.5,1.36,32.0,0.07424999999999998,431.42968218870766,24.458020433388715,579.9521692488624,9.714256451984273,488.0362713087828,13.239189212039207,807.2110149648288,25.62931969363158,6.77666843283075,19,15,73.04078579104377,0.375,-0.1781480759382248,-0.03567666932940483,0.004815968684852123,0.28925102949142456,0.2118031084537506,-0.06275853514671326,0.20612309873104095,-0.11461903154850006,-0.22532889246940613,-0.06398181617259979,0.082065150141716,0.05212364345788956,-0.17094039916992188,0.14735427498817444,0.1699899435043335,-0.22095514833927155
Varanasi,Uttar Pradesh,2015,HSP70_Sensitive,Heat_Shock,4.007241702831659,2303.82619913204,0,No Payout,0.38,7.0,4.0,0.0,0.0,22.1,8.5,1.36,32.0,0.07424999999999998,431.42968218870766,24.458020433388715,579.9521692488624,9.714256451984273,488.0362713087828,13.239189212039207,807.2110149648288,25.62931969363158,6.77666843283075,19,15,73.04078579104377,0.375,-0.20718370378017426,0.01853133924305439,0.09380441159009933,0.3055195212364197,0.16862349212169647,-0.09158311039209366,0.08950691670179367,-0.2243649810552597,-0.151502788066864,-0.10456757992506027,0.05769587308168411,-0.04112328216433525,-0.08085259795188904,0.1446770280599594,0.12276722490787506,-0.17694050073623657
Varanasi,Uttar Pradesh,2016,ALMT1_Tolerant,Aluminium_Toxicity,8.005320123607234,2207.872317033426,0,No Payout,0.88,7.0,4.0,0.0,0.0,22.1,8.5,1.36,32.0,0.07424999999999998,418.04349656739595,80.44308369992473,590.0608015863788,13.690397096610441,500.4669604909526,85.05317765517874,887.3911565962526,41.88298021834095,28.371939222475106,31,13,221.06963867005487,0.325,-0.4537000060081482,-0.571183443069458,0.2712506353855133,0.5567675828933716,-0.11112017929553986,-0.12277822941541672,0.14524847269058228,0.11068610101938248,-0.07873772084712982,0.1910332292318344,0.48777616024017334,0.18675024807453156,0.05086051672697067,-0.2221333533525467,0.16239656507968903,0.13685879111289978
Varanasi,Uttar Pradesh,2016,ALMT1_Sensitive,Aluminium_Toxicity,8.94980113903603,2185.2047726631354,0,No Payout,0.32,7.0,4.0,0.0,0.0,22.1,8.5,1.36,32.0,0.07424999999999998,418.04349656739595,80.44308369992473,590.0608015863788,13.690397096610441,500.4669604909526,85.05317765517874,887.3911565962526,41.88298021834095,28.371939222475106,31,13,221.06963867005487,0.325,-0.4094317853450775,-0.5999096632003784,0.296453058719635,0.5143894553184509,-0.11339632421731949,-0.11340825259685516,0.11905470490455627,0.011642052792012691,-0.14638188481330872,0.19061347842216492,0.42442217469215393,0.17834866046905518,0.07455034554004669,-0.14225496351718903,0.08594279736280441,0.12387453019618988
Varanasi,Uttar Pradesh,2016,HSP70_Thermotolerant,Heat_Shock,12.624773963554853,2097.0054248746833,0,No Payout,0.85,7.0,4.0,0.0,0.0,22.1,8.5,1.36,32.0,0.07424999999999998,418.04349656739595,80.44308369992473,590.0608015863788,13.690397096610441,500.4669604909526,85.05317765517874,887.3911565962526,41.88298021834095,28.371939222475106,31,13,221.06963867005487,0.325,-0.1781480759382248,-0.03567666932940483,0.004815968684852123,0.28925102949142456,0.2118031084537506,-0.06275853514671326,0.20612309873104095,-0.11461903154850006,-0.22532889246940613,-0.06398181617259979,0.082065150141716,0.05212364345788956,-0.17094039916992188,0.14735427498817444,0.1699899435043335,-0.22095514833927155
Varanasi,Uttar Pradesh,2016,HSP70_Sensitive,Heat_Shock,11.086121235283244,2133.9330903532023,0,No Payout,0.38,7.0,4.0,0.0,0.0,22.1,8.5,1.36,32.0,0.07424999999999998,418.04349656739595,80.44308369992473,590.0608015863788,13.690397096610441,500.4669604909526,85.05317765517874,887.3911565962526,41.88298021834095,28.371939222475106,31,13,221.06963867005487,0.325,-0.20718370378017426,0.01853133924305439,0.09380441159009933,0.3055195212364197,0.16862349212169647,-0.09158311039209366,0.08950691670179367,-0.2243649810552597,-0.151502788066864,-0.10456757992506027,0.05769587308168411,-0.04112328216433525,-0.08085259795188904,0.1446770280599594,0.12276722490787506,-0.17694050073623657
Varanasi,Uttar Pradesh,2017,ALMT1_Tolerant,Aluminium_Toxicity,4.253123087704201,2297.925045895099,0,No Payout,0.88,7.0,4.0,0.0,0.0,22.1,8.5,1.36,32.0,0.07424999999999998,424.49897541495375,62.50811173490487,561.7853339336274,17.598141820001615,491.17484790992967,0.0,811.277884709477,59.647450437856925,0.7940540314577902,15,38,139.7537039927634,0.95,-0.4537000060081482,-0.571183443069458,0.2712506353855133,0.5567675828933716,-0.11112017929553986,-0.12277822941541672,0.14524847269058228,0.11068610101938248,-0.07873772084712982,0.1910332292318344,0.48777616024017334,0.18675024807453156,0.05086051672697067,-0.2221333533525467,0.16239656507968903,0.13685879111289978
Varanasi,Uttar Pradesh,2017,ALMT1_Sensitive,Aluminium_Toxicity,1.243737025292556,2370.1503113929784,0,No Payout,0.32,7.0,4.0,0.0,0.0,22.1,8.5,1.36,32.0,0.07424999999999998,424.49897541495375,62.50811173490487,561.7853339336274,17.598141820001615,491.17484790992967,0.0,811.277884709477,59.647450437856925,0.7940540314577902,15,38,139.7537039927634,0.95,-0.4094317853450775,-0.5999096632003784,0.296453058719635,0.5143894553184509,-0.11339632421731949,-0.11340825259685516,0.11905470490455627,0.011642052792012691,-0.14638188481330872,0.19061347842216492,0.42442217469215393,0.17834866046905518,0.07455034554004669,-0.14225496351718903,0.08594279736280441,0.12387453019618988
Varanasi,Uttar Pradesh,2017,HSP70_Thermotolerant,Heat_Shock,7.160321670306083,2228.152279912654,0,No Payout,0.85,7.0,4.0,0.0,0.0,22.1,8.5,1.36,32.0,0.07424999999999998,424.49897541495375,62.50811173490487,561.7853339336274,17.598141820001615,491.17484790992967,0.0,811.277884709477,59.647450437856925,0.7940540314577902,15,38,139.7537039927634,0.95,-0.1781480759382248,-0.03567666932940483,0.004815968684852123,0.28925102949142456,0.2118031084537506,-0.06275853514671326,0.20612309873104095,-0.11461903154850006,-0.22532889246940613,-0.06398181617259979,0.082065150141716,0.05212364345788956,-0.17094039916992188,0.14735427498817444,0.1699899435043335,-0.22095514833927155
Varanasi,Uttar Pradesh,2017,HSP70_Sensitive,Heat_Shock,6.840152600044168,2235.8363375989397,0,No Payout,0.38,7.0,4.0,0.0,0.0,22.1,8.5,1.36,32.0,0.07424999999999998,424.49897541495375,62.50811173490487,561.7853339336274,17.598141820001615,491.17484790992967,0.0,811.277884709477,59.647450437856925,0.7940540314577902,15,38,139.7537039927634,0.95,-0.20718370378017426,0.01853133924305439,0.09380441159009933,0.3055195212364197,0.16862349212169647,-0.09158311039209366,0.08950691670179367,-0.2243649810552597,-0.151502788066864,-0.10456757992506027,0.05769587308168411,-0.04112328216433525,-0.08085259795188904,0.1446770280599594,0.12276722490787506,-0.17694050073623657
Varanasi,Uttar Pradesh,2018,ALMT1_Tolerant,Aluminium_Toxicity,2.9272070481670163,2329.7470308439915,0,No Payout,0.88,7.0,4.0,0.0,0.0,22.1,8.5,1.36,32.0,0.07424999999999998,425.7903979506616,31.17389627966473,583.0908194621157,67.81538751032134,491.037322752836,35.5159467180234,813.586048202913,14.63208331893796,6.077184062597542,21,17,149.13731382694743,0.425,-0.4537000060081482,-0.571183443069458,0.2712506353855133,0.5567675828933716,-0.11112017929553986,-0.12277822941541672,0.14524847269058228,0.11068610101938248,-0.07873772084712982,0.1910332292318344,0.48777616024017334,0.18675024807453156,0.05086051672697067,-0.2221333533525467,0.16239656507968903,0.13685879111289978
Varanasi,Uttar Pradesh,2018,ALMT1_Sensitive,Aluminium_Toxicity,1.814482583967198,2356.452417984787,0,No Payout,0.32,7.0,4.0,0.0,0.0,22.1,8.5,1.36,32.0,0.07424999999999998,425.7903979506616,31.17389627966473,583.0908194621157,67.81538751032134,491.037322752836,35.5159467180234,813.586048202913,14.63208331893796,6.077184062597542,21,17,149.13731382694743,0.425,-0.4094317853450775,-0.5999096632003784,0.296453058719635,0.5143894553184509,-0.11339632421731949,-0.11340825259685516,0.11905470490455627,0.011642052792012691,-0.14638188481330872,0.19061347842216492,0.42442217469215393,0.17834866046905518,0.07455034554004669,-0.14225496351718903,0.08594279736280441,0.12387453019618988
Varanasi,Uttar Pradesh,2018,HSP70_Thermotolerant,Heat_Shock,3.071446007230062,2326.2852958264784,0,No Payout,0.85,7.0,4.0,0.0,0.0,22.1,8.5,1.36,32.0,0.07424999999999998,425.7903979506616,31.17389627966473,583.0908194621157,67.81538751032134,491.037322752836,35.5159467180234,813.586048202913,14.63208331893796,6.077184062597542,21,17,149.13731382694743,0.425,-0.1781480759382248,-0.03567666932940483,0.004815968684852123,0.28925102949142456,0.2118031084537506,-0.06275853514671326,0.20612309873104095,-0.11461903154850006,-0.22532889246940613,-0.06398181617259979,0.082065150141716,0.05212364345788956,-0.17094039916992188,0.14735427498817444,0.1699899435043335,-0.22095514833927155
Varanasi,Uttar Pradesh,2018,HSP70_Sensitive,Heat_Shock,4.4396928890559515,2293.4473706626572,0,No Payout,0.38,7.0,4.0,0.0,0.0,22.1,8.5,1.36,32.0,0.07424999999999998,425.7903979506616,31.17389627966473,583.0908194621157,67.81538751032134,491.037322752836,35.5159467180234,813.586048202913,14.63208331893796,6.077184062597542,21,17,149.13731382694743,0.425,-0.20718370378017426,0.01853133924305439,0.09380441159009933,0.3055195212364197,0.16862349212169647,-0.09158311039209366,0.08950691670179367,-0.2243649810552597,-0.151502788066864,-0.10456757992506027,0.05769587308168411,-0.04112328216433525,-0.08085259795188904,0.1446770280599594,0.12276722490787506,-0.17694050073623657
Varanasi,Uttar Pradesh,2019,ALMT1_Tolerant,Aluminium_Toxicity,1.7057349146506715,2359.062362048384,0,No Payout,0.88,7.0,4.0,0.0,0.0,22.1,8.5,1.36,32.0,0.07424999999999998,432.8513022305813,54.2048281164114,579.8419485060932,65.72227467056062,481.6044264121704,36.586520459247915,815.1382377012228,1.9145014770042037,4.046622487410335,20,10,158.42812472322413,0.25,-0.4537000060081482,-0.571183443069458,0.2712506353855133,0.5567675828933716,-0.11112017929553986,-0.12277822941541672,0.14524847269058228,0.11068610101938248,-0.07873772084712982,0.1910332292318344,0.48777616024017334,0.18675024807453156,0.05086051672697067,-0.2221333533525467,0.16239656507968903,0.13685879111289978
Varanasi,Uttar Pradesh,2019,ALMT1_Sensitive,Aluminium_Toxicity,2.4411672865365928,2341.4119851231217,0,No Payout,0.32,7.0,4.0,0.0,0.0,22.1,8.5,1.36,32.0,0.07424999999999998,432.8513022305813,54.2048281164114,579.8419485060932,65.72227467056062,481.6044264121704,36.586520459247915,815.1382377012228,1.9145014770042037,4.046622487410335,20,10,158.42812472322413,0.25,-0.4094317853450775,-0.5999096632003784,0.296453058719635,0.5143894553184509,-0.11339632421731949,-0.11340825259685516,0.11905470490455627,0.011642052792012691,-0.14638188481330872,0.19061347842216492,0.42442217469215393,0.17834866046905518,0.07455034554004669,-0.14225496351718903,0.08594279736280441,0.12387453019618988
Varanasi,Uttar Pradesh,2019,HSP70_Thermotolerant,Heat_Shock,8.967744075118562,2184.7741421971546,0,No Payout,0.85,7.0,4.0,0.0,0.0,22.1,8.5,1.36,32.0,0.07424999999999998,432.8513022305813,54.2048281164114,579.8419485060932,65.72227467056062,481.6044264121704,36.586520459247915,815.1382377012228,1.9145014770042037,4.046622487410335,20,10,158.42812472322413,0.25,-0.1781480759382248,-0.03567666932940483,0.004815968684852123,0.28925102949142456,0.2118031084537506,-0.06275853514671326,0.20612309873104095,-0.11461903154850006,-0.22532889246940613,-0.06398181617259979,0.082065150141716,0.05212364345788956,-0.17094039916992188,0.14735427498817444,0.1699899435043335,-0.22095514833927155
Varanasi,Uttar Pradesh,2019,HSP70_Sensitive,Heat_Shock,6.345054896660141,2247.7186824801565,0,No Payout,0.38,7.0,4.0,0.0,0.0,22.1,8.5,1.36,32.0,0.07424999999999998,432.8513022305813,54.2048281164114,579.8419485060932,65.72227467056062,481.6044264121704,36.586520459247915,815.1382377012228,1.9145014770042037,4.046622487410335,20,10,158.42812472322413,0.25,-0.20718370378017426,0.01853133924305439,0.09380441159009933,0.3055195212364197,0.16862349212169647,-0.09158311039209366,0.08950691670179367,-0.2243649810552597,-0.151502788066864,-0.10456757992506027,0.05769587308168411,-0.04112328216433525,-0.08085259795188904,0.1446770280599594,0.12276722490787506,-0.17694050073623657
Varanasi,Uttar Pradesh,2020,ALMT1_Tolerant,Aluminium_Toxicity,8.315373000306387,2200.4310479926467,0,No Payout,0.88,7.0,4.0,0.0,0.0,22.1,8.5,1.36,32.0,0.07424999999999998,423.11364744489975,5.327635599316514,574.4532615755592,31.007590717661163,491.0896985648892,5.486182070110901,812.8758845105791,84.34605063198764,4.60111537622506,17,23,126.1674590190762,0.575,-0.4537000060081482,-0.571183443069458,0.2712506353855133,0.5567675828933716,-0.11112017929553986,-0.12277822941541672,0.14524847269058228,0.11068610101938248,-0.07873772084712982,0.1910332292318344,0.48777616024017334,0.18675024807453156,0.05086051672697067,-0.2221333533525467,0.16239656507968903,0.13685879111289978
Varanasi,Uttar Pradesh,2020,ALMT1_Sensitive,Aluminium_Toxicity,6.236540699623838,2250.3230232090277,0,No Payout,0.32,7.0,4.0,0.0,0.0,22.1,8.5,1.36,32.0,0.07424999999999998,423.11364744489975,5.327635599316514,574.4532615755592,31.007590717661163,491.0896985648892,5.486182070110901,812.8758845105791,84.34605063198764,4.60111537622506,17,23,126.1674590190762,0.575,-0.4094317853450775,-0.5999096632003784,0.296453058719635,0.5143894553184509,-0.11339632421731949,-0.11340825259685516,0.11905470490455627,0.011642052792012691,-0.14638188481330872,0.19061347842216492,0.42442217469215393,0.17834866046905518,0.07455034554004669,-0.14225496351718903,0.08594279736280441,0.12387453019618988
Varanasi,Uttar Pradesh,2020,HSP70_Thermotolerant,Heat_Shock,2.902412512960878,2330.342099688939,0,No Payout,0.85,7.0,4.0,0.0,0.0,22.1,8.5,1.36,32.0,0.07424999999999998,423.11364744489975,5.327635599316514,574.4532615755592,31.007590717661163,491.0896985648892,5.486182070110901,812.8758845105791,84.34605063198764,4.60111537622506,17,23,126.1674590190762,0.575,-0.1781480759382248,-0.03567666932940483,0.004815968684852123,0.28925102949142456,0.2118031084537506,-0.06275853514671326,0.20612309873104095,-0.11461903154850006,-0.22532889246940613,-0.06398181617259979,0.082065150141716,0.05212364345788956,-0.17094039916992188,0.14735427498817444,0.1699899435043335,-0.22095514833927155
Varanasi,Uttar Pradesh,2020,HSP70_Sensitive,Heat_Shock,3.1226978144089297,2325.055252454186,0,No Payout,0.38,7.0,4.0,0.0,0.0,22.1,8.5,1.36,32.0,0.07424999999999998,423.11364744489975,5.327635599316514,574.4532615755592,31.007590717661163,491.0896985648892,5.486182070110901,812.8758845105791,84.34605063198764,4.60111537622506,17,23,126.1674590190762,0.575,-0.20718370378017426,0.01853133924305439,0.09380441159009933,0.3055195212364197,0.16862349212169647,-0.09158311039209366,0.08950691670179367,-0.2243649810552597,-0.151502788066864,-0.10456757992506027,0.05769587308168411,-0.04112328216433525,-0.08085259795188904,0.1446770280599594,0.12276722490787506,-0.17694050073623657
Varanasi,Uttar Pradesh,2021,ALMT1_Tolerant,Aluminium_Toxicity,3.153805915424221,2324.3086580298186,0,No Payout,0.88,7.0,4.0,0.0,0.0,22.1,8.5,1.36,32.0,0.07424999999999998,430.93285566946906,41.27509627156818,579.3112798998537,4.236230458466559,485.69335970798346,29.886912680230203,885.5180329808168,18.935687718796828,9.813654032055059,31,28,94.33392712906178,0.7,-0.4537000060081482,-0.571183443069458,0.2712506353855133,0.5567675828933716,-0.11112017929553986,-0.12277822941541672,0.14524847269058228,0.11068610101938248,-0.07873772084712982,0.1910332292318344,0.48777616024017334,0.18675024807453156,0.05086051672697067,-0.2221333533525467,0.16239656507968903,0.13685879111289978
Varanasi,Uttar Pradesh,2021,ALMT1_Sensitive,Aluminium_Toxicity,11.827954131999746,2116.129100832006,0,No Payout,0.32,7.0,4.0,0.0,0.0,22.1,8.5,1.36,32.0,0.07424999999999998,430.93285566946906,41.27509627156818,579.3112798998537,4.236230458466559,485.69335970798346,29.886912680230203,885.5180329808168,18.935687718796828,9.813654032055059,31,28,94.33392712906178,0.7,-0.4094317853450775,-0.5999096632003784,0.296453058719635,0.5143894553184509,-0.11339632421731949,-0.11340825259685516,0.11905470490455627,0.011642052792012691,-0.14638188481330872,0.19061347842216492,0.42442217469215393,0.17834866046905518,0.07455034554004669,-0.14225496351718903,0.08594279736280441,0.12387453019618988
Varanasi,Uttar Pradesh,2021,HSP70_Thermotolerant,Heat_Shock,7.357381118802497,2223.42285314874,0,No Payout,0.85,7.0,4.0,0.0,0.0,22.1,8.5,1.36,32.0,0.07424999999999998,430.93285566946906,41.27509627156818,579.3112798998537,4.236230458466559,485.69335970798346,29.886912680230203,885.5180329808168,18.935687718796828,9.813654032055059,31,28,94.33392712906178,0.7,-0.1781480759382248,-0.03567666932940483,0.004815968684852123,0.28925102949142456,0.2118031084537506,-0.06275853514671326,0.20612309873104095,-0.11461903154850006,-0.22532889246940613,-0.06398181617259979,0.082065150141716,0.05212364345788956,-0.17094039916992188,0.14735427498817444,0.1699899435043335,-0.22095514833927155
Varanasi,Uttar Pradesh,2021,HSP70_Sensitive,Heat_Shock,3.3748147600031855,2319.0044457599233,0,No Payout,0.38,7.0,4.0,0.0,0.0,22.1,8.5,1.36,32.0,0.07424999999999998,430.93285566946906,41.27509627156818,579.3112798998537,4.236230458466559,485.69335970798346,29.886912680230203,885.5180329808168,18.935687718796828,9.813654032055059,31,28,94.33392712906178,0.7,-0.20718370378017426,0.01853133924305439,0.09380441159009933,0.3055195212364197,0.16862349212169647,-0.09158311039209366,0.08950691670179367,-0.2243649810552597,-0.151502788066864,-0.10456757992506027,0.05769587308168411,-0.04112328216433525,-0.08085259795188904,0.1446770280599594,0.12276722490787506,-0.17694050073623657
Varanasi,Uttar Pradesh,2022,ALMT1_Tolerant,Aluminium_Toxicity,12.486072899277687,2100.3342504173356,0,No Payout,0.88,7.0,4.0,0.0,0.0,22.1,8.5,1.36,32.0,0.07424999999999998,434.1607358469415,43.79965070796535,575.52978210089,70.90427265308934,487.65875721425283,3.429981493957818,878.4139742451316,20.322041376774678,16.365690481493683,32,30,138.45594623178715,0.75,-0.4537000060081482,-0.571183443069458,0.2712506353855133,0.5567675828933716,-0.11112017929553986,-0.12277822941541672,0.14524847269058228,0.11068610101938248,-0.07873772084712982,0.1910332292318344,0.48777616024017334,0.18675024807453156,0.05086051672697067,-0.2221333533525467,0.16239656507968903,0.13685879111289978
Varanasi,Uttar Pradesh,2022,ALMT1_Sensitive,Aluminium_Toxicity,6.127811420401823,2252.932525910356,0,No Payout,0.32,7.0,4.0,0.0,0.0,22.1,8.5,1.36,32.0,0.07424999999999998,434.1607358469415,43.79965070796535,575.52978210089,70.90427265308934,487.65875721425283,3.429981493957818,878.4139742451316,20.322041376774678,16.365690481493683,32,30,138.45594623178715,0.75,-0.4094317853450775,-0.5999096632003784,0.296453058719635,0.5143894553184509,-0.11339632421731949,-0.11340825259685516,0.11905470490455627,0.011642052792012691,-0.14638188481330872,0.19061347842216492,0.42442217469215393,0.17834866046905518,0.07455034554004669,-0.14225496351718903,0.08594279736280441,0.12387453019618988
Varanasi,Uttar Pradesh,2022,HSP70_Thermotolerant,Heat_Shock,9.292429699096989,2176.9816872216725,0,No Payout,0.85,7.0,4.0,0.0,0.0,22.1,8.5,1.36,32.0,0.07424999999999998,434.1607358469415,43.79965070796535,575.52978210089,70.90427265308934,487.65875721425283,3.429981493957818,878.4139742451316,20.322041376774678,16.365690481493683,32,30,138.45594623178715,0.75,-0.1781480759382248,-0.03567666932940483,0.004815968684852123,0.28925102949142456,0.2118031084537506,-0.06275853514671326,0.20612309873104095,-0.11461903154850006,-0.22532889246940613,-0.06398181617259979,0.082065150141716,0.05212364345788956,-0.17094039916992188,0.14735427498817444,0.1699899435043335,-0.22095514833927155
Varanasi,Uttar Pradesh,2022,HSP70_Sensitive,Heat_Shock,12.931575855146068,2089.642179476494,0,No Payout,0.38,7.0,4.0,0.0,0.0,22.1,8.5,1.36,32.0,0.07424999999999998,434.1607358469415,43.79965070796535,575.52978210089,70.90427265308934,487.65875721425283,3.429981493957818,878.4139742451316,20.322041376774678,16.365690481493683,32,30,138.45594623178715,0.75,-0.20718370378017426,0.01853133924305439,0.09380441159009933,0.3055195212364197,0.16862349212169647,-0.09158311039209366,0.08950691670179367,-0.2243649810552597,-0.151502788066864,-0.10456757992506027,0.05769587308168411,-0.04112328216433525,-0.08085259795188904,0.1446770280599594,0.12276722490787506,-0.17694050073623657
Varanasi,Uttar Pradesh,2023,ALMT1_Tolerant,Aluminium_Toxicity,6.675031140050357,2239.7992526387916,0,No Payout,0.88,7.0,4.0,0.0,0.0,22.1,8.5,1.36,32.0,0.07424999999999998,438.92651186202795,13.630557916399995,586.7134352608341,31.27558175353016,483.5727416642688,32.0284311046061,833.8863648264695,31.018754145968305,5.170630045542975,22,23,107.95332492050457,0.575,-0.4537000060081482,-0.571183443069458,0.2712506353855133,0.5567675828933716,-0.11112017929553986,-0.12277822941541672,0.14524847269058228,0.11068610101938248,-0.07873772084712982,0.1910332292318344,0.48777616024017334,0.18675024807453156,0.05086051672697067,-0.2221333533525467,0.16239656507968903,0.13685879111289978
Varanasi,Uttar Pradesh,2023,ALMT1_Sensitive,Aluminium_Toxicity,7.12642375137613,2228.9658299669727,0,No Payout,0.32,7.0,4.0,0.0,0.0,22.1,8.5,1.36,32.0,0.07424999999999998,438.92651186202795,13.630557916399995,586.7134352608341,31.27558175353016,483.5727416642688,32.0284311046061,833.8863648264695,31.018754145968305,5.170630045542975,22,23,107.95332492050457,0.575,-0.4094317853450775,-0.5999096632003784,0.296453058719635,0.5143894553184509,-0.11339632421731949,-0.11340825259685516,0.11905470490455627,0.011642052792012691,-0.14638188481330872,0.19061347842216492,0.42442217469215393,0.17834866046905518,0.07455034554004669,-0.14225496351718903,0.08594279736280441,0.12387453019618988
Varanasi,Uttar Pradesh,2023,HSP70_Thermotolerant,Heat_Shock,6.847062260418083,2235.670505749966,0,No Payout,0.85,7.0,4.0,0.0,0.0,22.1,8.5,1.36,32.0,0.07424999999999998,438.92651186202795,13.630557916399995,586.7134352608341,31.27558175353016,483.5727416642688,32.0284311046061,833.8863648264695,31.018754145968305,5.170630045542975,22,23,107.95332492050457,0.575,-0.1781480759382248,-0.03567666932940483,0.004815968684852123,0.28925102949142456,0.2118031084537506,-0.06275853514671326,0.20612309873104095,-0.11461903154850006,-0.22532889246940613,-0.06398181617259979,0.082065150141716,0.05212364345788956,-0.17094039916992188,0.14735427498817444,0.1699899435043335,-0.22095514833927155
Varanasi,Uttar Pradesh,2023,HSP70_Sensitive,Heat_Shock,6.841473136209202,2235.8046447309794,0,No Payout,0.38,7.0,4.0,0.0,0.0,22.1,8.5,1.36,32.0,0.07424999999999998,438.92651186202795,13.630557916399995,586.7134352608341,31.27558175353016,483.5727416642688,32.0284311046061,833.8863648264695,31.018754145968305,5.170630045542975,22,23,107.95332492050457,0.575,-0.20718370378017426,0.01853133924305439,0.09380441159009933,0.3055195212364197,0.16862349212169647,-0.09158311039209366,0.08950691670179367,-0.2243649810552597,-0.151502788066864,-0.10456757992506027,0.05769587308168411,-0.04112328216433525,-0.08085259795188904,0.1446770280599594,0.12276722490787506,-0.17694050073623657
Indore,Madhya Pradesh,2008,ALMT1_Tolerant,Aluminium_Toxicity,1.97938937538092,2352.4946549908577,0,No Payout,0.88,7.8,1.0,0.0,0.0,38.0,11.2,1.28,48.0,0.01200000000000001,438.4523981952544,70.48563009352115,587.0439182749795,0.751662319674065,474.9925801160625,7.641583341717855,817.5007755310404,67.63219869866045,3.7456312475447398,18,31,146.51107445357354,0.775,-0.4537000060081482,-0.571183443069458,0.2712506353855133,0.5567675828933716,-0.11112017929553986,-0.12277822941541672,0.14524847269058228,0.11068610101938248,-0.07873772084712982,0.1910332292318344,0.48777616024017334,0.18675024807453156,0.05086051672697067,-0.2221333533525467,0.16239656507968903,0.13685879111289978
Indore,Madhya Pradesh,2008,ALMT1_Sensitive,Aluminium_Toxicity,8.580926286119682,2194.0577691331277,0,No Payout,0.32,7.8,1.0,0.0,0.0,38.0,11.2,1.28,48.0,0.01200000000000001,438.4523981952544,70.48563009352115,587.0439182749795,0.751662319674065,474.9925801160625,7.641583341717855,817.5007755310404,67.63219869866045,3.7456312475447398,18,31,146.51107445357354,0.775,-0.4094317853450775,-0.5999096632003784,0.296453058719635,0.5143894553184509,-0.11339632421731949,-0.11340825259685516,0.11905470490455627,0.011642052792012691,-0.14638188481330872,0.19061347842216492,0.42442217469215393,0.17834866046905518,0.07455034554004669,-0.14225496351718903,0.08594279736280441,0.12387453019618988
Indore,Madhya Pradesh,2008,HSP70_Thermotolerant,Heat_Shock,7.245514982178027,2226.1076404277273,0,No Payout,0.85,7.8,1.0,0.0,0.0,38.0,11.2,1.28,48.0,0.01200000000000001,438.4523981952544,70.48563009352115,587.0439182749795,0.751662319674065,474.9925801160625,7.641583341717855,817.5007755310404,67.63219869866045,3.7456312475447398,18,31,146.51107445357354,0.775,-0.1781480759382248,-0.03567666932940483,0.004815968684852123,0.28925102949142456,0.2118031084537506,-0.06275853514671326,0.20612309873104095,-0.11461903154850006,-0.22532889246940613,-0.06398181617259979,0.082065150141716,0.05212364345788956,-0.17094039916992188,0.14735427498817444,0.1699899435043335,-0.22095514833927155
Indore,Madhya Pradesh,2008,HSP70_Sensitive,Heat_Shock,8.204033914902038,2203.1031860423514,0,No Payout,0.38,7.8,1.0,0.0,0.0,38.0,11.2,1.28,48.0,0.01200000000000001,438.4523981952544,70.48563009352115,587.0439182749795,0.751662319674065,474.9925801160625,7.641583341717855,817.5007755310404,67.63219869866045,3.7456312475447398,18,31,146.51107445357354,0.775,-0.20718370378017426,0.01853133924305439,0.09380441159009933,0.3055195212364197,0.16862349212169647,-0.09158311039209366,0.08950691670179367,-0.2243649810552597,-0.151502788066864,-0.10456757992506027,0.05769587308168411,-0.04112328216433525,-0.08085259795188904,0.1446770280599594,0.12276722490787506,-0.17694050073623657
Indore,Madhya Pradesh,2009,ALMT1_Tolerant,Aluminium_Toxicity,0.09179454986158325,2397.796930803322,0,No Payout,0.88,7.8,1.0,0.0,0.0,38.0,11.2,1.28,48.0,0.01200000000000001,425.07849883262514,1.895174680925988,565.6172997049871,96.64206488640345,480.3974406311229,27.686146801035804,818.6273663126104,0.0,2.3712126039179644,20,12,126.22338636836524,0.3,-0.4537000060081482,-0.571183443069458,0.2712506353855133,0.5567675828933716,-0.11112017929553986,-0.12277822941541672,0.14524847269058228,0.11068610101938248,-0.07873772084712982,0.1910332292318344,0.48777616024017334,0.18675024807453156,0.05086051672697067,-0.2221333533525467,0.16239656507968903,0.13685879111289978
Indore,Madhya Pradesh,2009,ALMT1_Sensitive,Aluminium_Toxicity,3.645605268217459,2312.505473562781,0,No Payout,0.32,7.8,1.0,0.0,0.0,38.0,11.2,1.28,48.0,0.01200000000000001,425.07849883262514,1.895174680925988,565.6172997049871,96.64206488640345,480.3974406311229,27.686146801035804,818.6273663126104,0.0,2.3712126039179644,20,12,126.22338636836524,0.3,-0.4094317853450775,-0.5999096632003784,0.296453058719635,0.5143894553184509,-0.11339632421731949,-0.11340825259685516,0.11905470490455627,0.011642052792012691,-0.14638188481330872,0.19061347842216492,0.42442217469215393,0.17834866046905518,0.07455034554004669,-0.14225496351718903,0.08594279736280441,0.12387453019618988
Indore,Madhya Pradesh,2009,HSP70_Thermotolerant,Heat_Shock,6.555170295454851,2242.6759129090838,0,No Payout,0.85,7.8,1.0,0.0,0.0,38.0,11.2,1.28,48.0,0.01200000000000001,425.07849883262514,1.895174680925988,565.6172997049871,96.64206488640345,480.3974406311229,27.686146801035804,818.6273663126104,0.0,2.3712126039179644,20,12,126.22338636836524,0.3,-0.1781480759382248,-0.03567666932940483,0.004815968684852123,0.28925102949142456,0.2118031084537506,-0.06275853514671326,0.20612309873104095,-0.11461903154850006,-0.22532889246940613,-0.06398181617259979,0.082065150141716,0.05212364345788956,-0.17094039916992188,0.14735427498817444,0.1699899435043335,-0.22095514833927155
Indore,Madhya Pradesh,2009,HSP70_Sensitive,Heat_Shock,2.172918760373508,2347.8499497510356,0,No Payout,0.38,7.8,1.0,0.0,0.0,38.0,11.2,1.28,48.0,0.01200000000000001,425.07849883262514,1.895174680925988,565.6172997049871,96.64206488640345,480.3974406311229,27.686146801035804,818.6273663126104,0.0,2.3712126039179644,20,12,126.22338636836524,0.3,-0.20718370378017426,0.01853133924305439,0.09380441159009933,0.3055195212364197,0.16862349212169647,-0.09158311039209366,0.08950691670179367,-0.2243649810552597,-0.151502788066864,-0.10456757992506027,0.05769587308168411,-0.04112328216433525,-0.08085259795188904,0.1446770280599594,0.12276722490787506,-0.17694050073623657
Indore,Madhya Pradesh,2010,ALMT1_Tolerant,Aluminium_Toxicity,8.661238015047033,2192.1302876388713,0,No Payout,0.88,7.8,1.0,0.0,0.0,38.0,11.2,1.28,48.0,0.01200000000000001,433.7172824538868,84.19768565097331,576.903504562985,80.0097284994782,498.52560627246186,46.9815358929267,891.5515618954928,27.434206105538166,26.52266898721049,31,13,238.6231561489164,0.325,-0.4537000060081482,-0.571183443069458,0.2712506353855133,0.5567675828933716,-0.11112017929553986,-0.12277822941541672,0.14524847269058228,0.11068610101938248,-0.07873772084712982,0.1910332292318344,0.48777616024017334,0.18675024807453156,0.05086051672697067,-0.2221333533525467,0.16239656507968903,0.13685879111289978
Indore,Madhya Pradesh,2010,ALMT1_Sensitive,Aluminium_Toxicity,6.77628761023352,2237.3690973543953,0,No Payout,0.32,7.8,1.0,0.0,0.0,38.0,11.2,1.28,48.0,0.01200000000000001,433.7172824538868,84.19768565097331,576.903504562985,80.0097284994782,498.52560627246186,46.9815358929267,891.5515618954928,27.434206105538166,26.52266898721049,31,13,238.6231561489164,0.325,-0.4094317853450775,-0.5999096632003784,0.296453058719635,0.5143894553184509,-0.11339632421731949,-0.11340825259685516,0.11905470490455627,0.011642052792012691,-0.14638188481330872,0.19061347842216492,0.42442217469215393,0.17834866046905518,0.07455034554004669,-0.14225496351718903,0.08594279736280441,0.12387453019618988
Indore,Madhya Pradesh,2010,HSP70_Thermotolerant,Heat_Shock,10.055244961227764,2158.6741209305337,0,No Payout,0.85,7.8,1.0,0.0,0.0,38.0,11.2,1.28,48.0,0.01200000000000001,433.7172824538868,84.19768565097331,576.903504562985,80.0097284994782,498.52560627246186,46.9815358929267,891.5515618954928,27.434206105538166,26.52266898721049,31,13,238.6231561489164,0.325,-0.1781480759382248,-0.03567666932940483,0.004815968684852123,0.28925102949142456,0.2118031084537506,-0.06275853514671326,0.20612309873104095,-0.11461903154850006,-0.22532889246940613,-0.06398181617259979,0.082065150141716,0.05212364345788956,-0.17094039916992188,0.14735427498817444,0.1699899435043335,-0.22095514833927155
Indore,Madhya Pradesh,2010,HSP70_Sensitive,Heat_Shock,12.230348242267883,2106.4716421855705,0,No Payout,0.38,7.8,1.0,0.0,0.0,38.0,11.2,1.28,48.0,0.01200000000000001,433.7172824538868,84.19768565097331,576.903504562985,80.0097284994782,498.52560627246186,46.9815358929267,891.5515618954928,27.434206105538166,26.52266898721049,31,13,238.6231561489164,0.325,-0.20718370378017426,0.01853133924305439,0.09380441159009933,0.3055195212364197,0.16862349212169647,-0.09158311039209366,0.08950691670179367,-0.2243649810552597,-0.151502788066864,-0.10456757992506027,0.05769587308168411,-0.04112328216433525,-0.08085259795188904,0.1446770280599594,0.12276722490787506,-0.17694050073623657
Indore,Madhya Pradesh,2011,ALMT1_Tolerant,Aluminium_Toxicity,3.3232659501715633,2320.2416171958826,0,No Payout,0.88,7.8,1.0,0.0,0.0,38.0,11.2,1.28,48.0,0.01200000000000001,427.1146436902554,41.29263198312802,572.0711350833503,38.52563078440379,488.8041715828679,0.0,819.3234162854651,45.21572112602475,5.6441215554808615,18,41,125.03398389355657,1.025,-0.4537000060081482,-0.571183443069458,0.2712506353855133,0.5567675828933716,-0.11112017929553986,-0.12277822941541672,0.14524847269058228,0.11068610101938248,-0.07873772084712982,0.1910332292318344,0.48777616024017334,0.18675024807453156,0.05086051672697067,-0.2221333533525467,0.16239656507968903,0.13685879111289978
Indore,Madhya Pradesh,2011,ALMT1_Sensitive,Aluminium_Toxicity,9.923942555432307,2161.8253786696246,0,No Payout,0.32,7.8,1.0,0.0,0.0,38.0,11.2,1.28,48.0,0.01200000000000001,427.1146436902554,41.29263198312802,572.0711350833503,38.52563078440379,488.8041715828679,0.0,819.3234162854651,45.21572112602475,5.6441215554808615,18,41,125.03398389355657,1.025,-0.4094317853450775,-0.5999096632003784,0.296453058719635,0.5143894553184509,-0.11339632421731949,-0.11340825259685516,0.11905470490455627,0.011642052792012691,-0.14638188481330872,0.19061347842216492,0.42442217469215393,0.17834866046905518,0.07455034554004669,-0.14225496351718903,0.08594279736280441,0.12387453019618988
Indore,Madhya Pradesh,2011,HSP70_Thermotolerant,Heat_Shock,0.0,2400.0,0,No Payout,0.85,7.8,1.0,0.0,0.0,38.0,11.2,1.28,48.0,0.01200000000000001,427.1146436902554,41.29263198312802,572.0711350833503,38.52563078440379,488.8041715828679,0.0,819.3234162854651,45.21572112602475,5.6441215554808615,18,41,125.03398389355657,1.025,-0.1781480759382248,-0.03567666932940483,0.004815968684852123,0.28925102949142456,0.2118031084537506,-0.06275853514671326,0.20612309873104095,-0.11461903154850006,-0.22532889246940613,-0.06398181617259979,0.082065150141716,0.05212364345788956,-0.17094039916992188,0.14735427498817444,0.1699899435043335,-0.22095514833927155
Indore,Madhya Pradesh,2011,HSP70_Sensitive,Heat_Shock,8.144794552809014,2204.524930732584,0,No Payout,0.38,7.8,1.0,0.0,0.0,38.0,11.2,1.28,48.0,0.01200000000000001,427.1146436902554,41.29263198312802,572.0711350833503,38.52563078440379,488.8041715828679,0.0,819.3234162854651,45.21572112602475,5.6441215554808615,18,41,125.03398389355657,1.025,-0.20718370378017426,0.01853133924305439,0.09380441159009933,0.3055195212364197,0.16862349212169647,-0.09158311039209366,0.08950691670179367,-0.2243649810552597,-0.151502788066864,-0.10456757992506027,0.05769587308168411,-0.04112328216433525,-0.08085259795188904,0.1446770280599594,0.12276722490787506,-0.17694050073623657
Indore,Madhya Pradesh,2012,ALMT1_Tolerant,Aluminium_Toxicity,3.6592138415531488,2312.1788678027247,0,No Payout,0.88,7.8,1.0,0.0,0.0,38.0,11.2,1.28,48.0,0.01200000000000001,424.3566795375402,3.994680982221384,573.4822445516453,17.936270535240837,467.4464085211017,22.80242620357062,824.9771902388918,24.82471132806007,4.289852508733841,18,13,69.5580890490929,0.325,-0.4537000060081482,-0.571183443069458,0.2712506353855133,0.5567675828933716,-0.11112017929553986,-0.12277822941541672,0.14524847269058228,0.11068610101938248,-0.07873772084712982,0.1910332292318344,0.48777616024017334,0.18675024807453156,0.05086051672697067,-0.2221333533525467,0.16239656507968903,0.13685879111289978
Indore,Madhya Pradesh,2012,ALMT1_Sensitive,Aluminium_Toxicity,3.4198103168956036,2317.9245523945056,0,No Payout,0.32,7.8,1.0,0.0,0.0,38.0,11.2,1.28,48.0,0.01200000000000001,424.3566795375402,3.994680982221384,573.4822445516453,17.936270535240837,467.4464085211017,22.80242620357062,824.9771902388918,24.82471132806007,4.289852508733841,18,13,69.5580890490929,0.325,-0.4094317853450775,-0.5999096632003784,0.296453058719635,0.5143894553184509,-0.11339632421731949,-0.11340825259685516,0.11905470490455627,0.011642052792012691,-0.14638188481330872,0.19061347842216492,0.42442217469215393,0.17834866046905518,0.07455034554004669,-0.14225496351718903,0.08594279736280441,0.12387453019618988
Indore,Madhya Pradesh,2012,HSP70_Thermotolerant,Heat_Shock,5.880938534840184,2258.8574751638357,0,No Payout,0.85,7.8,1.0,0.0,0.0,38.0,11.2,1.28,48.0,0.01200000000000001,424.3566795375402,3.994680982221384,573.4822445516453,17.936270535240837,467.4464085211017,22.80242620357062,824.9771902388918,24.82471132806007,4.289852508733841,18,13,69.5580890490929,0.325,-0.1781480759382248,-0.03567666932940483,0.004815968684852123,0.28925102949142456,0.2118031084537506,-0.06275853514671326,0.20612309873104095,-0.11461903154850006,-0.22532889246940613,-0.06398181617259979,0.082065150141716,0.05212364345788956,-0.17094039916992188,0.14735427498817444,0.1699899435043335,-0.22095514833927155
Indore,Madhya Pradesh,2012,HSP70_Sensitive,Heat_Shock,3.6754130334383546,2311.7900871974794,0,No Payout,0.38,7.8,1.0,0.0,0.0,38.0,11.2,1.28,48.0,0.01200000000000001,424.3566795375402,3.994680982221384,573.4822445516453,17.936270535240837,467.4464085211017,22.80242620357062,824.9771902388918,24.82471132806007,4.289852508733841,18,13,69.5580890490929,0.325,-0.20718370378017426,0.01853133924305439,0.09380441159009933,0.3055195212364197,0.16862349212169647,-0.09158311039209366,0.08950691670179367,-0.2243649810552597,-0.151502788066864,-0.10456757992506027,0.05769587308168411,-0.04112328216433525,-0.08085259795188904,0.1446770280599594,0.12276722490787506,-0.17694050073623657
Indore,Madhya Pradesh,2013,ALMT1_Tolerant,Aluminium_Toxicity,5.262044100441914,2273.710941589394,0,No Payout,0.88,7.8,1.0,0.0,0.0,38.0,11.2,1.28,48.0,0.01200000000000001,436.1575509300593,34.27352689723,580.9519583306678,14.877914513959166,485.10501683074483,34.29114224381854,826.9124486476669,3.468039925509344,0.3248842095029545,19,20,86.91062358051704,0.5,-0.4537000060081482,-0.571183443069458,0.2712506353855133,0.5567675828933716,-0.11112017929553986,-0.12277822941541672,0.14524847269058228,0.11068610101938248,-0.07873772084712982,0.1910332292318344,0.48777616024017334,0.18675024807453156,0.05086051672697067,-0.2221333533525467,0.16239656507968903,0.13685879111289978
Indore,Madhya Pradesh,2013,ALMT1_Sensitive,Aluminium_Toxicity,5.171610915794582,2275.8813380209303,0,No Payout,0.32,7.8,1.0,0.0,0.0,38.0,11.2,1.28,48.0,0.01200000000000001,436.1575509300593,34.27352689723,580.9519583306678,14.877914513959166,485.10501683074483,34.29114224381854,826.9124486476669,3.468039925509344,0.3248842095029545,19,20,86.91062358051704,0.5,-0.4094317853450775,-0.5999096632003784,0.296453058719635,0.5143894553184509,-0.11339632421731949,-0.11340825259685516,0.11905470490455627,0.011642052792012691,-0.14638188481330872,0.19061347842216492,0.42442217469215393,0.17834866046905518,0.07455034554004669,-0.14225496351718903,0.08594279736280441,0.12387453019618988
Indore,Madhya Pradesh,2013,HSP70_Thermotolerant,Heat_Shock,10.86249101428593,2139.3002156571374,0,No Payout,0.85,7.8,1.0,0.0,0.0,38.0,11.2,1.28,48.0,0.01200000000000001,436.1575509300593,34.27352689723,580.9519583306678,14.877914513959166,485.10501683074483,34.29114224381854,826.9124486476669,3.468039925509344,0.3248842095029545,19,20,86.91062358051704,0.5,-0.1781480759382248,-0.03567666932940483,0.004815968684852123,0.28925102949142456,0.2118031084537506,-0.06275853514671326,0.20612309873104095,-0.11461903154850006,-0.22532889246940613,-0.06398181617259979,0.082065150141716,0.05212364345788956,-0.17094039916992188,0.14735427498817444,0.1699899435043335,-0.22095514833927155
Indore,Madhya Pradesh,2013,HSP70_Sensitive,Heat_Shock,4.0403163301272755,2303.032408076945,0,No Payout,0.38,7.8,1.0,0.0,0.0,38.0,11.2,1.28,48.0,0.01200000000000001,436.1575509300593,34.27352689723,580.9519583306678,14.877914513959166,485.10501683074483,34.29114224381854,826.9124486476669,3.468039925509344,0.3248842095029545,19,20,86.91062358051704,0.5,-0.20718370378017426,0.01853133924305439,0.09380441159009933,0.3055195212364197,0.16862349212169647,-0.09158311039209366,0.08950691670179367,-0.2243649810552597,-0.151502788066864,-0.10456757992506027,0.05769587308168411,-0.04112328216433525,-0.08085259795188904,0.1446770280599594,0.12276722490787506,-0.17694050073623657
Indore,Madhya Pradesh,2014,ALMT1_Tolerant,Aluminium_Toxicity,2.2225929397371296,2346.657769446309,0,No Payout,0.88,7.8,1.0,0.0,0.0,38.0,11.2,1.28,48.0,0.01200000000000001,431.21977061498416,4.3268330288589585,580.646967740627,47.772861260386364,484.83344955218683,2.757354310456704,825.4079275667657,60.665190544476715,5.723834644560959,21,31,115.52223914417874,0.775,-0.4537000060081482,-0.571183443069458,0.2712506353855133,0.5567675828933716,-0.11112017929553986,-0.12277822941541672,0.14524847269058228,0.11068610101938248,-0.07873772084712982,0.1910332292318344,0.48777616024017334,0.18675024807453156,0.05086051672697067,-0.2221333533525467,0.16239656507968903,0.13685879111289978
Indore,Madhya Pradesh,2014,ALMT1_Sensitive,Aluminium_Toxicity,2.963768614099079,2328.869553261622,0,No Payout,0.32,7.8,1.0,0.0,0.0,38.0,11.2,1.28,48.0,0.01200000000000001,431.21977061498416,4.3268330288589585,580.646967740627,47.772861260386364,484.83344955218683,2.757354310456704,825.4079275667657,60.665190544476715,5.723834644560959,21,31,115.52223914417874,0.775,-0.4094317853450775,-0.5999096632003784,0.296453058719635,0.5143894553184509,-0.11339632421731949,-0.11340825259685516,0.11905470490455627,0.011642052792012691,-0.14638188481330872,0.19061347842216492,0.42442217469215393,0.17834866046905518,0.07455034554004669,-0.14225496351718903,0.08594279736280441,0.12387453019618988
Indore,Madhya Pradesh,2014,HSP70_Thermotolerant,Heat_Shock,0.0,2400.0,0,No Payout,0.85,7.8,1.0,0.0,0.0,38.0,11.2,1.28,48.0,0.01200000000000001,431.21977061498416,4.3268330288589585,580.646967740627,47.772861260386364,484.83344955218683,2.757354310456704,825.4079275667657,60.665190544476715,5.723834644560959,21,31,115.52223914417874,0.775,-0.1781480759382248,-0.03567666932940483,0.004815968684852123,0.28925102949142456,0.2118031084537506,-0.06275853514671326,0.20612309873104095,-0.11461903154850006,-0.22532889246940613,-0.06398181617259979,0.082065150141716,0.05212364345788956,-0.17094039916992188,0.14735427498817444,0.1699899435043335,-0.22095514833927155
Indore,Madhya Pradesh,2014,HSP70_Sensitive,Heat_Shock,8.986860150169054,2184.3153563959427,0,No Payout,0.38,7.8,1.0,0.0,0.0,38.0,11.2,1.28,48.0,0.01200000000000001,431.21977061498416,4.3268330288589585,580.646967740627,47.772861260386364,484.83344955218683,2.757354310456704,825.4079275667657,60.665190544476715,5.723834644560959,21,31,115.52223914417874,0.775,-0.20718370378017426,0.01853133924305439,0.09380441159009933,0.3055195212364197,0.16862349212169647,-0.09158311039209366,0.08950691670179367,-0.2243649810552597,-0.151502788066864,-0.10456757992506027,0.05769587308168411,-0.04112328216433525,-0.08085259795188904,0.1446770280599594,0.12276722490787506,-0.17694050073623657
Indore,Madhya Pradesh,2015,ALMT1_Tolerant,Aluminium_Toxicity,0.0,2400.0,0,No Payout,0.88,7.8,1.0,0.0,0.0,38.0,11.2,1.28,48.0,0.01200000000000001,431.42968218870766,24.458020433388715,579.9521692488624,9.714256451984273,488.0362713087828,13.239189212039207,807.2110149648288,25.62931969363158,6.77666843283075,19,15,73.04078579104377,0.375,-0.4537000060081482,-0.571183443069458,0.2712506353855133,0.5567675828933716,-0.11112017929553986,-0.12277822941541672,0.14524847269058228,0.11068610101938248,-0.07873772084712982,0.1910332292318344,0.48777616024017334,0.18675024807453156,0.05086051672697067,-0.2221333533525467,0.16239656507968903,0.13685879111289978
Indore,Madhya Pradesh,2015,ALMT1_Sensitive,Aluminium_Toxicity,11.12169207587081,2133.0793901791003,0,No Payout,0.32,7.8,1.0,0.0,0.0,38.0,11.2,1.28,48.0,0.01200000000000001,431.42968218870766,24.458020433388715,579.9521692488624,9.714256451984273,488.0362713087828,13.239189212039207,807.2110149648288,25.62931969363158,6.77666843283075,19,15,73.04078579104377,0.375,-0.4094317853450775,-0.5999096632003784,0.296453058719635,0.5143894553184509,-0.11339632421731949,-0.11340825259685516,0.11905470490455627,0.011642052792012691,-0.14638188481330872,0.19061347842216492,0.42442217469215393,0.17834866046905518,0.07455034554004669,-0.14225496351718903,0.08594279736280441,0.12387453019618988
Indore,Madhya Pradesh,2015,HSP70_Thermotolerant,Heat_Shock,5.1519155521545414,2276.354026748291,0,No Payout,0.85,7.8,1.0,0.0,0.0,38.0,11.2,1.28,48.0,0.01200000000000001,431.42968218870766,24.458020433388715,579.9521692488624,9.714256451984273,488.0362713087828,13.239189212039207,807.2110149648288,25.62931969363158,6.77666843283075,19,15,73.04078579104377,0.375,-0.1781480759382248,-0.03567666932940483,0.004815968684852123,0.28925102949142456,0.2118031084537506,-0.06275853514671326,0.20612309873104095,-0.11461903154850006,-0.22532889246940613,-0.06398181617259979,0.082065150141716,0.05212364345788956,-0.17094039916992188,0.14735427498817444,0.1699899435043335,-0.22095514833927155
Indore,Madhya Pradesh,2015,HSP70_Sensitive,Heat_Shock,4.654878583789699,2288.2829139890473,0,No Payout,0.38,7.8,1.0,0.0,0.0,38.0,11.2,1.28,48.0,0.01200000000000001,431.42968218870766,24.458020433388715,579.9521692488624,9.714256451984273,488.0362713087828,13.239189212039207,807.2110149648288,25.62931969363158,6.77666843283075,19,15,73.04078579104377,0.375,-0.20718370378017426,0.01853133924305439,0.09380441159009933,0.3055195212364197,0.16862349212169647,-0.09158311039209366,0.08950691670179367,-0.2243649810552597,-0.151502788066864,-0.10456757992506027,0.05769587308168411,-0.04112328216433525,-0.08085259795188904,0.1446770280599594,0.12276722490787506,-0.17694050073623657
Indore,Madhya Pradesh,2016,ALMT1_Tolerant,Aluminium_Toxicity,9.967132500146693,2160.7888199964796,0,No Payout,0.88,7.8,1.0,0.0,0.0,38.0,11.2,1.28,48.0,0.01200000000000001,418.04349656739595,80.44308369992473,590.0608015863788,13.690397096610441,500.4669604909526,85.05317765517874,887.3911565962526,41.88298021834095,28.371939222475106,31,13,221.06963867005487,0.325,-0.4537000060081482,-0.571183443069458,0.2712506353855133,0.5567675828933716,-0.11112017929553986,-0.12277822941541672,0.14524847269058228,0.11068610101938248,-0.07873772084712982,0.1910332292318344,0.48777616024017334,0.18675024807453156,0.05086051672697067,-0.2221333533525467,0.16239656507968903,0.13685879111289978
Indore,Madhya Pradesh,2016,ALMT1_Sensitive,Aluminium_Toxicity,12.590522663337852,2097.8274560798914,0,No Payout,0.32,7.8,1.0,0.0,0.0,38.0,11.2,1.28,48.0,0.01200000000000001,418.04349656739595,80.44308369992473,590.0608015863788,13.690397096610441,500.4669604909526,85.05317765517874,887.3911565962526,41.88298021834095,28.371939222475106,31,13,221.06963867005487,0.325,-0.4094317853450775,-0.5999096632003784,0.296453058719635,0.5143894553184509,-0.11339632421731949,-0.11340825259685516,0.11905470490455627,0.011642052792012691,-0.14638188481330872,0.19061347842216492,0.42442217469215393,0.17834866046905518,0.07455034554004669,-0.14225496351718903,0.08594279736280441,0.12387453019618988
Indore,Madhya Pradesh,2016,HSP70_Thermotolerant,Heat_Shock,3.7329511699855447,2310.409171920347,0,No Payout,0.85,7.8,1.0,0.0,0.0,38.0,11.2,1.28,48.0,0.01200000000000001,418.04349656739595,80.44308369992473,590.0608015863788,13.690397096610441,500.4669604909526,85.05317765517874,887.3911565962526,41.88298021834095,28.371939222475106,31,13,221.06963867005487,0.325,-0.1781480759382248,-0.03567666932940483,0.004815968684852123,0.28925102949142456,0.2118031084537506,-0.06275853514671326,0.20612309873104095,-0.11461903154850006,-0.22532889246940613,-0.06398181617259979,0.082065150141716,0.05212364345788956,-0.17094039916992188,0.14735427498817444,0.1699899435043335,-0.22095514833927155
Indore,Madhya Pradesh,2016,HSP70_Sensitive,Heat_Shock,13.037197793568552,2087.107252954355,0,No Payout,0.38,7.8,1.0,0.0,0.0,38.0,11.2,1.28,48.0,0.01200000000000001,418.04349656739595,80.44308369992473,590.0608015863788,13.690397096610441,500.4669604909526,85.05317765517874,887.3911565962526,41.88298021834095,28.371939222475106,31,13,221.06963867005487,0.325,-0.20718370378017426,0.01853133924305439,0.09380441159009933,0.3055195212364197,0.16862349212169647,-0.09158311039209366,0.08950691670179367,-0.2243649810552597,-0.151502788066864,-0.10456757992506027,0.05769587308168411,-0.04112328216433525,-0.08085259795188904,0.1446770280599594,0.12276722490787506,-0.17694050073623657
Indore,Madhya Pradesh,2017,ALMT1_Tolerant,Aluminium_Toxicity,4.214585573129826,2298.849946244884,0,No Payout,0.88,7.8,1.0,0.0,0.0,38.0,11.2,1.28,48.0,0.01200000000000001,424.49897541495375,62.50811173490487,561.7853339336274,17.598141820001615,491.17484790992967,0.0,811.277884709477,59.647450437856925,0.7940540314577902,15,38,139.7537039927634,0.95,-0.4537000060081482,-0.571183443069458,0.2712506353855133,0.5567675828933716,-0.11112017929553986,-0.12277822941541672,0.14524847269058228,0.11068610101938248,-0.07873772084712982,0.1910332292318344,0.48777616024017334,0.18675024807453156,0.05086051672697067,-0.2221333533525467,0.16239656507968903,0.13685879111289978
Indore,Madhya Pradesh,2017,ALMT1_Sensitive,Aluminium_Toxicity,3.762077685312928,2309.7101355524896,0,No Payout,0.32,7.8,1.0,0.0,0.0,38.0,11.2,1.28,48.0,0.01200000000000001,424.49897541495375,62.50811173490487,561.7853339336274,17.598141820001615,491.17484790992967,0.0,811.277884709477,59.647450437856925,0.7940540314577902,15,38,139.7537039927634,0.95,-0.4094317853450775,-0.5999096632003784,0.296453058719635,0.5143894553184509,-0.11339632421731949,-0.11340825259685516,0.11905470490455627,0.011642052792012691,-0.14638188481330872,0.19061347842216492,0.42442217469215393,0.17834866046905518,0.07455034554004669,-0.14225496351718903,0.08594279736280441,0.12387453019618988
Indore,Madhya Pradesh,2017,HSP70_Thermotolerant,Heat_Shock,1.8265502465865957,2356.1627940819217,0,No Payout,0.85,7.8,1.0,0.0,0.0,38.0,11.2,1.28,48.0,0.01200000000000001,424.49897541495375,62.50811173490487,561.7853339336274,17.598141820001615,491.17484790992967,0.0,811.277884709477,59.647450437856925,0.7940540314577902,15,38,139.7537039927634,0.95,-0.1781480759382248,-0.03567666932940483,0.004815968684852123,0.28925102949142456,0.2118031084537506,-0.06275853514671326,0.20612309873104095,-0.11461903154850006,-0.22532889246940613,-0.06398181617259979,0.082065150141716,0.05212364345788956,-0.17094039916992188,0.14735427498817444,0.1699899435043335,-0.22095514833927155
Indore,Madhya Pradesh,2017,HSP70_Sensitive,Heat_Shock,7.077515110369603,2230.1396373511297,0,No Payout,0.38,7.8,1.0,0.0,0.0,38.0,11.2,1.28,48.0,0.01200000000000001,424.49897541495375,62.50811173490487,561.7853339336274,17.598141820001615,491.17484790992967,0.0,811.277884709477,59.647450437856925,0.7940540314577902,15,38,139.7537039927634,0.95,-0.20718370378017426,0.01853133924305439,0.09380441159009933,0.3055195212364197,0.16862349212169647,-0.09158311039209366,0.08950691670179367,-0.2243649810552597,-0.151502788066864,-0.10456757992506027,0.05769587308168411,-0.04112328216433525,-0.08085259795188904,0.1446770280599594,0.12276722490787506,-0.17694050073623657
Indore,Madhya Pradesh,2018,ALMT1_Tolerant,Aluminium_Toxicity,0.0,2400.0,0,No Payout,0.88,7.8,1.0,0.0,0.0,38.0,11.2,1.28,48.0,0.01200000000000001,425.7903979506616,31.17389627966473,583.0908194621157,67.81538751032134,491.037322752836,35.5159467180234,813.586048202913,14.63208331893796,6.077184062597542,21,17,149.13731382694743,0.425,-0.4537000060081482,-0.571183443069458,0.2712506353855133,0.5567675828933716,-0.11112017929553986,-0.12277822941541672,0.14524847269058228,0.11068610101938248,-0.07873772084712982,0.1910332292318344,0.48777616024017334,0.18675024807453156,0.05086051672697067,-0.2221333533525467,0.16239656507968903,0.13685879111289978
Indore,Madhya Pradesh,2018,ALMT1_Sensitive,Aluminium_Toxicity,8.019360043396615,2207.535358958481,0,No Payout,0.32,7.8,1.0,0.0,0.0,38.0,11.2,1.28,48.0,0.01200000000000001,425.7903979506616,31.17389627966473,583.0908194621157,67.81538751032134,491.037322752836,35.5159467180234,813.586048202913,14.63208331893796,6.077184062597542,21,17,149.13731382694743,0.425,-0.4094317853450775,-0.5999096632003784,0.296453058719635,0.5143894553184509,-0.11339632421731949,-0.11340825259685516,0.11905470490455627,0.011642052792012691,-0.14638188481330872,0.19061347842216492,0.42442217469215393,0.17834866046905518,0.07455034554004669,-0.14225496351718903,0.08594279736280441,0.12387453019618988
Indore,Madhya Pradesh,2018,HSP70_Thermotolerant,Heat_Shock,4.685795644796096,2287.5409045248934,0,No Payout,0.85,7.8,1.0,0.0,0.0,38.0,11.2,1.28,48.0,0.01200000000000001,425.7903979506616,31.17389627966473,583.0908194621157,67.81538751032134,491.037322752836,35.5159467180234,813.586048202913,14.63208331893796,6.077184062597542,21,17,149.13731382694743,0.425,-0.1781480759382248,-0.03567666932940483,0.004815968684852123,0.28925102949142456,0.2118031084537506,-0.06275853514671326,0.20612309873104095,-0.11461903154850006,-0.22532889246940613,-0.06398181617259979,0.082065150141716,0.05212364345788956,-0.17094039916992188,0.14735427498817444,0.1699899435043335,-0.22095514833927155
Indore,Madhya Pradesh,2018,HSP70_Sensitive,Heat_Shock,0.0576021970756041,2398.6175472701857,0,No Payout,0.38,7.8,1.0,0.0,0.0,38.0,11.2,1.28,48.0,0.01200000000000001,425.7903979506616,31.17389627966473,583.0908194621157,67.81538751032134,491.037322752836,35.5159467180234,813.586048202913,14.63208331893796,6.077184062597542,21,17,149.13731382694743,0.425,-0.20718370378017426,0.01853133924305439,0.09380441159009933,0.3055195212364197,0.16862349212169647,-0.09158311039209366,0.08950691670179367,-0.2243649810552597,-0.151502788066864,-0.10456757992506027,0.05769587308168411,-0.04112328216433525,-0.08085259795188904,0.1446770280599594,0.12276722490787506,-0.17694050073623657
Indore,Madhya Pradesh,2019,ALMT1_Tolerant,Aluminium_Toxicity,5.528571627226208,2267.314280946571,0,No Payout,0.88,7.8,1.0,0.0,0.0,38.0,11.2,1.28,48.0,0.01200000000000001,432.8513022305813,54.2048281164114,579.8419485060932,65.72227467056062,481.6044264121704,36.586520459247915,815.1382377012228,1.9145014770042037,4.046622487410335,20,10,158.42812472322413,0.25,-0.4537000060081482,-0.571183443069458,0.2712506353855133,0.5567675828933716,-0.11112017929553986,-0.12277822941541672,0.14524847269058228,0.11068610101938248,-0.07873772084712982,0.1910332292318344,0.48777616024017334,0.18675024807453156,0.05086051672697067,-0.2221333533525467,0.16239656507968903,0.13685879111289978
Indore,Madhya Pradesh,2019,ALMT1_Sensitive,Aluminium_Toxicity,0.0,2400.0,0,No Payout,0.32,7.8,1.0,0.0,0.0,38.0,11.2,1.28,48.0,0.01200000000000001,432.8513022305813,54.2048281164114,579.8419485060932,65.72227467056062,481.6044264121704,36.586520459247915,815.1382377012228,1.9145014770042037,4.046622487410335,20,10,158.42812472322413,0.25,-0.4094317853450775,-0.5999096632003784,0.296453058719635,0.5143894553184509,-0.11339632421731949,-0.11340825259685516,0.11905470490455627,0.011642052792012691,-0.14638188481330872,0.19061347842216492,0.42442217469215393,0.17834866046905518,0.07455034554004669,-0.14225496351718903,0.08594279736280441,0.12387453019618988
Indore,Madhya Pradesh,2019,HSP70_Thermotolerant,Heat_Shock,5.257258068879633,2273.825806346889,0,No Payout,0.85,7.8,1.0,0.0,0.0,38.0,11.2,1.28,48.0,0.01200000000000001,432.8513022305813,54.2048281164114,579.8419485060932,65.72227467056062,481.6044264121704,36.586520459247915,815.1382377012228,1.9145014770042037,4.046622487410335,20,10,158.42812472322413,0.25,-0.1781480759382248,-0.03567666932940483,0.004815968684852123,0.28925102949142456,0.2118031084537506,-0.06275853514671326,0.20612309873104095,-0.11461903154850006,-0.22532889246940613,-0.06398181617259979,0.082065150141716,0.05212364345788956,-0.17094039916992188,0.14735427498817444,0.1699899435043335,-0.22095514833927155
Indore,Madhya Pradesh,2019,HSP70_Sensitive,Heat_Shock,6.957167823453175,2233.027972237124,0,No Payout,0.38,7.8,1.0,0.0,0.0,38.0,11.2,1.28,48.0,0.01200000000000001,432.8513022305813,54.2048281164114,579.8419485060932,65.72227467056062,481.6044264121704,36.586520459247915,815.1382377012228,1.9145014770042037,4.046622487410335,20,10,158.42812472322413,0.25,-0.20718370378017426,0.01853133924305439,0.09380441159009933,0.3055195212364197,0.16862349212169647,-0.09158311039209366,0.08950691670179367,-0.2243649810552597,-0.151502788066864,-0.10456757992506027,0.05769587308168411,-0.04112328216433525,-0.08085259795188904,0.1446770280599594,0.12276722490787506,-0.17694050073623657
Indore,Madhya Pradesh,2020,ALMT1_Tolerant,Aluminium_Toxicity,3.052710743442413,2326.734942157382,0,No Payout,0.88,7.8,1.0,0.0,0.0,38.0,11.2,1.28,48.0,0.01200000000000001,423.11364744489975,5.327635599316514,574.4532615755592,31.007590717661163,491.0896985648892,5.486182070110901,812.8758845105791,84.34605063198764,4.60111537622506,17,23,126.1674590190762,0.575,-0.4537000060081482,-0.571183443069458,0.2712506353855133,0.5567675828933716,-0.11112017929553986,-0.12277822941541672,0.14524847269058228,0.11068610101938248,-0.07873772084712982,0.1910332292318344,0.48777616024017334,0.18675024807453156,0.05086051672697067,-0.2221333533525467,0.16239656507968903,0.13685879111289978
Indore,Madhya Pradesh,2020,ALMT1_Sensitive,Aluminium_Toxicity,4.584808306699371,2289.964600639215,0,No Payout,0.32,7.8,1.0,0.0,0.0,38.0,11.2,1.28,48.0,0.01200000000000001,423.11364744489975,5.327635599316514,574.4532615755592,31.007590717661163,491.0896985648892,5.486182070110901,812.8758845105791,84.34605063198764,4.60111537622506,17,23,126.1674590190762,0.575,-0.4094317853450775,-0.5999096632003784,0.296453058719635,0.5143894553184509,-0.11339632421731949,-0.11340825259685516,0.11905470490455627,0.011642052792012691,-0.14638188481330872,0.19061347842216492,0.42442217469215393,0.17834866046905518,0.07455034554004669,-0.14225496351718903,0.08594279736280441,0.12387453019618988
Indore,Madhya Pradesh,2020,HSP70_Thermotolerant,Heat_Shock,2.5798889923642756,2338.0826641832573,0,No Payout,0.85,7.8,1.0,0.0,0.0,38.0,11.2,1.28,48.0,0.01200000000000001,423.11364744489975,5.327635599316514,574.4532615755592,31.007590717661163,491.0896985648892,5.486182070110901,812.8758845105791,84.34605063198764,4.60111537622506,17,23,126.1674590190762,0.575,-0.1781480759382248,-0.03567666932940483,0.004815968684852123,0.28925102949142456,0.2118031084537506,-0.06275853514671326,0.20612309873104095,-0.11461903154850006,-0.22532889246940613,-0.06398181617259979,0.082065150141716,0.05212364345788956,-0.17094039916992188,0.14735427498817444,0.1699899435043335,-0.22095514833927155
Indore,Madhya Pradesh,2020,HSP70_Sensitive,Heat_Shock,1.8260449917290908,2356.1749201985017,0,No Payout,0.38,7.8,1.0,0.0,0.0,38.0,11.2,1.28,48.0,0.01200000000000001,423.11364744489975,5.327635599316514,574.4532615755592,31.007590717661163,491.0896985648892,5.486182070110901,812.8758845105791,84.34605063198764,4.60111537622506,17,23,126.1674590190762,0.575,-0.20718370378017426,0.01853133924305439,0.09380441159009933,0.3055195212364197,0.16862349212169647,-0.09158311039209366,0.08950691670179367,-0.2243649810552597,-0.151502788066864,-0.10456757992506027,0.05769587308168411,-0.04112328216433525,-0.08085259795188904,0.1446770280599594,0.12276722490787506,-0.17694050073623657
Indore,Madhya Pradesh,2021,ALMT1_Tolerant,Aluminium_Toxicity,7.596707650157198,2217.6790163962273,0,No Payout,0.88,7.8,1.0,0.0,0.0,38.0,11.2,1.28,48.0,0.01200000000000001,430.93285566946906,41.27509627156818,579.3112798998537,4.236230458466559,485.69335970798346,29.886912680230203,885.5180329808168,18.935687718796828,9.813654032055059,31,28,94.33392712906178,0.7,-0.4537000060081482,-0.571183443069458,0.2712506353855133,0.5567675828933716,-0.11112017929553986,-0.12277822941541672,0.14524847269058228,0.11068610101938248,-0.07873772084712982,0.1910332292318344,0.48777616024017334,0.18675024807453156,0.05086051672697067,-0.2221333533525467,0.16239656507968903,0.13685879111289978
Indore,Madhya Pradesh,2021,ALMT1_Sensitive,Aluminium_Toxicity,12.370586987412914,2103.10591230209,0,No Payout,0.32,7.8,1.0,0.0,0.0,38.0,11.2,1.28,48.0,0.01200000000000001,430.93285566946906,41.27509627156818,579.3112798998537,4.236230458466559,485.69335970798346,29.886912680230203,885.5180329808168,18.935687718796828,9.813654032055059,31,28,94.33392712906178,0.7,-0.4094317853450775,-0.5999096632003784,0.296453058719635,0.5143894553184509,-0.11339632421731949,-0.11340825259685516,0.11905470490455627,0.011642052792012691,-0.14638188481330872,0.19061347842216492,0.42442217469215393,0.17834866046905518,0.07455034554004669,-0.14225496351718903,0.08594279736280441,0.12387453019618988
Indore,Madhya Pradesh,2021,HSP70_Thermotolerant,Heat_Shock,7.345509698828401,2223.7077672281184,0,No Payout,0.85,7.8,1.0,0.0,0.0,38.0,11.2,1.28,48.0,0.01200000000000001,430.93285566946906,41.27509627156818,579.3112798998537,4.236230458466559,485.69335970798346,29.886912680230203,885.5180329808168,18.935687718796828,9.813654032055059,31,28,94.33392712906178,0.7,-0.1781480759382248,-0.03567666932940483,0.004815968684852123,0.28925102949142456,0.2118031084537506,-0.06275853514671326,0.20612309873104095,-0.11461903154850006,-0.22532889246940613,-0.06398181617259979,0.082065150141716,0.05212364345788956,-0.17094039916992188,0.14735427498817444,0.1699899435043335,-0.22095514833927155
Indore,Madhya Pradesh,2021,HSP70_Sensitive,Heat_Shock,8.992321973902474,2184.1842726263408,0,No Payout,0.38,7.8,1.0,0.0,0.0,38.0,11.2,1.28,48.0,0.01200000000000001,430.93285566946906,41.27509627156818,579.3112798998537,4.236230458466559,485.69335970798346,29.886912680230203,885.5180329808168,18.935687718796828,9.813654032055059,31,28,94.33392712906178,0.7,-0.20718370378017426,0.01853133924305439,0.09380441159009933,0.3055195212364197,0.16862349212169647,-0.09158311039209366,0.08950691670179367,-0.2243649810552597,-0.151502788066864,-0.10456757992506027,0.05769587308168411,-0.04112328216433525,-0.08085259795188904,0.1446770280599594,0.12276722490787506,-0.17694050073623657
Indore,Madhya Pradesh,2022,ALMT1_Tolerant,Aluminium_Toxicity,7.8244168390254565,2212.213995863389,0,No Payout,0.88,7.8,1.0,0.0,0.0,38.0,11.2,1.28,48.0,0.01200000000000001,434.1607358469415,43.79965070796535,575.52978210089,70.90427265308934,487.65875721425283,3.429981493957818,878.4139742451316,20.322041376774678,16.365690481493683,32,30,138.45594623178715,0.75,-0.4537000060081482,-0.571183443069458,0.2712506353855133,0.5567675828933716,-0.11112017929553986,-0.12277822941541672,0.14524847269058228,0.11068610101938248,-0.07873772084712982,0.1910332292318344,0.48777616024017334,0.18675024807453156,0.05086051672697067,-0.2221333533525467,0.16239656507968903,0.13685879111289978
Indore,Madhya Pradesh,2022,ALMT1_Sensitive,Aluminium_Toxicity,10.632364411184358,2144.8232541315756,0,No Payout,0.32,7.8,1.0,0.0,0.0,38.0,11.2,1.28,48.0,0.01200000000000001,434.1607358469415,43.79965070796535,575.52978210089,70.90427265308934,487.65875721425283,3.429981493957818,878.4139742451316,20.322041376774678,16.365690481493683,32,30,138.45594623178715,0.75,-0.4094317853450775,-0.5999096632003784,0.296453058719635,0.5143894553184509,-0.11339632421731949,-0.11340825259685516,0.11905470490455627,0.011642052792012691,-0.14638188481330872,0.19061347842216492,0.42442217469215393,0.17834866046905518,0.07455034554004669,-0.14225496351718903,0.08594279736280441,0.12387453019618988
Indore,Madhya Pradesh,2022,HSP70_Thermotolerant,Heat_Shock,7.279207880561758,2225.299010866518,0,No Payout,0.85,7.8,1.0,0.0,0.0,38.0,11.2,1.28,48.0,0.01200000000000001,434.1607358469415,43.79965070796535,575.52978210089,70.90427265308934,487.65875721425283,3.429981493957818,878.4139742451316,20.322041376774678,16.365690481493683,32,30,138.45594623178715,0.75,-0.1781480759382248,-0.03567666932940483,0.004815968684852123,0.28925102949142456,0.2118031084537506,-0.06275853514671326,0.20612309873104095,-0.11461903154850006,-0.22532889246940613,-0.06398181617259979,0.082065150141716,0.05212364345788956,-0.17094039916992188,0.14735427498817444,0.1699899435043335,-0.22095514833927155
Indore,Madhya Pradesh,2022,HSP70_Sensitive,Heat_Shock,10.656307772553086,2144.248613458726,0,No Payout,0.38,7.8,1.0,0.0,0.0,38.0,11.2,1.28,48.0,0.01200000000000001,434.1607358469415,43.79965070796535,575.52978210089,70.90427265308934,487.65875721425283,3.429981493957818,878.4139742451316,20.322041376774678,16.365690481493683,32,30,138.45594623178715,0.75,-0.20718370378017426,0.01853133924305439,0.09380441159009933,0.3055195212364197,0.16862349212169647,-0.09158311039209366,0.08950691670179367,-0.2243649810552597,-0.151502788066864,-0.10456757992506027,0.05769587308168411,-0.04112328216433525,-0.08085259795188904,0.1446770280599594,0.12276722490787506,-0.17694050073623657
Indore,Madhya Pradesh,2023,ALMT1_Tolerant,Aluminium_Toxicity,5.211584706390374,2274.921967046631,0,No Payout,0.88,7.8,1.0,0.0,0.0,38.0,11.2,1.28,48.0,0.01200000000000001,438.92651186202795,13.630557916399995,586.7134352608341,31.27558175353016,483.5727416642688,32.0284311046061,833.8863648264695,31.018754145968305,5.170630045542975,22,23,107.95332492050457,0.575,-0.4537000060081482,-0.571183443069458,0.2712506353855133,0.5567675828933716,-0.11112017929553986,-0.12277822941541672,0.14524847269058228,0.11068610101938248,-0.07873772084712982,0.1910332292318344,0.48777616024017334,0.18675024807453156,0.05086051672697067,-0.2221333533525467,0.16239656507968903,0.13685879111289978
Indore,Madhya Pradesh,2023,ALMT1_Sensitive,Aluminium_Toxicity,2.152800742949691,2348.3327821692073,0,No Payout,0.32,7.8,1.0,0.0,0.0,38.0,11.2,1.28,48.0,0.01200000000000001,438.92651186202795,13.630557916399995,586.7134352608341,31.27558175353016,483.5727416642688,32.0284311046061,833.8863648264695,31.018754145968305,5.170630045542975,22,23,107.95332492050457,0.575,-0.4094317853450775,-0.5999096632003784,0.296453058719635,0.5143894553184509,-0.11339632421731949,-0.11340825259685516,0.11905470490455627,0.011642052792012691,-0.14638188481330872,0.19061347842216492,0.42442217469215393,0.17834866046905518,0.07455034554004669,-0.14225496351718903,0.08594279736280441,0.12387453019618988
Indore,Madhya Pradesh,2023,HSP70_Thermotolerant,Heat_Shock,5.987957936286483,2256.2890095291245,0,No Payout,0.85,7.8,1.0,0.0,0.0,38.0,11.2,1.28,48.0,0.01200000000000001,438.92651186202795,13.630557916399995,586.7134352608341,31.27558175353016,483.5727416642688,32.0284311046061,833.8863648264695,31.018754145968305,5.170630045542975,22,23,107.95332492050457,0.575,-0.1781480759382248,-0.03567666932940483,0.004815968684852123,0.28925102949142456,0.2118031084537506,-0.06275853514671326,0.20612309873104095,-0.11461903154850006,-0.22532889246940613,-0.06398181617259979,0.082065150141716,0.05212364345788956,-0.17094039916992188,0.14735427498817444,0.1699899435043335,-0.22095514833927155
Indore,Madhya Pradesh,2023,HSP70_Sensitive,Heat_Shock,8.993638132151672,2184.1526848283597,0,No Payout,0.38,7.8,1.0,0.0,0.0,38.0,11.2,1.28,48.0,0.01200000000000001,438.92651186202795,13.630557916399995,586.7134352608341,31.27558175353016,483.5727416642688,32.0284311046061,833.8863648264695,31.018754145968305,5.170630045542975,22,23,107.95332492050457,0.575,-0.20718370378017426,0.01853133924305439,0.09380441159009933,0.3055195212364197,0.16862349212169647,-0.09158311039209366,0.08950691670179367,-0.2243649810552597,-0.151502788066864,-0.10456757992506027,0.05769587308168411,-0.04112328216433525,-0.08085259795188904,0.1446770280599594,0.12276722490787506,-0.17694050073623657
Ludhiana,Punjab,2008,ALMT1_Tolerant,Aluminium_Toxicity,0.9515563749862229,3763.840857750524,0,No Payout,0.88,7.4,2.0,0.0,0.0,21.0,7.9,1.37,29.0,0.0915,410.4426447780694,26.96782525897944,555.3934097088602,78.16316041454049,464.054269798658,19.327178282989344,789.1636774257578,53.37547878281471,0.0,15,18,177.83364273932398,0.45,-0.4537000060081482,-0.571183443069458,0.2712506353855133,0.5567675828933716,-0.11112017929553986,-0.12277822941541672,0.14524847269058228,0.11068610101938248,-0.07873772084712982,0.1910332292318344,0.48777616024017334,0.18675024807453156,0.05086051672697067,-0.2221333533525467,0.16239656507968903,0.13685879111289978
Ludhiana,Punjab,2008,ALMT1_Sensitive,Aluminium_Toxicity,3.513251127829232,3666.4964571424894,0,No Payout,0.32,7.4,2.0,0.0,0.0,21.0,7.9,1.37,29.0,0.0915,410.4426447780694,26.96782525897944,555.3934097088602,78.16316041454049,464.054269798658,19.327178282989344,789.1636774257578,53.37547878281471,0.0,15,18,177.83364273932398,0.45,-0.4094317853450775,-0.5999096632003784,0.296453058719635,0.5143894553184509,-0.11339632421731949,-0.11340825259685516,0.11905470490455627,0.011642052792012691,-0.14638188481330872,0.19061347842216492,0.42442217469215393,0.17834866046905518,0.07455034554004669,-0.14225496351718903,0.08594279736280441,0.12387453019618988
Ludhiana,Punjab,2008,HSP70_Thermotolerant,Heat_Shock,6.79825616531026,3541.66626571821,0,No Payout,0.85,7.4,2.0,0.0,0.0,21.0,7.9,1.37,29.0,0.0915,410.4426447780694,26.96782525897944,555.3934097088602,78.16316041454049,464.054269798658,19.327178282989344,789.1636774257578,53.37547878281471,0.0,15,18,177.83364273932398,0.45,-0.1781480759382248,-0.03567666932940483,0.004815968684852123,0.28925102949142456,0.2118031084537506,-0.06275853514671326,0.20612309873104095,-0.11461903154850006,-0.22532889246940613,-0.06398181617259979,0.082065150141716,0.05212364345788956,-0.17094039916992188,0.14735427498817444,0.1699899435043335,-0.22095514833927155
Ludhiana,Punjab,2008,HSP70_Sensitive,Heat_Shock,4.861539047157408,3615.2615162080187,0,No Payout,0.38,7.4,2.0,0.0,0.0,21.0,7.9,1.37,29.0,0.0915,410.4426447780694,26.96782525897944,555.3934097088602,78.16316041454049,464.054269798658,19.327178282989344,789.1636774257578,53.37547878281471,0.0,15,18,177.83364273932398,0.45,-0.20718370378017426,0.01853133924305439,0.09380441159009933,0.3055195212364197,0.16862349212169647,-0.09158311039209366,0.08950691670179367,-0.2243649810552597,-0.151502788066864,-0.10456757992506027,0.05769587308168411,-0.04112328216433525,-0.08085259795188904,0.1446770280599594,0.12276722490787506,-0.17694050073623657
Ludhiana,Punjab,2009,ALMT1_Tolerant,Aluminium_Toxicity,0.0,3800.0,0,No Payout,0.88,7.4,2.0,0.0,0.0,21.0,7.9,1.37,29.0,0.0915,396.2657743727618,1.051414352591617,542.0911057285098,24.046337846271456,455.0844324654895,50.822090355635645,788.2279543017779,4.142738959370242,0.0,11,9,80.06258151386896,0.225,-0.4537000060081482,-0.571183443069458,0.2712506353855133,0.5567675828933716,-0.11112017929553986,-0.12277822941541672,0.14524847269058228,0.11068610101938248,-0.07873772084712982,0.1910332292318344,0.48777616024017334,0.18675024807453156,0.05086051672697067,-0.2221333533525467,0.16239656507968903,0.13685879111289978
Ludhiana,Punjab,2009,ALMT1_Sensitive,Aluminium_Toxicity,0.1572978509749693,3794.022681662951,0,No Payout,0.32,7.4,2.0,0.0,0.0,21.0,7.9,1.37,29.0,0.0915,396.2657743727618,1.051414352591617,542.0911057285098,24.046337846271456,455.0844324654895,50.822090355635645,788.2279543017779,4.142738959370242,0.0,11,9,80.06258151386896,0.225,-0.4094317853450775,-0.5999096632003784,0.296453058719635,0.5143894553184509,-0.11339632421731949,-0.11340825259685516,0.11905470490455627,0.011642052792012691,-0.14638188481330872,0.19061347842216492,0.42442217469215393,0.17834866046905518,0.07455034554004669,-0.14225496351718903,0.08594279736280441,0.12387453019618988
Ludhiana,Punjab,2009,HSP70_Thermotolerant,Heat_Shock,0.0,3800.0,0,No Payout,0.85,7.4,2.0,0.0,0.0,21.0,7.9,1.37,29.0,0.0915,396.2657743727618,1.051414352591617,542.0911057285098,24.046337846271456,455.0844324654895,50.822090355635645,788.2279543017779,4.142738959370242,0.0,11,9,80.06258151386896,0.225,-0.1781480759382248,-0.03567666932940483,0.004815968684852123,0.28925102949142456,0.2118031084537506,-0.06275853514671326,0.20612309873104095,-0.11461903154850006,-0.22532889246940613,-0.06398181617259979,0.082065150141716,0.05212364345788956,-0.17094039916992188,0.14735427498817444,0.1699899435043335,-0.22095514833927155
Ludhiana,Punjab,2009,HSP70_Sensitive,Heat_Shock,1.29670195467517,3750.7253257223433,0,No Payout,0.38,7.4,2.0,0.0,0.0,21.0,7.9,1.37,29.0,0.0915,396.2657743727618,1.051414352591617,542.0911057285098,24.046337846271456,455.0844324654895,50.822090355635645,788.2279543017779,4.142738959370242,0.0,11,9,80.06258151386896,0.225,-0.20718370378017426,0.01853133924305439,0.09380441159009933,0.3055195212364197,0.16862349212169647,-0.09158311039209366,0.08950691670179367,-0.2243649810552597,-0.151502788066864,-0.10456757992506027,0.05769587308168411,-0.04112328216433525,-0.08085259795188904,0.1446770280599594,0.12276722490787506,-0.17694050073623657
Ludhiana,Punjab,2010,ALMT1_Tolerant,Aluminium_Toxicity,5.626923389893492,3586.176911184047,0,No Payout,0.88,7.4,2.0,0.0,0.0,21.0,7.9,1.37,29.0,0.0915,415.5937045993005,59.77113346897082,547.3936530241442,126.83400387319371,480.8491087942603,126.55449436899315,862.2939505909367,14.073573977528717,14.16419457371488,23,9,327.2332056886864,0.225,-0.4537000060081482,-0.571183443069458,0.2712506353855133,0.5567675828933716,-0.11112017929553986,-0.12277822941541672,0.14524847269058228,0.11068610101938248,-0.07873772084712982,0.1910332292318344,0.48777616024017334,0.18675024807453156,0.05086051672697067,-0.2221333533525467,0.16239656507968903,0.13685879111289978
Ludhiana,Punjab,2010,ALMT1_Sensitive,Aluminium_Toxicity,6.060550023589838,3569.699099103586,0,No Payout,0.32,7.4,2.0,0.0,0.0,21.0,7.9,1.37,29.0,0.0915,415.5937045993005,59.77113346897082,547.3936530241442,126.83400387319371,480.8491087942603,126.55449436899315,862.2939505909367,14.073573977528717,14.16419457371488,23,9,327.2332056886864,0.225,-0.4094317853450775,-0.5999096632003784,0.296453058719635,0.5143894553184509,-0.11339632421731949,-0.11340825259685516,0.11905470490455627,0.011642052792012691,-0.14638188481330872,0.19061347842216492,0.42442217469215393,0.17834866046905518,0.07455034554004669,-0.14225496351718903,0.08594279736280441,0.12387453019618988
Ludhiana,Punjab,2010,HSP70_Thermotolerant,Heat_Shock,9.410808800933413,3442.3892655645304,0,No Payout,0.85,7.4,2.0,0.0,0.0,21.0,7.9,1.37,29.0,0.0915,415.5937045993005,59.77113346897082,547.3936530241442,126.83400387319371,480.8491087942603,126.55449436899315,862.2939505909367,14.073573977528717,14.16419457371488,23,9,327.2332056886864,0.225,-0.1781480759382248,-0.03567666932940483,0.004815968684852123,0.28925102949142456,0.2118031084537506,-0.06275853514671326,0.20612309873104095,-0.11461903154850006,-0.22532889246940613,-0.06398181617259979,0.082065150141716,0.05212364345788956,-0.17094039916992188,0.14735427498817444,0.1699899435043335,-0.22095514833927155
Ludhiana,Punjab,2010,HSP70_Sensitive,Heat_Shock,9.373507706955278,3443.8067071356995,0,No Payout,0.38,7.4,2.0,0.0,0.0,21.0,7.9,1.37,29.0,0.0915,415.5937045993005,59.77113346897082,547.3936530241442,126.83400387319371,480.8491087942603,126.55449436899315,862.2939505909367,14.073573977528717,14.16419457371488,23,9,327.2332056886864,0.225,-0.20718370378017426,0.01853133924305439,0.09380441159009933,0.3055195212364197,0.16862349212169647,-0.09158311039209366,0.08950691670179367,-0.2243649810552597,-0.151502788066864,-0.10456757992506027,0.05769587308168411,-0.04112328216433525,-0.08085259795188904,0.1446770280599594,0.12276722490787506,-0.17694050073623657
Ludhiana,Punjab,2011,ALMT1_Tolerant,Aluminium_Toxicity,2.3154666322643953,3712.012267973953,0,No Payout,0.88,7.4,2.0,0.0,0.0,21.0,7.9,1.37,29.0,0.0915,396.34619463580793,18.540167126898584,557.1689800471495,31.507175686146308,460.26673353396706,27.72787721110467,792.8996046323912,64.4479646798755,0.054424369373158754,11,12,142.22318470402504,0.3,-0.4537000060081482,-0.571183443069458,0.2712506353855133,0.5567675828933716,-0.11112017929553986,-0.12277822941541672,0.14524847269058228,0.11068610101938248,-0.07873772084712982,0.1910332292318344,0.48777616024017334,0.18675024807453156,0.05086051672697067,-0.2221333533525467,0.16239656507968903,0.13685879111289978
Ludhiana,Punjab,2011,ALMT1_Sensitive,Aluminium_Toxicity,6.686572617799119,3545.910240523633,0,No Payout,0.32,7.4,2.0,0.0,0.0,21.0,7.9,1.37,29.0,0.0915,396.34619463580793,18.540167126898584,557.1689800471495,31.507175686146308,460.26673353396706,27.72787721110467,792.8996046323912,64.4479646798755,0.054424369373158754,11,12,142.22318470402504,0.3,-0.4094317853450775,-0.5999096632003784,0.296453058719635,0.5143894553184509,-0.11339632421731949,-0.11340825259685516,0.11905470490455627,0.011642052792012691,-0.14638188481330872,0.19061347842216492,0.42442217469215393,0.17834866046905518,0.07455034554004669,-0.14225496351718903,0.08594279736280441,0.12387453019618988
Ludhiana,Punjab,2011,HSP70_Thermotolerant,Heat_Shock,3.832375175016799,3654.3697433493617,0,No Payout,0.85,7.4,2.0,0.0,0.0,21.0,7.9,1.37,29.0,0.0915,396.34619463580793,18.540167126898584,557.1689800471495,31.507175686146308,460.26673353396706,27.72787721110467,792.8996046323912,64.4479646798755,0.054424369373158754,11,12,142.22318470402504,0.3,-0.1781480759382248,-0.03567666932940483,0.004815968684852123,0.28925102949142456,0.2118031084537506,-0.06275853514671326,0.20612309873104095,-0.11461903154850006,-0.22532889246940613,-0.06398181617259979,0.082065150141716,0.05212364345788956,-0.17094039916992188,0.14735427498817444,0.1699899435043335,-0.22095514833927155
Ludhiana,Punjab,2011,HSP70_Sensitive,Heat_Shock,2.308371974042364,3712.2818649863902,0,No Payout,0.38,7.4,2.0,0.0,0.0,21.0,7.9,1.37,29.0,0.0915,396.34619463580793,18.540167126898584,557.1689800471495,31.507175686146308,460.26673353396706,27.72787721110467,792.8996046323912,64.4479646798755,0.054424369373158754,11,12,142.22318470402504,0.3,-0.20718370378017426,0.01853133924305439,0.09380441159009933,0.3055195212364197,0.16862349212169647,-0.09158311039209366,0.08950691670179367,-0.2243649810552597,-0.151502788066864,-0.10456757992506027,0.05769587308168411,-0.04112328216433525,-0.08085259795188904,0.1446770280599594,0.12276722490787506,-0.17694050073623657
Ludhiana,Punjab,2012,ALMT1_Tolerant,Aluminium_Toxicity,4.7117541433092205,3620.9533425542495,0,No Payout,0.88,7.4,2.0,0.0,0.0,21.0,7.9,1.37,29.0,0.0915,418.5685886561861,53.27829663697558,553.1097632253335,97.38121242621526,448.7794448371185,39.471393534952384,801.6018558163607,92.10664624936402,1.0123061092581231,13,28,282.23754884750724,0.7,-0.4537000060081482,-0.571183443069458,0.2712506353855133,0.5567675828933716,-0.11112017929553986,-0.12277822941541672,0.14524847269058228,0.11068610101938248,-0.07873772084712982,0.1910332292318344,0.48777616024017334,0.18675024807453156,0.05086051672697067,-0.2221333533525467,0.16239656507968903,0.13685879111289978
Ludhiana,Punjab,2012,ALMT1_Sensitive,Aluminium_Toxicity,1.6256799583279722,3738.224161583537,0,No Payout,0.32,7.4,2.0,0.0,0.0,21.0,7.9,1.37,29.0,0.0915,418.5685886561861,53.27829663697558,553.1097632253335,97.38121242621526,448.7794448371185,39.471393534952384,801.6018558163607,92.10664624936402,1.0123061092581231,13,28,282.23754884750724,0.7,-0.4094317853450775,-0.5999096632003784,0.296453058719635,0.5143894553184509,-0.11339632421731949,-0.11340825259685516,0.11905470490455627,0.011642052792012691,-0.14638188481330872,0.19061347842216492,0.42442217469215393,0.17834866046905518,0.07455034554004669,-0.14225496351718903,0.08594279736280441,0.12387453019618988
Ludhiana,Punjab,2012,HSP70_Thermotolerant,Heat_Shock,1.1637324772713575,3755.778165863688,0,No Payout,0.85,7.4,2.0,0.0,0.0,21.0,7.9,1.37,29.0,0.0915,418.5685886561861,53.27829663697558,553.1097632253335,97.38121242621526,448.7794448371185,39.471393534952384,801.6018558163607,92.10664624936402,1.0123061092581231,13,28,282.23754884750724,0.7,-0.1781480759382248,-0.03567666932940483,0.004815968684852123,0.28925102949142456,0.2118031084537506,-0.06275853514671326,0.20612309873104095,-0.11461903154850006,-0.22532889246940613,-0.06398181617259979,0.082065150141716,0.05212364345788956,-0.17094039916992188,0.14735427498817444,0.1699899435043335,-0.22095514833927155
Ludhiana,Punjab,2012,HSP70_Sensitive,Heat_Shock,2.3047752693579766,3712.418539764397,0,No Payout,0.38,7.4,2.0,0.0,0.0,21.0,7.9,1.37,29.0,0.0915,418.5685886561861,53.27829663697558,553.1097632253335,97.38121242621526,448.7794448371185,39.471393534952384,801.6018558163607,92.10664624936402,1.0123061092581231,13,28,282.23754884750724,0.7,-0.20718370378017426,0.01853133924305439,0.09380441159009933,0.3055195212364197,0.16862349212169647,-0.09158311039209366,0.08950691670179367,-0.2243649810552597,-0.151502788066864,-0.10456757992506027,0.05769587308168411,-0.04112328216433525,-0.08085259795188904,0.1446770280599594,0.12276722490787506,-0.17694050073623657
Ludhiana,Punjab,2013,ALMT1_Tolerant,Aluminium_Toxicity,2.626652087448261,3700.1872206769663,0,No Payout,0.88,7.4,2.0,0.0,0.0,21.0,7.9,1.37,29.0,0.0915,409.49008975733585,8.949696761737332,537.2996781988156,42.19323710978007,461.2064898638304,23.891748834646833,794.7024938351951,69.04256833576706,1.0075603578440813,14,12,144.07725104193128,0.3,-0.4537000060081482,-0.571183443069458,0.2712506353855133,0.5567675828933716,-0.11112017929553986,-0.12277822941541672,0.14524847269058228,0.11068610101938248,-0.07873772084712982,0.1910332292318344,0.48777616024017334,0.18675024807453156,0.05086051672697067,-0.2221333533525467,0.16239656507968903,0.13685879111289978
Ludhiana,Punjab,2013,ALMT1_Sensitive,Aluminium_Toxicity,3.92667481954021,3650.786356857472,0,No Payout,0.32,7.4,2.0,0.0,0.0,21.0,7.9,1.37,29.0,0.0915,409.49008975733585,8.949696761737332,537.2996781988156,42.19323710978007,461.2064898638304,23.891748834646833,794.7024938351951,69.04256833576706,1.0075603578440813,14,12,144.07725104193128,0.3,-0.4094317853450775,-0.5999096632003784,0.296453058719635,0.5143894553184509,-0.11339632421731949,-0.11340825259685516,0.11905470490455627,0.011642052792012691,-0.14638188481330872,0.19061347842216492,0.42442217469215393,0.17834866046905518,0.07455034554004669,-0.14225496351718903,0.08594279736280441,0.12387453019618988
Ludhiana,Punjab,2013,HSP70_Thermotolerant,Heat_Shock,0.35578060605018225,3786.480336970093,0,No Payout,0.85,7.4,2.0,0.0,0.0,21.0,7.9,1.37,29.0,0.0915,409.49008975733585,8.949696761737332,537.2996781988156,42.19323710978007,461.2064898638304,23.891748834646833,794.7024938351951,69.04256833576706,1.0075603578440813,14,12,144.07725104193128,0.3,-0.1781480759382248,-0.03567666932940483,0.004815968684852123,0.28925102949142456,0.2118031084537506,-0.06275853514671326,0.20612309873104095,-0.11461903154850006,-0.22532889246940613,-0.06398181617259979,0.082065150141716,0.05212364345788956,-0.17094039916992188,0.14735427498817444,0.1699899435043335,-0.22095514833927155
Ludhiana,Punjab,2013,HSP70_Sensitive,Heat_Shock,4.33895148435843,3635.1198435943797,0,No Payout,0.38,7.4,2.0,0.0,0.0,21.0,7.9,1.37,29.0,0.0915,409.49008975733585,8.949696761737332,537.2996781988156,42.19323710978007,461.2064898638304,23.891748834646833,794.7024938351951,69.04256833576706,1.0075603578440813,14,12,144.07725104193128,0.3,-0.20718370378017426,0.01853133924305439,0.09380441159009933,0.3055195212364197,0.16862349212169647,-0.09158311039209366,0.08950691670179367,-0.2243649810552597,-0.151502788066864,-0.10456757992506027,0.05769587308168411,-0.04112328216433525,-0.08085259795188904,0.1446770280599594,0.12276722490787506,-0.17694050073623657
Ludhiana,Punjab,2014,ALMT1_Tolerant,Aluminium_Toxicity,3.5081110222128022,3666.6917811559138,0,No Payout,0.88,7.4,2.0,0.0,0.0,21.0,7.9,1.37,29.0,0.0915,409.2957832394522,25.940889813495275,557.4556522642539,162.57047028396758,459.1796917310887,13.784214659722995,794.0550506030718,25.96125728128783,0.5834467930651321,15,21,228.2568320384737,0.525,-0.4537000060081482,-0.571183443069458,0.2712506353855133,0.5567675828933716,-0.11112017929553986,-0.12277822941541672,0.14524847269058228,0.11068610101938248,-0.07873772084712982,0.1910332292318344,0.48777616024017334,0.18675024807453156,0.05086051672697067,-0.2221333533525467,0.16239656507968903,0.13685879111289978
Ludhiana,Punjab,2014,ALMT1_Sensitive,Aluminium_Toxicity,8.937551683063939,3460.37303604357,0,No Payout,0.32,7.4,2.0,0.0,0.0,21.0,7.9,1.37,29.0,0.0915,409.2957832394522,25.940889813495275,557.4556522642539,162.57047028396758,459.1796917310887,13.784214659722995,794.0550506030718,25.96125728128783,0.5834467930651321,15,21,228.2568320384737,0.525,-0.4094317853450775,-0.5999096632003784,0.296453058719635,0.5143894553184509,-0.11339632421731949,-0.11340825259685516,0.11905470490455627,0.011642052792012691,-0.14638188481330872,0.19061347842216492,0.42442217469215393,0.17834866046905518,0.07455034554004669,-0.14225496351718903,0.08594279736280441,0.12387453019618988
Ludhiana,Punjab,2014,HSP70_Thermotolerant,Heat_Shock,5.869539276856366,3576.9575074794584,0,No Payout,0.85,7.4,2.0,0.0,0.0,21.0,7.9,1.37,29.0,0.0915,409.2957832394522,25.940889813495275,557.4556522642539,162.57047028396758,459.1796917310887,13.784214659722995,794.0550506030718,25.96125728128783,0.5834467930651321,15,21,228.2568320384737,0.525,-0.1781480759382248,-0.03567666932940483,0.004815968684852123,0.28925102949142456,0.2118031084537506,-0.06275853514671326,0.20612309873104095,-0.11461903154850006,-0.22532889246940613,-0.06398181617259979,0.082065150141716,0.05212364345788956,-0.17094039916992188,0.14735427498817444,0.1699899435043335,-0.22095514833927155
Ludhiana,Punjab,2014,HSP70_Sensitive,Heat_Shock,4.2267405793595545,3639.383857984337,0,No Payout,0.38,7.4,2.0,0.0,0.0,21.0,7.9,1.37,29.0,0.0915,409.2957832394522,25.940889813495275,557.4556522642539,162.57047028396758,459.1796917310887,13.784214659722995,794.0550506030718,25.96125728128783,0.5834467930651321,15,21,228.2568320384737,0.525,-0.20718370378017426,0.01853133924305439,0.09380441159009933,0.3055195212364197,0.16862349212169647,-0.09158311039209366,0.08950691670179367,-0.2243649810552597,-0.151502788066864,-0.10456757992506027,0.05769587308168411,-0.04112328216433525,-0.08085259795188904,0.1446770280599594,0.12276722490787506,-0.17694050073623657
Ludhiana,Punjab,2015,ALMT1_Tolerant,Aluminium_Toxicity,0.0,3800.0,0,No Payout,0.88,7.4,2.0,0.0,0.0,21.0,7.9,1.37,29.0,0.0915,408.93992692015235,55.560669714796575,534.0276471490996,175.55225700594798,464.34389063314586,28.614221809053465,776.2439352903134,27.57966729525222,0.0,10,23,287.30681582505025,0.575,-0.4537000060081482,-0.571183443069458,0.2712506353855133,0.5567675828933716,-0.11112017929553986,-0.12277822941541672,0.14524847269058228,0.11068610101938248,-0.07873772084712982,0.1910332292318344,0.48777616024017334,0.18675024807453156,0.05086051672697067,-0.2221333533525467,0.16239656507968903,0.13685879111289978
Ludhiana,Punjab,2015,ALMT1_Sensitive,Aluminium_Toxicity,0.0,3800.0,0,No Payout,0.32,7.4,2.0,0.0,0.0,21.0,7.9,1.37,29.0,0.0915,408.93992692015235,55.560669714796575,534.0276471490996,175.55225700594798,464.34389063314586,28.614221809053465,776.2439352903134,27.57966729525222,0.0,10,23,287.30681582505025,0.575,-0.4094317853450775,-0.5999096632003784,0.296453058719635,0.5143894553184509,-0.11339632421731949,-0.11340825259685516,0.11905470490455627,0.011642052792012691,-0.14638188481330872,0.19061347842216492,0.42442217469215393,0.17834866046905518,0.07455034554004669,-0.14225496351718903,0.08594279736280441,0.12387453019618988
Ludhiana,Punjab,2015,HSP70_Thermotolerant,Heat_Shock,3.107319092923862,3681.9218744688933,0,No Payout,0.85,7.4,2.0,0.0,0.0,21.0,7.9,1.37,29.0,0.0915,408.93992692015235,55.560669714796575,534.0276471490996,175.55225700594798,464.34389063314586,28.614221809053465,776.2439352903134,27.57966729525222,0.0,10,23,287.30681582505025,0.575,-0.1781480759382248,-0.03567666932940483,0.004815968684852123,0.28925102949142456,0.2118031084537506,-0.06275853514671326,0.20612309873104095,-0.11461903154850006,-0.22532889246940613,-0.06398181617259979,0.082065150141716,0.05212364345788956,-0.17094039916992188,0.14735427498817444,0.1699899435043335,-0.22095514833927155
Ludhiana,Punjab,2015,HSP70_Sensitive,Heat_Shock,7.897082714040514,3499.9108568664606,0,No Payout,0.38,7.4,2.0,0.0,0.0,21.0,7.9,1.37,29.0,0.0915,408.93992692015235,55.560669714796575,534.0276471490996,175.55225700594798,464.34389063314586,28.614221809053465,776.2439352903134,27.57966729525222,0.0,10,23,287.30681582505025,0.575,-0.20718370378017426,0.01853133924305439,0.09380441159009933,0.3055195212364197,0.16862349212169647,-0.09158311039209366,0.08950691670179367,-0.2243649810552597,-0.151502788066864,-0.10456757992506027,0.05769587308168411,-0.04112328216433525,-0.08085259795188904,0.1446770280599594,0.12276722490787506,-0.17694050073623657
Ludhiana,Punjab,2016,ALMT1_Tolerant,Aluminium_Toxicity,5.644453509624959,3585.5107666342515,0,No Payout,0.88,7.4,2.0,0.0,0.0,21.0,7.9,1.37,29.0,0.0915,404.7914363869463,51.06057642004417,543.7418879735758,144.9251888186306,475.8214808841491,46.62448864072984,846.5609820033261,59.50321662014451,5.062834669263914,29,19,302.1134704995491,0.475,-0.4537000060081482,-0.571183443069458,0.2712506353855133,0.5567675828933716,-0.11112017929553986,-0.12277822941541672,0.14524847269058228,0.11068610101938248,-0.07873772084712982,0.1910332292318344,0.48777616024017334,0.18675024807453156,0.05086051672697067,-0.2221333533525467,0.16239656507968903,0.13685879111289978
Ludhiana,Punjab,2016,ALMT1_Sensitive,Aluminium_Toxicity,6.786782917732421,3542.102249126168,0,No Payout,0.32,7.4,2.0,0.0,0.0,21.0,7.9,1.37,29.0,0.0915,404.7914363869463,51.06057642004417,543.7418879735758,144.9251888186306,475.8214808841491,46.62448864072984,846.5609820033261,59.50321662014451,5.062834669263914,29,19,302.1134704995491,0.475,-0.4094317853450775,-0.5999096632003784,0.296453058719635,0.5143894553184509,-0.11339632421731949,-0.11340825259685516,0.11905470490455627,0.011642052792012691,-0.14638188481330872,0.19061347842216492,0.42442217469215393,0.17834866046905518,0.07455034554004669,-0.14225496351718903,0.08594279736280441,0.12387453019618988
Ludhiana,Punjab,2016,HSP70_Thermotolerant,Heat_Shock,0.27237656286342865,3789.6496906111897,0,No Payout,0.85,7.4,2.0,0.0,0.0,21.0,7.9,1.37,29.0,0.0915,404.7914363869463,51.06057642004417,543.7418879735758,144.9251888186306,475.8214808841491,46.62448864072984,846.5609820033261,59.50321662014451,5.062834669263914,29,19,302.1134704995491,0.475,-0.1781480759382248,-0.03567666932940483,0.004815968684852123,0.28925102949142456,0.2118031084537506,-0.06275853514671326,0.20612309873104095,-0.11461903154850006,-0.22532889246940613,-0.06398181617259979,0.082065150141716,0.05212364345788956,-0.17094039916992188,0.14735427498817444,0.1699899435043335,-0.22095514833927155
Ludhiana,Punjab,2016,HSP70_Sensitive,Heat_Shock,0.7513501641430408,3771.4486937625647,0,No Payout,0.38,7.4,2.0,0.0,0.0,21.0,7.9,1.37,29.0,0.0915,404.7914363869463,51.06057642004417,543.7418879735758,144.9251888186306,475.8214808841491,46.62448864072984,846.5609820033261,59.50321662014451,5.062834669263914,29,19,302.1134704995491,0.475,-0.20718370378017426,0.01853133924305439,0.09380441159009933,0.3055195212364197,0.16862349212169647,-0.09158311039209366,0.08950691670179367,-0.2243649810552597,-0.151502788066864,-0.10456757992506027,0.05769587308168411,-0.04112328216433525,-0.08085259795188904,0.1446770280599594,0.12276722490787506,-0.17694050073623657
Ludhiana,Punjab,2017,ALMT1_Tolerant,Aluminium_Toxicity,8.855196689191219,3463.502525810734,0,No Payout,0.88,7.4,2.0,0.0,0.0,21.0,7.9,1.37,29.0,0.0915,404.7140011176007,63.45250340057395,545.4364060380161,75.4709701395802,471.44068967732176,1.3105859507739828,801.5933808542264,76.8157199746978,0.0,14,27,217.04977946562593,0.675,-0.4537000060081482,-0.571183443069458,0.2712506353855133,0.5567675828933716,-0.11112017929553986,-0.12277822941541672,0.14524847269058228,0.11068610101938248,-0.07873772084712982,0.1910332292318344,0.48777616024017334,0.18675024807453156,0.05086051672697067,-0.2221333533525467,0.16239656507968903,0.13685879111289978
Ludhiana,Punjab,2017,ALMT1_Sensitive,Aluminium_Toxicity,5.3780435987429955,3595.634343247766,0,No Payout,0.32,7.4,2.0,0.0,0.0,21.0,7.9,1.37,29.0,0.0915,404.7140011176007,63.45250340057395,545.4364060380161,75.4709701395802,471.44068967732176,1.3105859507739828,801.5933808542264,76.8157199746978,0.0,14,27,217.04977946562593,0.675,-0.4094317853450775,-0.5999096632003784,0.296453058719635,0.5143894553184509,-0.11339632421731949,-0.11340825259685516,0.11905470490455627,0.011642052792012691,-0.14638188481330872,0.19061347842216492,0.42442217469215393,0.17834866046905518,0.07455034554004669,-0.14225496351718903,0.08594279736280441,0.12387453019618988
Ludhiana,Punjab,2017,HSP70_Thermotolerant,Heat_Shock,9.71907660733172,3430.6750889213945,0,No Payout,0.85,7.4,2.0,0.0,0.0,21.0,7.9,1.37,29.0,0.0915,404.7140011176007,63.45250340057395,545.4364060380161,75.4709701395802,471.44068967732176,1.3105859507739828,801.5933808542264,76.8157199746978,0.0,14,27,217.04977946562593,0.675,-0.1781480759382248,-0.03567666932940483,0.004815968684852123,0.28925102949142456,0.2118031084537506,-0.06275853514671326,0.20612309873104095,-0.11461903154850006,-0.22532889246940613,-0.06398181617259979,0.082065150141716,0.05212364345788956,-0.17094039916992188,0.14735427498817444,0.1699899435043335,-0.22095514833927155
Ludhiana,Punjab,2017,HSP70_Sensitive,Heat_Shock,2.50273402973635,3704.8961068700187,0,No Payout,0.38,7.4,2.0,0.0,0.0,21.0,7.9,1.37,29.0,0.0915,404.7140011176007,63.45250340057395,545.4364060380161,75.4709701395802,471.44068967732176,1.3105859507739828,801.5933808542264,76.8157199746978,0.0,14,27,217.04977946562593,0.675,-0.20718370378017426,0.01853133924305439,0.09380441159009933,0.3055195212364197,0.16862349212169647,-0.09158311039209366,0.08950691670179367,-0.2243649810552597,-0.151502788066864,-0.10456757992506027,0.05769587308168411,-0.04112328216433525,-0.08085259795188904,0.1446770280599594,0.12276722490787506,-0.17694050073623657
Ludhiana,Punjab,2018,ALMT1_Tolerant,Aluminium_Toxicity,6.9249367579916346,3536.8524031963175,0,No Payout,0.88,7.4,2.0,0.0,0.0,21.0,7.9,1.37,29.0,0.0915,405.92331634434555,32.02088605309425,555.9774188733402,2.2033269306037626,458.53260787680745,18.0058683845371,786.3657893166936,53.10343094615736,0.0,14,15,105.33351231439246,0.375,-0.4537000060081482,-0.571183443069458,0.2712506353855133,0.5567675828933716,-0.11112017929553986,-0.12277822941541672,0.14524847269058228,0.11068610101938248,-0.07873772084712982,0.1910332292318344,0.48777616024017334,0.18675024807453156,0.05086051672697067,-0.2221333533525467,0.16239656507968903,0.13685879111289978
Ludhiana,Punjab,2018,ALMT1_Sensitive,Aluminium_Toxicity,6.9641827573977855,3535.3610552188843,0,No Payout,0.32,7.4,2.0,0.0,0.0,21.0,7.9,1.37,29.0,0.0915,405.92331634434555,32.02088605309425,555.9774188733402,2.2033269306037626,458.53260787680745,18.0058683845371,786.3657893166936,53.10343094615736,0.0,14,15,105.33351231439246,0.375,-0.4094317853450775,-0.5999096632003784,0.296453058719635,0.5143894553184509,-0.11339632421731949,-0.11340825259685516,0.11905470490455627,0.011642052792012691,-0.14638188481330872,0.19061347842216492,0.42442217469215393,0.17834866046905518,0.07455034554004669,-0.14225496351718903,0.08594279736280441,0.12387453019618988
Ludhiana,Punjab,2018,HSP70_Thermotolerant,Heat_Shock,0.0,3800.0,0,No Payout,0.85,7.4,2.0,0.0,0.0,21.0,7.9,1.37,29.0,0.0915,405.92331634434555,32.02088605309425,555.9774188733402,2.2033269306037626,458.53260787680745,18.0058683845371,786.3657893166936,53.10343094615736,0.0,14,15,105.33351231439246,0.375,-0.1781480759382248,-0.03567666932940483,0.004815968684852123,0.28925102949142456,0.2118031084537506,-0.06275853514671326,0.20612309873104095,-0.11461903154850006,-0.22532889246940613,-0.06398181617259979,0.082065150141716,0.05212364345788956,-0.17094039916992188,0.14735427498817444,0.1699899435043335,-0.22095514833927155
Ludhiana,Punjab,2018,HSP70_Sensitive,Heat_Shock,1.8060584200568948,3731.3697800378377,0,No Payout,0.38,7.4,2.0,0.0,0.0,21.0,7.9,1.37,29.0,0.0915,405.92331634434555,32.02088605309425,555.9774188733402,2.2033269306037626,458.53260787680745,18.0058683845371,786.3657893166936,53.10343094615736,0.0,14,15,105.33351231439246,0.375,-0.20718370378017426,0.01853133924305439,0.09380441159009933,0.3055195212364197,0.16862349212169647,-0.09158311039209366,0.08950691670179367,-0.2243649810552597,-0.151502788066864,-0.10456757992506027,0.05769587308168411,-0.04112328216433525,-0.08085259795188904,0.1446770280599594,0.12276722490787506,-0.17694050073623657
Ludhiana,Punjab,2019,ALMT1_Tolerant,Aluminium_Toxicity,2.8264509938287787,3692.5948622345063,0,No Payout,0.88,7.4,2.0,0.0,0.0,21.0,7.9,1.37,29.0,0.0915,409.47672187701875,1.744676059532386,543.6879842234846,29.77826956043626,467.78192143131474,64.57225560141161,780.8838385618553,41.93669651491706,0.0,9,16,138.0318977362973,0.4,-0.4537000060081482,-0.571183443069458,0.2712506353855133,0.5567675828933716,-0.11112017929553986,-0.12277822941541672,0.14524847269058228,0.11068610101938248,-0.07873772084712982,0.1910332292318344,0.48777616024017334,0.18675024807453156,0.05086051672697067,-0.2221333533525467,0.16239656507968903,0.13685879111289978
Ludhiana,Punjab,2019,ALMT1_Sensitive,Aluminium_Toxicity,1.7234907189006627,3734.5073526817746,0,No Payout,0.32,7.4,2.0,0.0,0.0,21.0,7.9,1.37,29.0,0.0915,409.47672187701875,1.744676059532386,543.6879842234846,29.77826956043626,467.78192143131474,64.57225560141161,780.8838385618553,41.93669651491706,0.0,9,16,138.0318977362973,0.4,-0.4094317853450775,-0.5999096632003784,0.296453058719635,0.5143894553184509,-0.11339632421731949,-0.11340825259685516,0.11905470490455627,0.011642052792012691,-0.14638188481330872,0.19061347842216492,0.42442217469215393,0.17834866046905518,0.07455034554004669,-0.14225496351718903,0.08594279736280441,0.12387453019618988
Ludhiana,Punjab,2019,HSP70_Thermotolerant,Heat_Shock,3.052848636806458,3683.9917518013544,0,No Payout,0.85,7.4,2.0,0.0,0.0,21.0,7.9,1.37,29.0,0.0915,409.47672187701875,1.744676059532386,543.6879842234846,29.77826956043626,467.78192143131474,64.57225560141161,780.8838385618553,41.93669651491706,0.0,9,16,138.0318977362973,0.4,-0.1781480759382248,-0.03567666932940483,0.004815968684852123,0.28925102949142456,0.2118031084537506,-0.06275853514671326,0.20612309873104095,-0.11461903154850006,-0.22532889246940613,-0.06398181617259979,0.082065150141716,0.05212364345788956,-0.17094039916992188,0.14735427498817444,0.1699899435043335,-0.22095514833927155
Ludhiana,Punjab,2019,HSP70_Sensitive,Heat_Shock,0.0,3800.0,0,No Payout,0.38,7.4,2.0,0.0,0.0,21.0,7.9,1.37,29.0,0.0915,409.47672187701875,1.744676059532386,543.6879842234846,29.77826956043626,467.78192143131474,64.57225560141161,780.8838385618553,41.93669651491706,0.0,9,16,138.0318977362973,0.4,-0.20718370378017426,0.01853133924305439,0.09380441159009933,0.3055195212364197,0.16862349212169647,-0.09158311039209366,0.08950691670179367,-0.2243649810552597,-0.151502788066864,-0.10456757992506027,0.05769587308168411,-0.04112328216433525,-0.08085259795188904,0.1446770280599594,0.12276722490787506,-0.17694050073623657
Ludhiana,Punjab,2020,ALMT1_Tolerant,Aluminium_Toxicity,1.6309442272305068,3738.024119365241,0,No Payout,0.88,7.4,2.0,0.0,0.0,21.0,7.9,1.37,29.0,0.0915,398.909254513811,0.0,548.0333306852262,181.84012984345048,461.9153054436438,47.70269620773168,787.2579415746649,41.644086875054455,0.333821328970501,13,20,271.18691292623663,0.5,-0.4537000060081482,-0.571183443069458,0.2712506353855133,0.5567675828933716,-0.11112017929553986,-0.12277822941541672,0.14524847269058228,0.11068610101938248,-0.07873772084712982,0.1910332292318344,0.48777616024017334,0.18675024807453156,0.05086051672697067,-0.2221333533525467,0.16239656507968903,0.13685879111289978
Ludhiana,Punjab,2020,ALMT1_Sensitive,Aluminium_Toxicity,3.9606569146437254,3649.4950372435387,0,No Payout,0.32,7.4,2.0,0.0,0.0,21.0,7.9,1.37,29.0,0.0915,398.909254513811,0.0,548.0333306852262,181.84012984345048,461.9153054436438,47.70269620773168,787.2579415746649,41.644086875054455,0.333821328970501,13,20,271.18691292623663,0.5,-0.4094317853450775,-0.5999096632003784,0.296453058719635,0.5143894553184509,-0.11339632421731949,-0.11340825259685516,0.11905470490455627,0.011642052792012691,-0.14638188481330872,0.19061347842216492,0.42442217469215393,0.17834866046905518,0.07455034554004669,-0.14225496351718903,0.08594279736280441,0.12387453019618988
Ludhiana,Punjab,2020,HSP70_Thermotolerant,Heat_Shock,2.451795079119158,3706.831786993472,0,No Payout,0.85,7.4,2.0,0.0,0.0,21.0,7.9,1.37,29.0,0.0915,398.909254513811,0.0,548.0333306852262,181.84012984345048,461.9153054436438,47.70269620773168,787.2579415746649,41.644086875054455,0.333821328970501,13,20,271.18691292623663,0.5,-0.1781480759382248,-0.03567666932940483,0.004815968684852123,0.28925102949142456,0.2118031084537506,-0.06275853514671326,0.20612309873104095,-0.11461903154850006,-0.22532889246940613,-0.06398181617259979,0.082065150141716,0.05212364345788956,-0.17094039916992188,0.14735427498817444,0.1699899435043335,-0.22095514833927155
Ludhiana,Punjab,2020,HSP70_Sensitive,Heat_Shock,1.5205032669596743,3742.2208758555325,0,No Payout,0.38,7.4,2.0,0.0,0.0,21.0,7.9,1.37,29.0,0.0915,398.909254513811,0.0,548.0333306852262,181.84012984345048,461.9153054436438,47.70269620773168,787.2579415746649,41.644086875054455,0.333821328970501,13,20,271.18691292623663,0.5,-0.20718370378017426,0.01853133924305439,0.09380441159009933,0.3055195212364197,0.16862349212169647,-0.09158311039209366,0.08950691670179367,-0.2243649810552597,-0.151502788066864,-0.10456757992506027,0.05769587308168411,-0.04112328216433525,-0.08085259795188904,0.1446770280599594,0.12276722490787506,-0.17694050073623657
Ludhiana,Punjab,2021,ALMT1_Tolerant,Aluminium_Toxicity,9.215195834928005,3449.822558272736,0,No Payout,0.88,7.4,2.0,0.0,0.0,21.0,7.9,1.37,29.0,0.0915,404.558234943045,88.63590156743558,537.6332088683047,26.066977817033713,479.1055148880947,49.40250375460411,852.82657383303,25.764568721502297,16.416324699192824,28,25,189.86995186057572,0.625,-0.4537000060081482,-0.571183443069458,0.2712506353855133,0.5567675828933716,-0.11112017929553986,-0.12277822941541672,0.14524847269058228,0.11068610101938248,-0.07873772084712982,0.1910332292318344,0.48777616024017334,0.18675024807453156,0.05086051672697067,-0.2221333533525467,0.16239656507968903,0.13685879111289978
Ludhiana,Punjab,2021,ALMT1_Sensitive,Aluminium_Toxicity,8.400203136109102,3480.7922808278545,0,No Payout,0.32,7.4,2.0,0.0,0.0,21.0,7.9,1.37,29.0,0.0915,404.558234943045,88.63590156743558,537.6332088683047,26.066977817033713,479.1055148880947,49.40250375460411,852.82657383303,25.764568721502297,16.416324699192824,28,25,189.86995186057572,0.625,-0.4094317853450775,-0.5999096632003784,0.296453058719635,0.5143894553184509,-0.11339632421731949,-0.11340825259685516,0.11905470490455627,0.011642052792012691,-0.14638188481330872,0.19061347842216492,0.42442217469215393,0.17834866046905518,0.07455034554004669,-0.14225496351718903,0.08594279736280441,0.12387453019618988
Ludhiana,Punjab,2021,HSP70_Thermotolerant,Heat_Shock,8.318521814926262,3483.896171032802,0,No Payout,0.85,7.4,2.0,0.0,0.0,21.0,7.9,1.37,29.0,0.0915,404.558234943045,88.63590156743558,537.6332088683047,26.066977817033713,479.1055148880947,49.40250375460411,852.82657383303,25.764568721502297,16.416324699192824,28,25,189.86995186057572,0.625,-0.1781480759382248,-0.03567666932940483,0.004815968684852123,0.28925102949142456,0.2118031084537506,-0.06275853514671326,0.20612309873104095,-0.11461903154850006,-0.22532889246940613,-0.06398181617259979,0.082065150141716,0.05212364345788956,-0.17094039916992188,0.14735427498817444,0.1699899435043335,-0.22095514833927155
Ludhiana,Punjab,2021,HSP70_Sensitive,Heat_Shock,15.307381532437295,3218.319501767383,1,Partial Claim (50%),0.38,7.4,2.0,0.0,0.0,21.0,7.9,1.37,29.0,0.0915,404.558234943045,88.63590156743558,537.6332088683047,26.066977817033713,479.1055148880947,49.40250375460411,852.82657383303,25.764568721502297,16.416324699192824,28,25,189.86995186057572,0.625,-0.20718370378017426,0.01853133924305439,0.09380441159009933,0.3055195212364197,0.16862349212169647,-0.09158311039209366,0.08950691670179367,-0.2243649810552597,-0.151502788066864,-0.10456757992506027,0.05769587308168411,-0.04112328216433525,-0.08085259795188904,0.1446770280599594,0.12276722490787506,-0.17694050073623657
Ludhiana,Punjab,2022,ALMT1_Tolerant,Aluminium_Toxicity,3.0257568427632875,3685.0212399749953,0,No Payout,0.88,7.4,2.0,0.0,0.0,21.0,7.9,1.37,29.0,0.0915,406.2193411482311,72.82122593112751,539.1912301787461,47.53048836108002,459.98190186296773,40.04500659419158,862.4783164530963,27.621099599711155,8.318189416388815,27,14,188.01782048611028,0.35,-0.4537000060081482,-0.571183443069458,0.2712506353855133,0.5567675828933716,-0.11112017929553986,-0.12277822941541672,0.14524847269058228,0.11068610101938248,-0.07873772084712982,0.1910332292318344,0.48777616024017334,0.18675024807453156,0.05086051672697067,-0.2221333533525467,0.16239656507968903,0.13685879111289978
Ludhiana,Punjab,2022,ALMT1_Sensitive,Aluminium_Toxicity,12.414863758626577,3328.23517717219,0,No Payout,0.32,7.4,2.0,0.0,0.0,21.0,7.9,1.37,29.0,0.0915,406.2193411482311,72.82122593112751,539.1912301787461,47.53048836108002,459.98190186296773,40.04500659419158,862.4783164530963,27.621099599711155,8.318189416388815,27,14,188.01782048611028,0.35,-0.4094317853450775,-0.5999096632003784,0.296453058719635,0.5143894553184509,-0.11339632421731949,-0.11340825259685516,0.11905470490455627,0.011642052792012691,-0.14638188481330872,0.19061347842216492,0.42442217469215393,0.17834866046905518,0.07455034554004669,-0.14225496351718903,0.08594279736280441,0.12387453019618988
Ludhiana,Punjab,2022,HSP70_Thermotolerant,Heat_Shock,5.532810052216563,3589.7532180157705,0,No Payout,0.85,7.4,2.0,0.0,0.0,21.0,7.9,1.37,29.0,0.0915,406.2193411482311,72.82122593112751,539.1912301787461,47.53048836108002,459.98190186296773,40.04500659419158,862.4783164530963,27.621099599711155,8.318189416388815,27,14,188.01782048611028,0.35,-0.1781480759382248,-0.03567666932940483,0.004815968684852123,0.28925102949142456,0.2118031084537506,-0.06275853514671326,0.20612309873104095,-0.11461903154850006,-0.22532889246940613,-0.06398181617259979,0.082065150141716,0.05212364345788956,-0.17094039916992188,0.14735427498817444,0.1699899435043335,-0.22095514833927155
Ludhiana,Punjab,2022,HSP70_Sensitive,Heat_Shock,5.787470096396333,3580.0761363369393,0,No Payout,0.38,7.4,2.0,0.0,0.0,21.0,7.9,1.37,29.0,0.0915,406.2193411482311,72.82122593112751,539.1912301787461,47.53048836108002,459.98190186296773,40.04500659419158,862.4783164530963,27.621099599711155,8.318189416388815,27,14,188.01782048611028,0.35,-0.20718370378017426,0.01853133924305439,0.09380441159009933,0.3055195212364197,0.16862349212169647,-0.09158311039209366,0.08950691670179367,-0.2243649810552597,-0.151502788066864,-0.10456757992506027,0.05769587308168411,-0.04112328216433525,-0.08085259795188904,0.1446770280599594,0.12276722490787506,-0.17694050073623657
Ludhiana,Punjab,2023,ALMT1_Tolerant,Aluminium_Toxicity,6.393170140186785,3557.059534672902,0,No Payout,0.88,7.4,2.0,0.0,0.0,21.0,7.9,1.37,29.0,0.0915,412.53919608564973,42.996275469037,551.8957972212697,106.22859678668078,458.6020604702295,2.889513628273002,799.1095068911347,52.00468831517926,0.0,14,33,204.11907419917003,0.825,-0.4537000060081482,-0.571183443069458,0.2712506353855133,0.5567675828933716,-0.11112017929553986,-0.12277822941541672,0.14524847269058228,0.11068610101938248,-0.07873772084712982,0.1910332292318344,0.48777616024017334,0.18675024807453156,0.05086051672697067,-0.2221333533525467,0.16239656507968903,0.13685879111289978
Ludhiana,Punjab,2023,ALMT1_Sensitive,Aluminium_Toxicity,1.7702519025859687,3732.730427701733,0,No Payout,0.32,7.4,2.0,0.0,0.0,21.0,7.9,1.37,29.0,0.0915,412.53919608564973,42.996275469037,551.8957972212697,106.22859678668078,458.6020604702295,2.889513628273002,799.1095068911347,52.00468831517926,0.0,14,33,204.11907419917003,0.825,-0.4094317853450775,-0.5999096632003784,0.296453058719635,0.5143894553184509,-0.11339632421731949,-0.11340825259685516,0.11905470490455627,0.011642052792012691,-0.14638188481330872,0.19061347842216492,0.42442217469215393,0.17834866046905518,0.07455034554004669,-0.14225496351718903,0.08594279736280441,0.12387453019618988
Ludhiana,Punjab,2023,HSP70_Thermotolerant,Heat_Shock,0.5499981328546184,3779.1000709515242,0,No Payout,0.85,7.4,2.0,0.0,0.0,21.0,7.9,1.37,29.0,0.0915,412.53919608564973,42.996275469037,551.8957972212697,106.22859678668078,458.6020604702295,2.889513628273002,799.1095068911347,52.00468831517926,0.0,14,33,204.11907419917003,0.825,-0.1781480759382248,-0.03567666932940483,0.004815968684852123,0.28925102949142456,0.2118031084537506,-0.06275853514671326,0.20612309873104095,-0.11461903154850006,-0.22532889246940613,-0.06398181617259979,0.082065150141716,0.05212364345788956,-0.17094039916992188,0.14735427498817444,0.1699899435043335,-0.22095514833927155
Ludhiana,Punjab,2023,HSP70_Sensitive,Heat_Shock,4.8126839047836185,3617.118011618222,0,No Payout,0.38,7.4,2.0,0.0,0.0,21.0,7.9,1.37,29.0,0.0915,412.53919608564973,42.996275469037,551.8957972212697,106.22859678668078,458.6020604702295,2.889513628273002,799.1095068911347,52.00468831517926,0.0,14,33,204.11907419917003,0.825,-0.20718370378017426,0.01853133924305439,0.09380441159009933,0.3055195212364197,0.16862349212169647,-0.09158311039209366,0.08950691670179367,-0.2243649810552597,-0.151502788066864,-0.10456757992506027,0.05769587308168411,-0.04112328216433525,-0.08085259795188904,0.1446770280599594,0.12276722490787506,-0.17694050073623657
